TIMESTAMP             | TID   | EVENT | SIZE (KB) | CURRENT TID RSS (KB) | PFN | REQ_ID_PARAM
----------------------------------------------------------------------------------------------------------------
05:28:15.196195 | 9935  | ALLOC |      4.00 |                 4.00 | 3698340 |                N/A
05:28:15.252440 | 9935  | ALLOC |   2048.00 |              2052.00 | 3702784 |                N/A
05:28:15.252447 | 9935  | ALLOC |      4.00 |              2056.00 | 3549037 |                N/A
05:28:15.352029 | 9945  | ALLOC |      4.00 |                 4.00 | 3030900 |                N/A
05:28:15.433873 | 9977  | ALLOC |      4.00 |                 4.00 | 3262018 |                N/A
05:28:15.970859 | 9979  | ALLOC |      4.00 |                 4.00 | 3008685 |                N/A
05:28:16.000671 | 9940  | ALLOC |      4.00 |                 4.00 | 2862101 |                N/A
05:28:16.145393 | 9937  | ALLOC |   2048.00 |              2048.00 | 3296768 |                N/A
05:28:16.145401 | 9937  | ALLOC |      4.00 |              2052.00 | 3526241 |                N/A
05:28:16.297570 | 9937  | ALLOC |      4.00 |              2056.00 | 3291103 |                N/A
05:28:16.434883 | 9976  | ALLOC |      4.00 |                 4.00 | 3706073 |                N/A
05:28:16.457125 | 9940  | ALLOC |   2048.00 |              2052.00 | 3737088 |                N/A
05:28:16.457133 | 9940  | ALLOC |      4.00 |              2056.00 | 3589859 |                N/A
05:28:16.457998 | 9938  | ALLOC |      4.00 |                 4.00 | 2681453 |                N/A
05:28:16.458018 | 9939  | ALLOC |      4.00 |                 4.00 | 3115699 |                N/A
05:28:16.553814 | 9938  | ALLOC |   2048.00 |              2052.00 | 3676672 |                N/A
05:28:16.553821 | 9938  | ALLOC |      4.00 |              2056.00 | 3328832 |                N/A
05:28:16.609121 | 9937  | ALLOC |      4.00 |              2060.00 | 1817688 |                N/A
05:28:19.324669 | 10084 | ALLOC |      4.00 |                 4.00 | 3711118 |                N/A
05:28:19.324682 | 10084 | ALLOC |      4.00 |                 8.00 | 3711117 |                N/A
05:28:19.324691 | 10084 | ALLOC |      4.00 |                12.00 | 3711116 |                N/A
05:28:19.324729 | 10084 | ALLOC |      4.00 |                16.00 | 3711115 |                N/A
05:28:19.324734 | 10084 | ALLOC |      4.00 |                20.00 | 3711114 |                N/A
05:28:19.324919 | 10084 | ALLOC |      4.00 |                24.00 | 3711113 |                N/A
05:28:19.325315 | 10084 | ALLOC |      4.00 |                28.00 | 3711112 |                N/A
05:28:19.325319 | 10084 | ALLOC |      4.00 |                32.00 | 3711111 |                N/A
05:28:19.325850 | 10084 | ALLOC |      4.00 |                36.00 | 3711110 |                N/A
05:28:19.326134 | 10084 | ALLOC |      4.00 |                40.00 | 3711109 |                N/A
05:28:19.326138 | 10084 | ALLOC |      4.00 |                44.00 | 3711108 |                N/A
05:28:19.326372 | 10084 | ALLOC |      4.00 |                48.00 | 3711107 |                N/A
05:28:19.326565 | 10084 | ALLOC |      4.00 |                52.00 | 3711106 |                N/A
05:28:19.326570 | 10084 | ALLOC |      4.00 |                56.00 | 3711105 |                N/A
05:28:19.326779 | 10084 | ALLOC |      4.00 |                60.00 | 3711104 |                N/A
05:28:19.326955 | 10084 | ALLOC |      4.00 |                64.00 | 3722751 |                N/A
05:28:19.326995 | 10084 | ALLOC |      4.00 |                68.00 | 3722750 |                N/A
05:28:19.327035 | 10084 | ALLOC |      4.00 |                72.00 | 3722749 |                N/A
05:28:19.327170 | 10084 | ALLOC |     16.00 |                88.00 | 3726072 |                N/A
05:28:19.327191 | 10084 | ALLOC |      4.00 |                92.00 | 3722748 |                N/A
05:28:19.327197 | 10084 | ALLOC |      4.00 |                96.00 | 3722747 |                N/A
05:28:20.324682 | 10123 | ALLOC |      4.00 |                 4.00 | 3035470 |                N/A
05:28:20.324695 | 10123 | ALLOC |      4.00 |                 8.00 | 3729228 |                N/A
05:28:20.324704 | 10123 | ALLOC |      4.00 |                12.00 | 3729225 |                N/A
05:28:20.324717 | 10123 | ALLOC |      4.00 |                16.00 | 3729218 |                N/A
05:28:20.324758 | 10123 | ALLOC |      4.00 |                20.00 | 3729200 |                N/A
05:28:20.324763 | 10123 | ALLOC |      4.00 |                24.00 | 3726211 |                N/A
05:28:20.324951 | 10123 | ALLOC |      4.00 |                28.00 | 3726209 |                N/A
05:28:20.324700 | 10128 | ALLOC |      4.00 |                 4.00 | 3724507 |                N/A
05:28:20.324863 | 10100 | ALLOC |      4.00 |                 4.00 | 3693792 |                N/A
05:28:20.324913 | 10100 | ALLOC |      4.00 |                 8.00 | 3247417 |                N/A
05:28:20.324918 | 10100 | ALLOC |      4.00 |                12.00 | 1695870 |                N/A
05:28:20.324771 | 10129 | ALLOC |      4.00 |                 4.00 | 2222293 |                N/A
05:28:20.324822 | 10129 | ALLOC |      4.00 |                 8.00 | 2178420 |                N/A
05:28:20.324827 | 10129 | ALLOC |      4.00 |                12.00 | 1797065 |                N/A
05:28:20.325466 | 10129 | ALLOC |      4.00 |                16.00 | 3023349 |                N/A
05:28:20.325355 | 10123 | ALLOC |      4.00 |                32.00 | 3729185 |                N/A
05:28:20.325360 | 10123 | ALLOC |      4.00 |                36.00 | 2151339 |                N/A
05:28:20.325493 | 10100 | ALLOC |      4.00 |                16.00 | 2958656 |                N/A
05:28:20.325911 | 10123 | ALLOC |      4.00 |                40.00 | 3699707 |                N/A
05:28:20.326302 | 10100 | ALLOC |      4.00 |                20.00 | 3022688 |                N/A
05:28:20.326347 | 10129 | ALLOC |      4.00 |                20.00 | 3264263 |                N/A
05:28:20.326197 | 10123 | ALLOC |      4.00 |                44.00 | 3699705 |                N/A
05:28:20.326202 | 10123 | ALLOC |      4.00 |                48.00 | 1906227 |                N/A
05:28:20.326368 | 10123 | ALLOC |      4.00 |                52.00 | 3730022 |                N/A
05:28:20.326543 | 10123 | ALLOC |      4.00 |                56.00 | 1912629 |                N/A
05:28:20.326553 | 10123 | ALLOC |      4.00 |                60.00 | 3672825 |                N/A
05:28:20.326591 | 10100 | ALLOC |      4.00 |                24.00 | 3668003 |                N/A
05:28:20.326778 | 10100 | ALLOC |      4.00 |                28.00 | 3730872 |                N/A
05:28:20.326782 | 10100 | ALLOC |      4.00 |                32.00 | 3729890 |                N/A
05:28:20.326981 | 10100 | ALLOC |      4.00 |                36.00 | 3707253 |                N/A
05:28:20.326697 | 10129 | ALLOC |      4.00 |                24.00 | 3137105 |                N/A
05:28:20.326904 | 10129 | ALLOC |      4.00 |                28.00 | 3647867 |                N/A
05:28:20.326909 | 10129 | ALLOC |      4.00 |                32.00 | 2863002 |                N/A
05:28:20.326759 | 10123 | ALLOC |      4.00 |                64.00 | 1907914 |                N/A
05:28:20.327052 | 10123 | ALLOC |      4.00 |                68.00 | 2979816 |                N/A
05:28:20.327092 | 10123 | ALLOC |      4.00 |                72.00 | 3672574 |                N/A
05:28:20.327132 | 10123 | ALLOC |      4.00 |                76.00 | 3679581 |                N/A
05:28:20.327338 | 10100 | ALLOC |     16.00 |                52.00 | 3334156 |                N/A
05:28:20.327354 | 10100 | ALLOC |      4.00 |                56.00 | 3333165 |                N/A
05:28:20.327360 | 10100 | ALLOC |      4.00 |                60.00 | 3666100 |                N/A
05:28:20.327142 | 10129 | ALLOC |      4.00 |                36.00 | 3453621 |                N/A
05:28:20.327531 | 10129 | ALLOC |     16.00 |                52.00 | 3686056 |                N/A
05:28:20.327551 | 10129 | ALLOC |      4.00 |                56.00 | 3690594 |                N/A
05:28:20.327559 | 10129 | ALLOC |      4.00 |                60.00 | 3712215 |                N/A
05:28:20.327006 | 10124 | ALLOC |      4.00 |                 4.00 | 3148786 |                N/A
05:28:20.327342 | 10124 | ALLOC |     16.00 |                20.00 | 3724848 |                N/A
05:28:20.327358 | 10124 | ALLOC |      4.00 |                24.00 | 1960067 |                N/A
05:28:20.327363 | 10124 | ALLOC |      4.00 |                28.00 | 1960066 |                N/A
05:28:20.327441 | 10123 | ALLOC |     16.00 |                92.00 | 3595260 |                N/A
05:28:20.327462 | 10123 | ALLOC |      8.00 |               100.00 | 3662054 |                N/A
05:28:20.327469 | 10123 | ALLOC |      4.00 |               104.00 | 2872183 |                N/A
05:28:20.327203 | 10128 | ALLOC |     16.00 |                20.00 | 3663048 |                N/A
05:28:20.327231 | 10128 | ALLOC |      4.00 |                24.00 | 3682741 |                N/A
05:28:20.327237 | 10128 | ALLOC |      4.00 |                28.00 | 3524848 |                N/A
05:28:29.327066 | 10084 | ALLOC |     16.00 |               112.00 | 3745892 |                N/A
05:28:29.327096 | 10084 | ALLOC |      4.00 |               116.00 | 3725226 |                N/A
05:28:29.327102 | 10084 | ALLOC |      4.00 |               120.00 | 3250836 |                N/A
05:28:29.327187 | 10084 | FREE  |     16.00 |               104.00 | 3726072 |                N/A
05:28:29.327191 | 10084 | FREE  |      4.00 |               100.00 | 3722748 |                N/A
05:28:29.327193 | 10084 | FREE  |      4.00 |                96.00 | 3722747 |                N/A
05:28:30.324853 | 10124 | ALLOC |      4.00 |                32.00 | 3669244 |                N/A
05:28:30.327276 | 10100 | ALLOC |     16.00 |                76.00 | 3726360 |                N/A
05:28:30.327302 | 10100 | ALLOC |      4.00 |                80.00 | 1297364 |                N/A
05:28:30.327308 | 10100 | ALLOC |      4.00 |                84.00 | 3679498 |                N/A
05:28:30.327404 | 10100 | FREE  |     16.00 |                68.00 | 3334156 |                N/A
05:28:30.327407 | 10100 | FREE  |      4.00 |                64.00 | 3333165 |                N/A
05:28:30.327409 | 10100 | FREE  |      4.00 |                60.00 | 3666100 |                N/A
05:28:30.327275 | 10124 | ALLOC |     16.00 |                48.00 | 3670480 |                N/A
05:28:30.327297 | 10124 | ALLOC |      4.00 |                52.00 | 3707158 |                N/A
05:28:30.327303 | 10124 | ALLOC |      4.00 |                56.00 | 3698654 |                N/A
05:28:30.327405 | 10124 | FREE  |     16.00 |                40.00 | 3724848 |                N/A
05:28:30.327408 | 10124 | FREE  |      4.00 |                36.00 | 1960067 |                N/A
05:28:30.327410 | 10124 | FREE  |      4.00 |                32.00 | 1960066 |                N/A
05:28:30.327544 | 10123 | ALLOC |     16.00 |               120.00 | 3710312 |                N/A
05:28:30.327568 | 10123 | ALLOC |      8.00 |               128.00 | 2961582 |                N/A
05:28:30.327575 | 10123 | ALLOC |      4.00 |               132.00 | 3722703 |                N/A
05:28:30.327641 | 10123 | FREE  |     16.00 |               116.00 | 3595260 |                N/A
05:28:30.327644 | 10123 | FREE  |      8.00 |               108.00 | 3662054 |                N/A
05:28:30.327646 | 10123 | FREE  |      4.00 |               104.00 | 2872183 |                N/A
05:28:30.327740 | 10129 | ALLOC |     16.00 |                76.00 | 3733660 |                N/A
05:28:30.327760 | 10129 | ALLOC |      4.00 |                80.00 | 2423769 |                N/A
05:28:30.327767 | 10129 | ALLOC |      4.00 |                84.00 | 2969356 |                N/A
05:28:30.327848 | 10129 | FREE  |     16.00 |                68.00 | 3686056 |                N/A
05:28:30.327852 | 10129 | FREE  |      4.00 |                64.00 | 3690594 |                N/A
05:28:30.327855 | 10129 | FREE  |      4.00 |                60.00 | 3712215 |                N/A
05:28:30.327446 | 10128 | ALLOC |     16.00 |                44.00 | 3653748 |                N/A
05:28:30.327500 | 10128 | ALLOC |      4.00 |                48.00 | 3021375 |                N/A
05:28:30.327507 | 10128 | ALLOC |      4.00 |                52.00 | 1862687 |                N/A
05:28:30.327599 | 10128 | FREE  |     16.00 |                36.00 | 3663048 |                N/A
05:28:30.327603 | 10128 | FREE  |      4.00 |                32.00 | 3682741 |                N/A
05:28:30.327605 | 10128 | FREE  |      4.00 |                28.00 | 3524848 |                N/A
05:28:37.694368 | 9429  | ALLOC |      4.00 |                 4.00 | 3683893 |                N/A
05:28:37.694385 | 9429  | ALLOC |      4.00 |                 8.00 | 3683894 |                N/A
05:28:37.694481 | 9429  | ALLOC |      4.00 |                12.00 | 3595699 |                N/A
05:28:37.694486 | 9429  | ALLOC |      4.00 |                16.00 | 3683895 |                N/A
05:28:37.694495 | 9429  | ALLOC |      8.00 |                24.00 | 3060686 |                N/A
05:28:37.694502 | 9429  | ALLOC |      4.00 |                28.00 | 3684216 |                N/A
05:28:37.694542 | 9429  | ALLOC |      4.00 |                32.00 | 3684217 |                N/A
05:28:37.694552 | 9429  | ALLOC |      4.00 |                36.00 | 3621636 |                N/A
05:28:37.694555 | 9429  | ALLOC |      4.00 |                40.00 | 3684218 |                N/A
05:28:37.694561 | 9429  | ALLOC |      4.00 |                44.00 | 3684219 |                N/A
05:28:37.694603 | 9429  | ALLOC |      4.00 |                48.00 | 3684220 |                N/A
05:28:37.694619 | 9429  | ALLOC |      4.00 |                52.00 | 3616715 |                N/A
05:28:37.694622 | 9429  | ALLOC |      4.00 |                56.00 | 3684221 |                N/A
05:28:37.694628 | 9429  | ALLOC |      4.00 |                60.00 | 3684222 |                N/A
05:28:37.694737 | 9429  | ALLOC |      4.00 |                64.00 | 1085680 |                N/A
05:28:37.694774 | 9429  | ALLOC |      4.00 |                68.00 | 3684223 |                N/A
05:28:37.694819 | 200636 | ALLOC |      8.00 |                 8.00 | 3222714 |                N/A
05:28:37.694835 | 200636 | ALLOC |      4.00 |                12.00 | 3633695 |                N/A
05:28:37.694712 | 200632 | ALLOC |      4.00 |                 4.00 | 3565285 | 386453419060398400
05:28:37.694715 | 200632 | ALLOC |      4.00 |                 8.00 | 3635116 | 386453419060398400
05:28:37.694774 | 200632 | ALLOC |      4.00 |                12.00 | 3678939 | 386453419060398400
05:28:37.694791 | 200632 | ALLOC |      4.00 |                16.00 | 3678940 | 386453419060398400
05:28:37.694803 | 200632 | ALLOC |      4.00 |                20.00 | 3678941 | 386453419060398400
05:28:37.694818 | 200632 | ALLOC |      4.00 |                24.00 | 3220676 | 386453419060398400
05:28:37.694874 | 200635 | ALLOC |      4.00 |                 8.00 | 3678942 |                N/A
05:28:37.694881 | 200635 | ALLOC |      4.00 |                12.00 | 3678943 |                N/A
05:28:37.694887 | 200635 | ALLOC |      4.00 |                16.00 | 3524640 |                N/A
05:28:37.694940 | 200635 | ALLOC |      4.00 |                20.00 | 3524641 |                N/A
05:28:37.694952 | 200635 | ALLOC |      4.00 |                24.00 | 3524642 |                N/A
05:28:37.694960 | 200635 | ALLOC |      4.00 |                28.00 | 3524643 |                N/A
05:28:37.694986 | 200635 | ALLOC |      4.00 |                32.00 | 3524644 |                N/A
05:28:37.695205 | 200635 | ALLOC |     32.00 |                64.00 | 3560288 |                N/A
05:28:37.694873 | 200637 | ALLOC |      4.00 |                 4.00 | 3719384 |                N/A
05:28:37.694916 | 200637 | ALLOC |      8.00 |                12.00 | 3472226 |                N/A
05:28:37.695270 | 9255  | ALLOC |      4.00 |                 4.00 | 3719385 |                N/A
05:28:37.695280 | 9255  | ALLOC |      4.00 |                 8.00 | 3719386 |                N/A
05:28:37.695334 | 9255  | ALLOC |      4.00 |                12.00 | 3368272 |                N/A
05:28:37.695337 | 9255  | ALLOC |      4.00 |                16.00 | 3719387 |                N/A
05:28:37.695350 | 9255  | ALLOC |      4.00 |                20.00 | 3719388 |                N/A
05:28:37.695387 | 9255  | ALLOC |      4.00 |                24.00 | 3719389 |                N/A
05:28:37.695405 | 9255  | ALLOC |      4.00 |                28.00 | 3719390 |                N/A
05:28:37.695411 | 9255  | ALLOC |      4.00 |                32.00 | 3719391 |                N/A
05:28:37.694507 | 200629 | ALLOC |      4.00 |                 4.00 | 3198146 | 546881539092688000
05:28:37.694513 | 200629 | ALLOC |      4.00 |                 8.00 | 3730833 | 546881539092688000
05:28:37.694551 | 200629 | ALLOC |      4.00 |                12.00 | 3730834 | 546881539092688000
05:28:37.694624 | 200629 | ALLOC |      4.00 |                16.00 | 3730835 | 546881539092688000
05:28:37.694655 | 200629 | ALLOC |      4.00 |                20.00 | 3653539 | 546881539092688000
05:28:37.694659 | 200629 | ALLOC |      4.00 |                24.00 | 3730836 | 546881539092688000
05:28:37.694711 | 200629 | ALLOC |      4.00 |                28.00 | 3730837 | 546881539092688000
05:28:37.694777 | 200629 | ALLOC |      4.00 |                32.00 | 3730838 | 546881539092688000
05:28:37.694876 | 200629 | ALLOC |      4.00 |                36.00 | 3730839 | 546881539092688000
05:28:37.694926 | 200629 | ALLOC |      4.00 |                40.00 | 3583745 | 546881539092688000
05:28:37.694929 | 200629 | ALLOC |      4.00 |                44.00 | 3730840 | 546881539092688000
05:28:37.694950 | 200629 | ALLOC |      4.00 |                48.00 | 3730841 | 546881539092688000
05:28:37.695007 | 200629 | ALLOC |      4.00 |                52.00 | 3525986 | 546881539092688000
05:28:37.695010 | 200629 | ALLOC |      4.00 |                56.00 | 3730842 | 546881539092688000
05:28:37.695029 | 200640 | ALLOC |      4.00 |                 4.00 | 3378419 |                N/A
05:28:37.694887 | 200636 | ALLOC |      4.00 |                16.00 | 3512257 |                N/A
05:28:37.694896 | 200636 | ALLOC |      4.00 |                20.00 | 3512258 |                N/A
05:28:37.694912 | 200636 | ALLOC |      4.00 |                24.00 | 3512259 |                N/A
05:28:37.694976 | 200636 | ALLOC |      4.00 |                28.00 | 3512260 |                N/A
05:28:37.694988 | 200636 | ALLOC |      4.00 |                32.00 | 3512261 |                N/A
05:28:37.694996 | 200636 | ALLOC |      4.00 |                36.00 | 3512262 |                N/A
05:28:37.695037 | 200636 | ALLOC |      4.00 |                40.00 | 3512263 |                N/A
05:28:37.695195 | 200636 | ALLOC |     32.00 |                72.00 | 3571176 |                N/A
05:28:37.695700 | 200650 | ALLOC |      4.00 |                44.00 | 3512264 | 710051034486130816,419530427290733440,806621659014988672,391200338986263424,1026330485038806528,241083423082069984
05:28:37.694733 | 200633 | ALLOC |      4.00 |                 4.00 | 3368401 |                N/A
05:28:37.694738 | 200633 | ALLOC |      4.00 |                 8.00 | 3724414 |                N/A
05:28:37.694746 | 200633 | ALLOC |      4.00 |                12.00 | 3724415 |                N/A
05:28:37.694755 | 200633 | ALLOC |      4.00 |                16.00 | 3666318 |                N/A
05:28:37.694816 | 200633 | ALLOC |      4.00 |                20.00 | 3666319 |                N/A
05:28:37.694831 | 200633 | ALLOC |      4.00 |                24.00 | 3683190 |                N/A
05:28:37.694840 | 200633 | ALLOC |      4.00 |                28.00 | 3683191 |                N/A
05:28:37.694868 | 200633 | ALLOC |      4.00 |                32.00 | 3683196 |                N/A
05:28:37.695195 | 200633 | ALLOC |     32.00 |                64.00 | 3618664 |                N/A
05:28:37.694885 | 200632 | ALLOC |      4.00 |                28.00 | 3684304 | 386453419060398400
05:28:37.694906 | 200632 | ALLOC |      4.00 |                32.00 | 3684305 | 386453419060398400
05:28:37.694953 | 200632 | ALLOC |      4.00 |                36.00 | 3618150 | 386453419060398400
05:28:37.694956 | 200632 | ALLOC |      4.00 |                40.00 | 3684306 | 386453419060398400
05:28:37.694999 | 200632 | ALLOC |      4.00 |                44.00 | 3684307 | 386453419060398400
05:28:37.695388 | 200649 | ALLOC |      8.00 |                 8.00 | 3646158 | 644551850738674432,562017487517019520,273078355749895200,16721190419364752,903922250823434368
05:28:37.695399 | 200649 | ALLOC |      4.00 |                12.00 | 3573391 | 644551850738674432,562017487517019520,273078355749895200,16721190419364752,903922250823434368
05:28:37.695402 | 200649 | ALLOC |      4.00 |                16.00 | 3684308 | 644551850738674432,562017487517019520,273078355749895200,16721190419364752,903922250823434368
05:28:37.695417 | 200649 | ALLOC |      4.00 |                20.00 | 3684309 | 644551850738674432,562017487517019520,273078355749895200,16721190419364752,903922250823434368
05:28:37.695430 | 200649 | ALLOC |      4.00 |                24.00 | 3684310 | 644551850738674432,562017487517019520,273078355749895200,16721190419364752,903922250823434368
05:28:37.695478 | 200649 | ALLOC |      4.00 |                28.00 | 3684311 | 644551850738674432,562017487517019520,273078355749895200,16721190419364752,903922250823434368
05:28:37.695534 | 200649 | ALLOC |      4.00 |                32.00 | 3645624 | 644551850738674432,562017487517019520,273078355749895200,16721190419364752,903922250823434368
05:28:37.695537 | 200649 | ALLOC |      4.00 |                36.00 | 3671792 | 644551850738674432,562017487517019520,273078355749895200,16721190419364752,903922250823434368
05:28:37.695544 | 200649 | ALLOC |      4.00 |                40.00 | 3671793 | 644551850738674432,562017487517019520,273078355749895200,16721190419364752,903922250823434368
05:28:37.695568 | 200649 | ALLOC |      4.00 |                44.00 | 3519913 | 644551850738674432,562017487517019520,273078355749895200,16721190419364752,903922250823434368
05:28:37.695570 | 200649 | ALLOC |      4.00 |                48.00 | 3671794 | 644551850738674432,562017487517019520,273078355749895200,16721190419364752,903922250823434368
05:28:37.695625 | 200649 | ALLOC |      4.00 |                52.00 | 3671795 | 644551850738674432,562017487517019520,273078355749895200,16721190419364752,903922250823434368
05:28:37.695988 | 200651 | ALLOC |     32.00 |                60.00 | 3560424 |                N/A
05:28:37.696044 | 200657 | ALLOC |      4.00 |                 4.00 | 3671796 |                N/A
05:28:37.696089 | 200657 | ALLOC |      4.00 |                 8.00 | 3671797 |                N/A
05:28:37.696093 | 200657 | ALLOC |      4.00 |                12.00 | 3671798 |                N/A
05:28:37.696105 | 200657 | ALLOC |      4.00 |                16.00 | 3671799 |                N/A
05:28:37.696131 | 200657 | ALLOC |      4.00 |                20.00 | 3734344 |                N/A
05:28:37.696308 | 200657 | ALLOC |     32.00 |                52.00 | 3561224 |                N/A
05:28:37.696444 | 200667 | ALLOC |      8.00 |                 8.00 | 3567732 | 386453419060398400,653174923090909184,331213479527882560,87649271374118576,16721190419364752,706778826815226368,555477447468886912,903922250823434368
05:28:37.696463 | 200667 | ALLOC |      8.00 |                16.00 | 3468232 | 386453419060398400,653174923090909184,331213479527882560,87649271374118576,16721190419364752,706778826815226368,555477447468886912,903922250823434368
05:28:37.696477 | 200667 | ALLOC |      4.00 |                20.00 | 3566066 | 386453419060398400,653174923090909184,331213479527882560,87649271374118576,16721190419364752,706778826815226368,555477447468886912,903922250823434368
05:28:37.696495 | 200667 | ALLOC |      4.00 |                24.00 | 3734345 | 386453419060398400,653174923090909184,331213479527882560,87649271374118576,16721190419364752,706778826815226368,555477447468886912,903922250823434368
05:28:37.696535 | 200667 | ALLOC |      4.00 |                28.00 | 3734346 | 386453419060398400,653174923090909184,331213479527882560,87649271374118576,16721190419364752,706778826815226368,555477447468886912,903922250823434368
05:28:37.696577 | 200667 | ALLOC |      4.00 |                32.00 | 3734347 | 386453419060398400,653174923090909184,331213479527882560,87649271374118576,16721190419364752,706778826815226368,555477447468886912,903922250823434368
05:28:37.696608 | 200667 | ALLOC |     32.00 |                64.00 | 3606048 | 386453419060398400,653174923090909184,331213479527882560,87649271374118576,16721190419364752,706778826815226368,555477447468886912,903922250823434368
05:28:37.696716 | 200674 | ALLOC |      4.00 |                 4.00 | 3566067 | 806621659014988672,419530427290733440,331213479527882560,232095291636170656,809977241386262272,391200338986263424,1026330485038806528
05:28:37.696719 | 200674 | ALLOC |      4.00 |                 8.00 | 3734348 | 806621659014988672,419530427290733440,331213479527882560,232095291636170656,809977241386262272,391200338986263424,1026330485038806528
05:28:37.696737 | 200674 | ALLOC |      4.00 |                12.00 | 3734349 | 806621659014988672,419530427290733440,331213479527882560,232095291636170656,809977241386262272,391200338986263424,1026330485038806528
05:28:37.696750 | 200674 | ALLOC |      4.00 |                16.00 | 3734350 | 806621659014988672,419530427290733440,331213479527882560,232095291636170656,809977241386262272,391200338986263424,1026330485038806528
05:28:37.696761 | 200674 | ALLOC |     32.00 |                48.00 | 3561640 | 806621659014988672,419530427290733440,331213479527882560,232095291636170656,809977241386262272,391200338986263424,1026330485038806528
05:28:37.696810 | 200638 | ALLOC |      4.00 |                80.00 | 3734351 | 886041221535080576
05:28:37.694608 | 200631 | ALLOC |      8.00 |                 8.00 | 3550250 | 1026330485038806528
05:28:37.694618 | 200631 | ALLOC |      4.00 |                12.00 | 3573035 | 1026330485038806528
05:28:37.694622 | 200631 | ALLOC |      4.00 |                16.00 | 3733873 | 1026330485038806528
05:28:37.694639 | 200631 | ALLOC |      4.00 |                20.00 | 3733874 | 1026330485038806528
05:28:37.694650 | 200631 | ALLOC |      4.00 |                24.00 | 3733875 | 1026330485038806528
05:28:37.694665 | 200631 | ALLOC |      4.00 |                28.00 | 3559596 | 1026330485038806528
05:28:37.694667 | 200631 | ALLOC |      4.00 |                32.00 | 3733876 | 1026330485038806528
05:28:37.694775 | 200631 | ALLOC |      4.00 |                36.00 | 3733877 | 1026330485038806528
05:28:37.694809 | 200631 | ALLOC |      4.00 |                40.00 | 3548977 | 1026330485038806528
05:28:37.694812 | 200631 | ALLOC |      4.00 |                44.00 | 3733878 | 1026330485038806528
05:28:37.694832 | 200631 | ALLOC |      4.00 |                48.00 | 3733879 | 1026330485038806528
05:28:37.694860 | 200631 | ALLOC |      4.00 |                52.00 | 3644008 | 1026330485038806528
05:28:37.695678 | 200655 | ALLOC |      4.00 |                 4.00 | 3644009 |                N/A
05:28:37.695682 | 200655 | ALLOC |      4.00 |                 8.00 | 3733880 |                N/A
05:28:37.695693 | 200655 | ALLOC |      4.00 |                12.00 | 3733881 |                N/A
05:28:37.695706 | 200655 | ALLOC |      4.00 |                16.00 | 3733882 |                N/A
05:28:37.695732 | 200655 | ALLOC |      4.00 |                20.00 | 3733883 |                N/A
05:28:37.695735 | 200655 | ALLOC |      4.00 |                24.00 | 3733884 |                N/A
05:28:37.695745 | 200655 | ALLOC |      4.00 |                28.00 | 3733885 |                N/A
05:28:37.695967 | 200655 | ALLOC |     32.00 |                60.00 | 3559288 |                N/A
05:28:37.696232 | 200638 | ALLOC |      4.00 |                24.00 | 3733886 | 886041221535080576
05:28:37.696258 | 200638 | ALLOC |      4.00 |                28.00 | 3733887 | 886041221535080576
05:28:37.696273 | 200638 | ALLOC |      4.00 |                32.00 | 3290656 | 886041221535080576
05:28:37.696294 | 200638 | ALLOC |      4.00 |                36.00 | 2040476 | 886041221535080576
05:28:37.696299 | 200638 | ALLOC |      4.00 |                40.00 | 3290657 | 886041221535080576
05:28:37.696318 | 200638 | ALLOC |      4.00 |                44.00 | 3290658 | 886041221535080576
05:28:37.696582 | 200673 | ALLOC |      4.00 |                 4.00 | 3574003 | 710051034486130816,419530427290733440,764886907736861184,232095291636170656,886041221535080576,636835206775895168,391200338986263424,546881539092688000,241083423082069984
05:28:37.696585 | 200673 | ALLOC |      4.00 |                 8.00 | 3574432 | 710051034486130816,419530427290733440,764886907736861184,232095291636170656,886041221535080576,636835206775895168,391200338986263424,546881539092688000,241083423082069984
05:28:37.696589 | 200673 | ALLOC |      4.00 |                12.00 | 3290659 | 710051034486130816,419530427290733440,764886907736861184,232095291636170656,886041221535080576,636835206775895168,391200338986263424,546881539092688000,241083423082069984
05:28:37.696606 | 200673 | ALLOC |      4.00 |                16.00 | 3290660 | 710051034486130816,419530427290733440,764886907736861184,232095291636170656,886041221535080576,636835206775895168,391200338986263424,546881539092688000,241083423082069984
05:28:37.696617 | 200673 | ALLOC |      4.00 |                20.00 | 3290661 | 710051034486130816,419530427290733440,764886907736861184,232095291636170656,886041221535080576,636835206775895168,391200338986263424,546881539092688000,241083423082069984
05:28:37.696632 | 200673 | ALLOC |     32.00 |                52.00 | 3556656 | 710051034486130816,419530427290733440,764886907736861184,232095291636170656,886041221535080576,636835206775895168,391200338986263424,546881539092688000,241083423082069984
05:28:37.696773 | 200633 | FREE  |     32.00 |                 0.00 | 3618664 |                N/A
05:28:37.696868 | 200684 | ALLOC |      4.00 |                 4.00 | 3574433 | 653174923090909184,644551850738674432,764886907736861184,273078355749895200,886041221535080576,364767072889433600,241083423082069984
05:28:37.696873 | 200684 | ALLOC |      4.00 |                 8.00 | 3290662 | 653174923090909184,644551850738674432,764886907736861184,273078355749895200,886041221535080576,364767072889433600,241083423082069984
05:28:37.696891 | 200684 | ALLOC |      4.00 |                12.00 | 3290663 | 653174923090909184,644551850738674432,764886907736861184,273078355749895200,886041221535080576,364767072889433600,241083423082069984
05:28:37.696902 | 200684 | ALLOC |      4.00 |                16.00 | 3290664 | 653174923090909184,644551850738674432,764886907736861184,273078355749895200,886041221535080576,364767072889433600,241083423082069984
05:28:37.696912 | 200684 | ALLOC |     32.00 |                48.00 | 3618664 | 653174923090909184,644551850738674432,764886907736861184,273078355749895200,886041221535080576,364767072889433600,241083423082069984
05:28:37.696993 | 200645 | FREE  |     32.00 |                 0.00 | 3525896 |                N/A
05:28:37.697100 | 200638 | ALLOC |      4.00 |                84.00 | 2638174 | 886041221535080576
05:28:37.697107 | 200637 | FREE  |      4.00 |                 0.00 | 3719384 |                N/A
05:28:37.697109 | 200631 | FREE  |      4.00 |                68.00 | 3733879 | 1026330485038806528
05:28:37.697111 | 200631 | FREE  |      4.00 |                64.00 | 3733878 | 1026330485038806528
05:28:37.697170 | 200696 | ALLOC |     32.00 |                32.00 | 3525896 |                N/A
05:28:37.697354 | 200708 | ALLOC |     32.00 |                32.00 | 3550968 |                N/A
05:28:37.697423 | 200711 | ALLOC |      8.00 |                 8.00 | 3549116 | 331213479527882560,16721190419364752,706778826815226368,364767072889433600
05:28:37.697441 | 200711 | ALLOC |      4.00 |                12.00 | 2638175 | 331213479527882560,16721190419364752,706778826815226368,364767072889433600
05:28:37.697445 | 200711 | ALLOC |      4.00 |                16.00 | 3733878 | 331213479527882560,16721190419364752,706778826815226368,364767072889433600
05:28:37.697470 | 200711 | ALLOC |      4.00 |                20.00 | 3733879 | 331213479527882560,16721190419364752,706778826815226368,364767072889433600
05:28:37.697514 | 200711 | ALLOC |      4.00 |                24.00 | 3719384 | 331213479527882560,16721190419364752,706778826815226368,364767072889433600
05:28:37.697560 | 200711 | ALLOC |      4.00 |                28.00 | 3290665 | 331213479527882560,16721190419364752,706778826815226368,364767072889433600
05:28:37.697587 | 200711 | ALLOC |      4.00 |                32.00 | 3290666 | 331213479527882560,16721190419364752,706778826815226368,364767072889433600
05:28:37.697609 | 200711 | ALLOC |      4.00 |                36.00 | 3290667 | 331213479527882560,16721190419364752,706778826815226368,364767072889433600
05:28:37.697614 | 200711 | ALLOC |      4.00 |                40.00 | 3290668 | 331213479527882560,16721190419364752,706778826815226368,364767072889433600
05:28:37.697625 | 200711 | ALLOC |     32.00 |                72.00 | 3519904 | 331213479527882560,16721190419364752,706778826815226368,364767072889433600
05:28:37.697631 | 200708 | FREE  |     32.00 |                 0.00 | 3550968 |                N/A
05:28:37.694763 | 200634 | ALLOC |      4.00 |                 4.00 | 3590087 |                N/A
05:28:37.694793 | 200634 | ALLOC |      4.00 |                 8.00 | 3746934 |                N/A
05:28:37.694801 | 200634 | ALLOC |      4.00 |                12.00 | 3746935 |                N/A
05:28:37.694811 | 200634 | ALLOC |      4.00 |                16.00 | 3746936 |                N/A
05:28:37.694852 | 200634 | ALLOC |      4.00 |                20.00 | 3746937 |                N/A
05:28:37.694864 | 200634 | ALLOC |      4.00 |                24.00 | 3746938 |                N/A
05:28:37.694871 | 200634 | ALLOC |      4.00 |                28.00 | 3746939 |                N/A
05:28:37.694900 | 200634 | ALLOC |      4.00 |                32.00 | 3746940 |                N/A
05:28:37.695334 | 200647 | ALLOC |     32.00 |                32.00 | 3645512 | 653174923090909184,419530427290733440,232095291636170656,562017487517019520,886041221535080576,391200338986263424,636835206775895168,16721190419364752,706778826815226368,555477447468886912,903922250823434368,1026330485038806528,546881539092688000,241083423082069984
05:28:37.695599 | 200652 | ALLOC |      4.00 |                 4.00 | 3589605 |                N/A
05:28:37.695636 | 200652 | ALLOC |      4.00 |                 8.00 | 3746941 |                N/A
05:28:37.695663 | 200652 | ALLOC |      4.00 |                12.00 | 3746942 |                N/A
05:28:37.695775 | 200652 | ALLOC |      4.00 |                16.00 | 3746943 |                N/A
05:28:37.695800 | 200652 | ALLOC |      4.00 |                20.00 | 3678944 |                N/A
05:28:37.695804 | 200652 | ALLOC |      4.00 |                24.00 | 3678945 |                N/A
05:28:37.695813 | 200652 | ALLOC |      4.00 |                28.00 | 3678946 |                N/A
05:28:37.696059 | 9691  | ALLOC |      4.00 |                 4.00 | 3678947 |                N/A
05:28:37.696071 | 9691  | ALLOC |      4.00 |                 8.00 | 3678948 |                N/A
05:28:37.696199 | 200660 | ALLOC |      8.00 |                 8.00 | 3563222 | 653174923090909184,386453419060398400,886041221535080576,706778826815226368,16721190419364752,1144672601494410496,903922250823434368,241083423082069984
05:28:37.696209 | 200660 | ALLOC |      4.00 |                12.00 | 3597727 | 653174923090909184,386453419060398400,886041221535080576,706778826815226368,16721190419364752,1144672601494410496,903922250823434368,241083423082069984
05:28:37.696213 | 200660 | ALLOC |      4.00 |                16.00 | 3678949 | 653174923090909184,386453419060398400,886041221535080576,706778826815226368,16721190419364752,1144672601494410496,903922250823434368,241083423082069984
05:28:37.696232 | 200660 | ALLOC |      4.00 |                20.00 | 3678950 | 653174923090909184,386453419060398400,886041221535080576,706778826815226368,16721190419364752,1144672601494410496,903922250823434368,241083423082069984
05:28:37.696247 | 200660 | ALLOC |      4.00 |                24.00 | 3678951 | 653174923090909184,386453419060398400,886041221535080576,706778826815226368,16721190419364752,1144672601494410496,903922250823434368,241083423082069984
05:28:37.696260 | 200660 | ALLOC |     32.00 |                56.00 | 3467776 | 653174923090909184,386453419060398400,886041221535080576,706778826815226368,16721190419364752,1144672601494410496,903922250823434368,241083423082069984
05:28:37.696356 | 200664 | ALLOC |      4.00 |                 4.00 | 3678952 |                N/A
05:28:37.696433 | 200668 | ALLOC |      4.00 |                 4.00 | 3559609 |                N/A
05:28:37.696438 | 200668 | ALLOC |      4.00 |                 8.00 | 3678953 |                N/A
05:28:37.696453 | 200668 | ALLOC |      4.00 |                12.00 | 3678954 |                N/A
05:28:37.696464 | 200668 | ALLOC |      4.00 |                16.00 | 3678955 |                N/A
05:28:37.696481 | 200668 | ALLOC |     32.00 |                48.00 | 3550696 |                N/A
05:28:37.696659 | 9764  | ALLOC |      4.00 |                12.00 | 3627914 |                N/A
05:28:37.696663 | 9764  | ALLOC |      4.00 |                16.00 | 3678956 |                N/A
05:28:37.696672 | 9764  | ALLOC |      4.00 |                20.00 | 3678957 |                N/A
05:28:37.696740 | 200676 | ALLOC |      4.00 |                 4.00 | 3678958 | 391200338986263424
05:28:37.696811 | 200676 | ALLOC |      8.00 |                12.00 | 3556890 | 391200338986263424
05:28:37.696821 | 200676 | ALLOC |      4.00 |                16.00 | 3623158 | 391200338986263424
05:28:37.696986 | 200669 | ALLOC |      4.00 |                28.00 | 3678959 | 273078355749895200
05:28:37.696996 | 200669 | ALLOC |     32.00 |                60.00 | 3634704 | 273078355749895200
05:28:37.697082 | 200676 | ALLOC |      4.00 |                24.00 | 3723168 | 391200338986263424
05:28:37.697132 | 9429  | ALLOC |      4.00 |               136.00 | 3723169 |                N/A
05:28:37.697194 | 10234 | ALLOC |      4.00 |                 4.00 | 3723170 |                N/A
05:28:37.697206 | 10234 | ALLOC |      4.00 |                 8.00 | 3723171 |                N/A
05:28:37.697280 | 200702 | ALLOC |     32.00 |                32.00 | 3596024 |                N/A
05:28:37.697439 | 200676 | ALLOC |     32.00 |                56.00 | 3620856 | 391200338986263424
05:28:37.697470 | 200702 | FREE  |     32.00 |                 0.00 | 3596024 |                N/A
05:28:37.697554 | 200717 | ALLOC |      4.00 |                 4.00 | 3450839 | 364767072889433600
05:28:37.697558 | 200717 | ALLOC |      4.00 |                 8.00 | 3723172 | 364767072889433600
05:28:37.697576 | 200717 | ALLOC |      4.00 |                12.00 | 3723173 | 364767072889433600
05:28:37.697589 | 200717 | ALLOC |      4.00 |                16.00 | 3723174 | 364767072889433600
05:28:37.697612 | 9429  | ALLOC |      4.00 |               196.00 | 3723175 |                N/A
05:28:37.697619 | 200652 | FREE  |      4.00 |                 0.00 | 3746943 |                N/A
05:28:37.697621 | 200652 | FREE  |      4.00 |                 0.00 | 3678944 |                N/A
05:28:37.697623 | 200652 | FREE  |      4.00 |                 0.00 | 3678945 |                N/A
05:28:37.697638 | 9429  | ALLOC |      4.00 |               200.00 | 3678945 |                N/A
05:28:37.697649 | 9429  | ALLOC |      4.00 |               204.00 | 3678944 |                N/A
05:28:37.697707 | 9429  | ALLOC |      4.00 |               208.00 | 3746943 |                N/A
05:28:37.697721 | 9429  | ALLOC |      8.00 |               216.00 | 3558466 |                N/A
05:28:37.697728 | 9429  | ALLOC |      4.00 |               220.00 | 3571448 |                N/A
05:28:37.697732 | 9429  | ALLOC |      4.00 |               224.00 | 3723176 |                N/A
05:28:37.697772 | 200721 | FREE  |     32.00 |                 0.00 | 3643672 |                N/A
05:28:37.697813 | 9429  | ALLOC |      4.00 |               228.00 | 3723177 |                N/A
05:28:37.697876 | 200730 | ALLOC |     32.00 |                32.00 | 3643672 |                N/A
05:28:37.697937 | 200731 | ALLOC |      4.00 |                 4.00 | 3571449 | 391200338986263424,232095291636170656
05:28:37.697942 | 200731 | ALLOC |      4.00 |                 8.00 | 3723178 | 391200338986263424,232095291636170656
05:28:37.697961 | 200731 | ALLOC |      4.00 |                12.00 | 3723179 | 391200338986263424,232095291636170656
05:28:37.697981 | 200731 | ALLOC |      4.00 |                16.00 | 3679423 | 391200338986263424,232095291636170656
05:28:37.697996 | 200731 | ALLOC |      4.00 |                20.00 | 3678848 | 391200338986263424,232095291636170656
05:28:37.698006 | 200731 | ALLOC |      4.00 |                24.00 | 3678849 | 391200338986263424,232095291636170656
05:28:37.698016 | 200731 | ALLOC |      4.00 |                28.00 | 3678850 | 391200338986263424,232095291636170656
05:28:37.698027 | 200731 | ALLOC |      4.00 |                32.00 | 3678851 | 391200338986263424,232095291636170656
05:28:37.698041 | 200731 | ALLOC |      4.00 |                36.00 | 3678852 | 391200338986263424,232095291636170656
05:28:37.698079 | 200731 | ALLOC |      4.00 |                40.00 | 3678853 | 391200338986263424,232095291636170656
05:28:37.698083 | 200731 | ALLOC |      4.00 |                44.00 | 3678854 | 391200338986263424,232095291636170656
05:28:37.698278 | 200649 | ALLOC |     32.00 |               116.00 | 3596024 | 644551850738674432,562017487517019520,273078355749895200,16721190419364752,903922250823434368
05:28:37.698332 | 9856  | ALLOC |      4.00 |                68.00 | 3437306 |                N/A
05:28:37.698336 | 9856  | ALLOC |      4.00 |                72.00 | 3678855 |                N/A
05:28:37.698346 | 9856  | ALLOC |      4.00 |                76.00 | 3678856 |                N/A
05:28:37.698433 | 9429  | ALLOC |      4.00 |               232.00 | 3545503 |                N/A
05:28:37.698438 | 9429  | ALLOC |      4.00 |               236.00 | 3678857 |                N/A
05:28:37.698447 | 9429  | ALLOC |      4.00 |               240.00 | 3678858 |                N/A
05:28:37.698495 | 200731 | ALLOC |      4.00 |                48.00 | 3678859 | 391200338986263424,232095291636170656
05:28:37.698553 | 200748 | FREE  |     32.00 |                 0.00 | 3579672 |                N/A
05:28:37.698618 | 200730 | FREE  |     32.00 |                 0.00 | 3643672 |                N/A
05:28:37.699038 | 10097 | ALLOC |      4.00 |                32.00 | 3610420 |                N/A
05:28:37.699043 | 10097 | ALLOC |      4.00 |                36.00 | 3678860 |                N/A
05:28:37.699048 | 10097 | ALLOC |      4.00 |                40.00 | 3678861 |                N/A
05:28:37.699179 | 10097 | ALLOC |      4.00 |                44.00 | 3678862 |                N/A
05:28:37.699185 | 10097 | ALLOC |      4.00 |                48.00 | 3678863 |                N/A
05:28:37.699192 | 10097 | ALLOC |     32.00 |                80.00 | 3643672 |                N/A
05:28:37.699282 | 200644 | FREE  |      4.00 |                 0.00 | 3679297 |                N/A
05:28:37.699284 | 200644 | FREE  |      4.00 |                 0.00 | 3730846 |                N/A
05:28:37.699286 | 200644 | FREE  |      4.00 |                 0.00 | 3679296 |                N/A
05:28:37.699288 | 200644 | FREE  |      4.00 |                 0.00 | 3730844 |                N/A
05:28:37.699290 | 200629 | FREE  |      4.00 |                52.00 | 3730841 | 546881539092688000
05:28:37.699292 | 200629 | FREE  |      4.00 |                48.00 | 3730840 | 546881539092688000
05:28:37.699344 | 200773 | ALLOC |      4.00 |                 4.00 | 3610421 | 710051034486130816,419530427290733440
05:28:37.699349 | 200773 | ALLOC |      4.00 |                 8.00 | 3730840 | 710051034486130816,419530427290733440
05:28:37.699367 | 200773 | ALLOC |      4.00 |                12.00 | 3730841 | 710051034486130816,419530427290733440
05:28:37.699379 | 200773 | ALLOC |      4.00 |                16.00 | 3730844 | 710051034486130816,419530427290733440
05:28:37.699393 | 200773 | ALLOC |      4.00 |                20.00 | 3679296 | 710051034486130816,419530427290733440
05:28:37.699401 | 200773 | ALLOC |      4.00 |                24.00 | 3730846 | 710051034486130816,419530427290733440
05:28:37.699411 | 200773 | ALLOC |      4.00 |                28.00 | 3679297 | 710051034486130816,419530427290733440
05:28:37.699416 | 200773 | ALLOC |      4.00 |                32.00 | 3678864 | 710051034486130816,419530427290733440
05:28:37.699432 | 200773 | ALLOC |     32.00 |                64.00 | 3579672 | 710051034486130816,419530427290733440
05:28:37.699496 | 9856  | ALLOC |      4.00 |               204.00 | 3678865 |                N/A
05:28:37.699509 | 9856  | ALLOC |      4.00 |               208.00 | 3610422 |                N/A
05:28:37.699514 | 9856  | ALLOC |      4.00 |               212.00 | 3678866 |                N/A
05:28:37.699522 | 9856  | ALLOC |      4.00 |               216.00 | 3678867 |                N/A
05:28:37.699632 | 200778 | ALLOC |      4.00 |                 4.00 | 3678868 | 232095291636170656
05:28:37.699691 | 200778 | ALLOC |     32.00 |                36.00 | 3551104 | 232095291636170656
05:28:37.699760 | 9856  | ALLOC |      4.00 |               220.00 | 3450279 |                N/A
05:28:37.699764 | 9856  | ALLOC |      4.00 |               224.00 | 3678869 |                N/A
05:28:37.699773 | 9856  | ALLOC |      4.00 |               228.00 | 3678870 |                N/A
05:28:37.699857 | 200741 | FREE  |     32.00 |                 0.00 | 3497824 |                N/A
05:28:37.699896 | 200707 | ALLOC |      4.00 |                44.00 | 3678871 | 419530427290733440
05:28:37.699919 | 200707 | ALLOC |      4.00 |                48.00 | 3678872 | 419530427290733440
05:28:37.699933 | 200707 | ALLOC |      4.00 |                52.00 | 3678873 | 419530427290733440
05:28:37.699971 | 200707 | ALLOC |      4.00 |                56.00 | 3678874 | 419530427290733440
05:28:37.700021 | 200778 | ALLOC |      4.00 |                40.00 | 3558704 | 232095291636170656
05:28:37.700027 | 200726 | FREE  |      4.00 |                 0.00 | 3290671 |                N/A
05:28:37.700029 | 200726 | FREE  |      4.00 |                 0.00 | 3290669 |                N/A
05:28:37.700031 | 200726 | FREE  |      4.00 |                 0.00 | 3290670 |                N/A
05:28:37.700033 | 200672 | FREE  |      4.00 |                 0.00 | 3668355 |                N/A
05:28:37.700035 | 200663 | FREE  |      4.00 |                76.00 | 3745850 | 555477447468886912
05:28:37.700037 | 200663 | FREE  |      4.00 |                72.00 | 3698367 | 555477447468886912
05:28:37.700107 | 200760 | ALLOC |      4.00 |                40.00 | 3558705 |  87649271374118576
05:28:37.700146 | 200775 | FREE  |     32.00 |                 0.00 | 3545632 |                N/A
05:28:37.700176 | 9429  | ALLOC |      4.00 |               312.00 | 3698367 |                N/A
05:28:37.700192 | 9429  | ALLOC |      4.00 |               316.00 | 3558706 |                N/A
05:28:37.700196 | 9429  | ALLOC |      4.00 |               320.00 | 3745850 |                N/A
05:28:37.700205 | 9429  | ALLOC |      4.00 |               324.00 | 3668355 |                N/A
05:28:37.700211 | 9429  | ALLOC |     32.00 |               356.00 | 3545632 |                N/A
05:28:37.700297 | 200792 | ALLOC |      4.00 |                56.00 | 3290670 | 653174923090909184,1144672601494410496
05:28:37.700411 | 200792 | ALLOC |      4.00 |                60.00 | 3290669 | 653174923090909184,1144672601494410496
05:28:37.700422 | 200792 | ALLOC |     32.00 |                92.00 | 3497824 | 653174923090909184,1144672601494410496
05:28:37.700477 | 200808 | ALLOC |     32.00 |                32.00 | 3615784 |                N/A
05:28:37.700532 | 200810 | ALLOC |      4.00 |                 4.00 | 3290671 |                N/A
05:28:37.700547 | 200810 | ALLOC |      4.00 |                 8.00 | 3678875 |                N/A
05:28:37.700571 | 200810 | ALLOC |      4.00 |                12.00 | 3678876 |                N/A
05:28:37.700596 | 200810 | ALLOC |      4.00 |                16.00 | 3678877 |                N/A
05:28:37.700787 | 200741 | FREE  |      4.00 |                 0.00 | 3664185 |                N/A
05:28:37.700789 | 200741 | FREE  |      4.00 |                 0.00 | 2961108 |                N/A
05:28:37.700794 | 200741 | FREE  |      4.00 |                 0.00 | 2961109 |                N/A
05:28:37.700797 | 200640 | FREE  |      4.00 |                 0.00 | 3745844 |                N/A
05:28:37.700799 | 200629 | FREE  |      4.00 |                96.00 | 3730839 | 546881539092688000
05:28:37.700801 | 200629 | FREE  |      4.00 |                92.00 | 3730838 | 546881539092688000
05:28:37.700815 | 200635 | FREE  |      4.00 |                 0.00 | 3524644 |                N/A
05:28:37.700818 | 200635 | FREE  |      4.00 |                 0.00 | 3524641 |                N/A
05:28:37.700819 | 200635 | FREE  |      4.00 |                 0.00 | 3524643 |                N/A
05:28:37.700821 | 200635 | FREE  |      4.00 |                 0.00 | 3678943 |                N/A
05:28:37.700823 | 200630 | FREE  |      4.00 |               100.00 | 3665966 |  16721190419364752
05:28:37.700825 | 200630 | FREE  |      4.00 |                96.00 | 3692980 |  16721190419364752
05:28:37.700872 | 200785 | ALLOC |      4.00 |                40.00 | 3558707 | 706778826815226368
05:28:37.700881 | 200734 | FREE  |      4.00 |                 0.00 | 3707520 |                N/A
05:28:37.700883 | 200723 | FREE  |      4.00 |               108.00 | 3727160 | 562017487517019520
05:28:37.700885 | 200723 | FREE  |      4.00 |               104.00 | 3727161 | 562017487517019520
05:28:37.700955 | 10394 | ALLOC |      4.00 |                 4.00 | 3550644 |                N/A
05:28:37.700959 | 10394 | ALLOC |      4.00 |                 8.00 | 3727161 |                N/A
05:28:37.700970 | 10394 | ALLOC |      4.00 |                12.00 | 3727160 |                N/A
05:28:37.700984 | 10394 | ALLOC |      4.00 |                16.00 | 3707520 |                N/A
05:28:37.700990 | 10394 | ALLOC |      4.00 |                20.00 | 3692980 |                N/A
05:28:37.701058 | 10394 | ALLOC |      4.00 |                24.00 | 3665966 |                N/A
05:28:37.701199 | 200808 | FREE  |     32.00 |                 0.00 | 3615784 |                N/A
05:28:37.701235 | 200785 | ALLOC |      4.00 |                44.00 | 3550645 | 706778826815226368
05:28:37.701246 | 200695 | FREE  |      4.00 |                 0.00 | 3524907 |                N/A
05:28:37.701248 | 200663 | FREE  |      4.00 |               100.00 | 3745854 | 555477447468886912
05:28:37.701277 | 200785 | ALLOC |     32.00 |                76.00 | 3615784 | 706778826815226368
05:28:37.701368 | 200822 | ALLOC |      4.00 |                 4.00 | 3745854 |                N/A
05:28:37.701379 | 200822 | ALLOC |      4.00 |                 8.00 | 3524907 |                N/A
05:28:37.701402 | 200822 | ALLOC |      4.00 |                12.00 | 3678943 |                N/A
05:28:37.701417 | 200822 | ALLOC |      4.00 |                16.00 | 3524643 |                N/A
05:28:37.701452 | 200822 | ALLOC |     32.00 |                48.00 | 3611696 |                N/A
05:28:37.701556 | 200822 | ALLOC |      4.00 |                52.00 | 3524641 |                N/A
05:28:37.701560 | 200822 | ALLOC |      4.00 |                56.00 | 3524644 |                N/A
05:28:37.701563 | 200822 | ALLOC |      4.00 |                60.00 | 3730838 |                N/A
05:28:37.701570 | 200822 | ALLOC |      4.00 |                64.00 | 3730839 |                N/A
05:28:37.701589 | 200822 | ALLOC |      4.00 |                68.00 | 3745844 |                N/A
05:28:37.701592 | 200822 | ALLOC |      4.00 |                72.00 | 2961109 |                N/A
05:28:37.701967 | 10394 | ALLOC |      4.00 |                28.00 | 2961108 |                N/A
05:28:37.702380 | 200828 | ALLOC |      4.00 |                 4.00 | 3664185 |                N/A
05:28:37.702388 | 200828 | ALLOC |      4.00 |                 8.00 | 3678878 |                N/A
05:28:37.702392 | 200828 | ALLOC |      4.00 |                12.00 | 3678879 |                N/A
05:28:37.702413 | 200828 | ALLOC |      4.00 |                16.00 | 3678880 |                N/A
05:28:37.702419 | 200828 | ALLOC |      4.00 |                20.00 | 3678881 |                N/A
05:28:37.702423 | 200828 | ALLOC |      4.00 |                24.00 | 3678882 |                N/A
05:28:37.702427 | 200828 | ALLOC |      4.00 |                28.00 | 3678883 |                N/A
05:28:37.702431 | 200828 | ALLOC |      4.00 |                32.00 | 3678884 |                N/A
05:28:37.702435 | 200828 | ALLOC |      4.00 |                36.00 | 3678885 |                N/A
05:28:37.702444 | 200828 | ALLOC |      4.00 |                40.00 | 3678886 |                N/A
05:28:37.702459 | 200828 | ALLOC |      4.00 |                44.00 | 3678887 |                N/A
05:28:37.702474 | 200828 | ALLOC |      4.00 |                48.00 | 3678888 |                N/A
05:28:37.702513 | 200828 | ALLOC |     32.00 |                80.00 | 3647072 |                N/A
05:28:37.702626 | 200828 | ALLOC |      4.00 |                84.00 | 3678889 |                N/A
05:28:37.702637 | 200828 | ALLOC |      4.00 |                88.00 | 3678890 |                N/A
05:28:37.702656 | 200828 | ALLOC |      4.00 |                92.00 | 3678891 |                N/A
05:28:37.694888 | 200631 | ALLOC |      4.00 |                56.00 | 3153575 | 1026330485038806528
05:28:37.694915 | 200631 | ALLOC |      4.00 |                60.00 | 2237218 | 1026330485038806528
05:28:37.694970 | 200631 | ALLOC |      4.00 |                64.00 | 3645959 | 1026330485038806528
05:28:37.694973 | 200631 | ALLOC |      4.00 |                68.00 | 2237219 | 1026330485038806528
05:28:37.695020 | 200631 | ALLOC |      4.00 |                72.00 | 2539988 | 1026330485038806528
05:28:37.695968 | 200638 | ALLOC |      8.00 |                 8.00 | 1753720 | 886041221535080576
05:28:37.695974 | 200638 | ALLOC |      8.00 |                16.00 | 3213090 | 886041221535080576
05:28:37.695988 | 200638 | ALLOC |      4.00 |                20.00 | 3459518 | 886041221535080576
05:28:37.696085 | 200656 | ALLOC |     32.00 |                60.00 | 3597672 |                N/A
05:28:37.696153 | 200646 | ALLOC |      4.00 |                 4.00 | 3459519 |                N/A
05:28:37.696157 | 200646 | ALLOC |      4.00 |                 8.00 | 2539989 |                N/A
05:28:37.696165 | 200646 | ALLOC |      4.00 |                12.00 | 1275670 |                N/A
05:28:37.696180 | 200646 | ALLOC |      4.00 |                16.00 | 1275671 |                N/A
05:28:37.696224 | 200646 | ALLOC |      4.00 |                20.00 | 2988856 |                N/A
05:28:37.696229 | 200646 | ALLOC |      4.00 |                24.00 | 2988857 |                N/A
05:28:37.696242 | 200646 | ALLOC |      4.00 |                28.00 | 3008766 |                N/A
05:28:37.696277 | 200646 | ALLOC |      4.00 |                32.00 | 3008767 |                N/A
05:28:37.696370 | 200638 | ALLOC |      4.00 |                48.00 | 3497022 | 886041221535080576
05:28:37.696373 | 200638 | ALLOC |      4.00 |                52.00 | 1810976 | 886041221535080576
05:28:37.696385 | 200638 | ALLOC |      4.00 |                56.00 | 1810977 | 886041221535080576
05:28:37.696420 | 200638 | ALLOC |      4.00 |                60.00 | 2040045 | 886041221535080576
05:28:37.696425 | 200638 | ALLOC |      4.00 |                64.00 | 3273204 | 886041221535080576
05:28:37.696435 | 200638 | ALLOC |      4.00 |                68.00 | 3273205 | 886041221535080576
05:28:37.696476 | 200638 | ALLOC |      4.00 |                72.00 | 3368404 | 886041221535080576
05:28:37.696523 | 200638 | ALLOC |      4.00 |                76.00 | 3259852 | 886041221535080576
05:28:37.696555 | 200671 | ALLOC |      4.00 |                 4.00 | 3368405 | 386453419060398400,644551850738674432,419530427290733440,764886907736861184,87649271374118576,809977241386262272,562017487517019520,16721190419364752
05:28:37.696560 | 200671 | ALLOC |      4.00 |                 8.00 | 3259853 | 386453419060398400,644551850738674432,419530427290733440,764886907736861184,87649271374118576,809977241386262272,562017487517019520,16721190419364752
05:28:37.696580 | 200671 | ALLOC |      4.00 |                12.00 | 3051608 | 386453419060398400,644551850738674432,419530427290733440,764886907736861184,87649271374118576,809977241386262272,562017487517019520,16721190419364752
05:28:37.696593 | 200671 | ALLOC |      4.00 |                16.00 | 3051609 | 386453419060398400,644551850738674432,419530427290733440,764886907736861184,87649271374118576,809977241386262272,562017487517019520,16721190419364752
05:28:37.696605 | 200671 | ALLOC |     32.00 |                48.00 | 3597680 | 386453419060398400,644551850738674432,419530427290733440,764886907736861184,87649271374118576,809977241386262272,562017487517019520,16721190419364752
05:28:37.696610 | 200656 | FREE  |     32.00 |                 0.00 | 3597672 |                N/A
05:28:37.696804 | 200680 | ALLOC |     32.00 |                32.00 | 3597672 |                N/A
05:28:37.696844 | 200683 | ALLOC |      4.00 |                 4.00 | 1946414 |                N/A
05:28:37.696864 | 200683 | ALLOC |     32.00 |                36.00 | 3597688 |                N/A
05:28:37.697026 | 200691 | ALLOC |      4.00 |                 4.00 | 1946415 |                N/A
05:28:37.697049 | 200691 | ALLOC |     32.00 |                36.00 | 3574144 |                N/A
05:28:37.697054 | 200683 | FREE  |     32.00 |                 0.00 | 3597688 |                N/A
05:28:37.697196 | 200692 | FREE  |     32.00 |                 0.00 | 3550696 |                N/A
05:28:37.697277 | 10293 | ALLOC |      8.00 |                 8.00 | 3560314 |                N/A
05:28:37.697293 | 10293 | ALLOC |      4.00 |                12.00 | 3497656 |                N/A
05:28:37.697297 | 10293 | ALLOC |      4.00 |                16.00 | 1959862 |                N/A
05:28:37.697307 | 10293 | ALLOC |      4.00 |                20.00 | 1959863 |                N/A
05:28:37.697317 | 10293 | ALLOC |      4.00 |                24.00 | 3026106 |                N/A
05:28:37.697322 | 10293 | ALLOC |      4.00 |                28.00 | 3026107 |                N/A
05:28:37.697582 | 200713 | FREE  |     32.00 |                 0.00 | 3450704 |                N/A
05:28:37.697681 | 200643 | FREE  |      4.00 |                 0.00 | 3262814 |                N/A
05:28:37.697683 | 200643 | FREE  |      4.00 |                 0.00 | 3682907 |                N/A
05:28:37.697685 | 200643 | FREE  |      4.00 |                 0.00 | 3729248 |                N/A
05:28:37.697687 | 200643 | FREE  |      4.00 |                 0.00 | 3524849 |                N/A
05:28:37.697689 | 200630 | FREE  |      4.00 |                68.00 | 3719578 |  16721190419364752
05:28:37.697691 | 200630 | FREE  |      4.00 |                64.00 | 3714249 |  16721190419364752
05:28:37.697708 | 200691 | FREE  |     32.00 |                 0.00 | 3574144 |                N/A
05:28:37.697800 | 9856  | ALLOC |      4.00 |                56.00 | 3714249 |                N/A
05:28:37.697813 | 9856  | ALLOC |      4.00 |                60.00 | 3719578 |                N/A
05:28:37.697821 | 9856  | ALLOC |      4.00 |                64.00 | 3524849 |                N/A
05:28:37.697876 | 200733 | ALLOC |     32.00 |                32.00 | 3574144 |                N/A
05:28:37.698019 | 200717 | ALLOC |      4.00 |                36.00 | 3729248 | 364767072889433600
05:28:37.698076 | 200733 | FREE  |     32.00 |                 0.00 | 3574144 |                N/A
05:28:37.698177 | 200644 | ALLOC |     32.00 |                64.00 | 3574144 |                N/A
05:28:37.699163 | 200771 | ALLOC |     32.00 |                32.00 | 3450704 |                N/A
05:28:37.699171 | 200644 | FREE  |     32.00 |                 0.00 | 3574144 |                N/A
05:28:37.699226 | 200760 | ALLOC |      4.00 |                 4.00 | 3682907 |  87649271374118576
05:28:37.699266 | 9429  | ALLOC |      4.00 |               288.00 | 3262814 |                N/A
05:28:37.699733 | 200784 | ALLOC |     32.00 |                32.00 | 3574144 |                N/A
05:28:37.699740 | 200771 | FREE  |     32.00 |                 0.00 | 3450704 |                N/A
05:28:37.700181 | 200785 | ALLOC |      4.00 |                 4.00 | 3024610 | 706778826815226368
05:28:37.700201 | 200785 | ALLOC |     32.00 |                36.00 | 3450704 | 706778826815226368
05:28:37.700328 | 200784 | FREE  |     32.00 |                 0.00 | 3574144 |                N/A
05:28:37.700486 | 200760 | ALLOC |     32.00 |                72.00 | 3574144 |  87649271374118576
05:28:37.700822 | 200817 | ALLOC |      4.00 |                 4.00 | 3379075 | 546881539092688000
05:28:37.700826 | 200817 | ALLOC |      4.00 |                 8.00 | 3024611 | 546881539092688000
05:28:37.700845 | 200817 | ALLOC |      4.00 |                12.00 | 2681304 | 546881539092688000
05:28:37.700858 | 200817 | ALLOC |      4.00 |                16.00 | 2681305 | 546881539092688000
05:28:37.700870 | 200817 | ALLOC |      4.00 |                20.00 | 3254156 | 546881539092688000
05:28:37.700881 | 200817 | ALLOC |      4.00 |                24.00 | 3254157 | 546881539092688000
05:28:37.700886 | 200817 | ALLOC |      4.00 |                28.00 | 3113170 | 546881539092688000
05:28:37.700891 | 200817 | ALLOC |      4.00 |                32.00 | 3113171 | 546881539092688000
05:28:37.700902 | 200817 | ALLOC |      4.00 |                36.00 | 2964174 | 546881539092688000
05:28:37.700907 | 200817 | ALLOC |      4.00 |                40.00 | 2964175 | 546881539092688000
05:28:37.700921 | 200817 | ALLOC |      4.00 |                44.00 | 1533202 | 546881539092688000
05:28:37.700955 | 200817 | ALLOC |      4.00 |                48.00 | 1533203 | 546881539092688000
05:28:37.700960 | 200817 | ALLOC |      4.00 |                52.00 | 1376408 | 546881539092688000
05:28:37.701259 | 200820 | FREE  |     32.00 |                 0.00 | 3620192 |                N/A
05:28:37.702095 | 200826 | ALLOC |      4.00 |                 4.00 | 1376409 |                N/A
05:28:37.702104 | 200826 | ALLOC |      4.00 |                 8.00 | 3258850 |                N/A
05:28:37.702112 | 200638 | FREE  |      4.00 |               108.00 | 3259852 | 886041221535080576
05:28:37.702114 | 200683 | FREE  |      4.00 |                 0.00 | 1946414 |                N/A
05:28:37.702116 | 200691 | FREE  |      4.00 |                 0.00 | 1946415 |                N/A
05:28:37.702118 | 200717 | FREE  |      4.00 |                72.00 | 3729248 | 364767072889433600
05:28:37.702121 | 200826 | ALLOC |      4.00 |                12.00 | 3729248 |                N/A
05:28:37.702125 | 200826 | ALLOC |      4.00 |                16.00 | 1946415 |                N/A
05:28:37.702140 | 200826 | ALLOC |      4.00 |                20.00 | 1946414 |                N/A
05:28:37.702150 | 200826 | ALLOC |      4.00 |                24.00 | 3259852 |                N/A
05:28:37.702153 | 200826 | ALLOC |      4.00 |                28.00 | 3258851 |                N/A
05:28:37.702158 | 200826 | ALLOC |      4.00 |                32.00 | 2675498 |                N/A
05:28:37.702187 | 200826 | ALLOC |     32.00 |                64.00 | 3620192 |                N/A
05:28:37.702228 | 200827 | ALLOC |      4.00 |                 4.00 | 2675499 |                N/A
05:28:37.702247 | 200827 | ALLOC |      4.00 |                 8.00 | 2096126 |                N/A
05:28:37.702251 | 200827 | ALLOC |      4.00 |                12.00 | 2096127 |                N/A
05:28:37.702254 | 200827 | ALLOC |      4.00 |                16.00 | 3264422 |                N/A
05:28:37.702258 | 200827 | ALLOC |      4.00 |                20.00 | 3264423 |                N/A
05:28:37.702261 | 200827 | ALLOC |      4.00 |                24.00 | 3032198 |                N/A
05:28:37.702270 | 200827 | ALLOC |      4.00 |                28.00 | 3733945 |                N/A
05:28:37.702282 | 200827 | ALLOC |      4.00 |                32.00 | 3733946 |                N/A
05:28:37.702291 | 200827 | ALLOC |      4.00 |                36.00 | 3733947 |                N/A
05:28:37.702300 | 200827 | ALLOC |      4.00 |                40.00 | 3733948 |                N/A
05:28:37.702304 | 200827 | ALLOC |      4.00 |                44.00 | 3733949 |                N/A
05:28:37.702324 | 200827 | ALLOC |     32.00 |                76.00 | 3550696 |                N/A
05:28:37.702390 | 200827 | ALLOC |      4.00 |                80.00 | 3733950 |                N/A
05:28:37.702394 | 200827 | ALLOC |      4.00 |                84.00 | 3733951 |                N/A
05:28:37.702419 | 200827 | ALLOC |      4.00 |                88.00 | 3717824 |                N/A
05:28:37.702440 | 200827 | ALLOC |      4.00 |                92.00 | 3717825 |                N/A
05:28:37.702515 | 200827 | ALLOC |      4.00 |                96.00 | 3717826 |                N/A
05:28:37.702521 | 200827 | ALLOC |      4.00 |               100.00 | 3717827 |                N/A
05:28:37.694552 | 200630 | ALLOC |      4.00 |                 4.00 | 1860555 |  16721190419364752
05:28:37.694557 | 200630 | ALLOC |      4.00 |                 8.00 | 3243563 |  16721190419364752
05:28:37.694575 | 200630 | ALLOC |      4.00 |                12.00 | 3714245 |  16721190419364752
05:28:37.694623 | 200630 | ALLOC |      4.00 |                16.00 | 1190892 |  16721190419364752
05:28:37.694638 | 200630 | ALLOC |      4.00 |                20.00 | 1520621 |  16721190419364752
05:28:37.694658 | 200630 | ALLOC |      4.00 |                24.00 | 3243566 |  16721190419364752
05:28:37.694676 | 200630 | ALLOC |      8.00 |                32.00 | 2884416 |  16721190419364752
05:28:37.694684 | 200630 | ALLOC |      4.00 |                36.00 | 3243557 |  16721190419364752
05:28:37.694714 | 200630 | ALLOC |      4.00 |                40.00 | 2091917 |  16721190419364752
05:28:37.694716 | 200630 | ALLOC |      4.00 |                44.00 | 3692980 |  16721190419364752
05:28:37.694723 | 200630 | ALLOC |      4.00 |                48.00 | 3665966 |  16721190419364752
05:28:37.694748 | 200630 | ALLOC |      4.00 |                52.00 | 2845003 |  16721190419364752
05:28:37.694774 | 200630 | ALLOC |      4.00 |                56.00 | 3292748 |  16721190419364752
05:28:37.694814 | 200635 | ALLOC |      4.00 |                 4.00 | 3010847 |                N/A
05:28:37.694850 | 200630 | ALLOC |      8.00 |                64.00 | 3450118 |  16721190419364752
05:28:37.694859 | 200630 | ALLOC |      4.00 |                68.00 | 3683929 |  16721190419364752
05:28:37.694897 | 200630 | ALLOC |      4.00 |                72.00 | 2924585 |  16721190419364752
05:28:37.694900 | 200630 | ALLOC |      4.00 |                76.00 | 3714249 |  16721190419364752
05:28:37.694941 | 200630 | ALLOC |      4.00 |                80.00 | 3719578 |  16721190419364752
05:28:37.695193 | 200634 | ALLOC |     32.00 |                64.00 | 3557032 |                N/A
05:28:37.695673 | 200654 | ALLOC |      4.00 |                 4.00 | 3649156 |                N/A
05:28:37.695702 | 200654 | ALLOC |      4.00 |                 8.00 | 2233907 |                N/A
05:28:37.695714 | 200654 | ALLOC |      4.00 |                12.00 | 3678604 |                N/A
05:28:37.695809 | 200654 | ALLOC |      4.00 |                16.00 | 3693576 |                N/A
05:28:37.695836 | 200654 | ALLOC |      4.00 |                20.00 | 3693577 |                N/A
05:28:37.695840 | 200654 | ALLOC |      4.00 |                24.00 | 3729531 |                N/A
05:28:37.695849 | 200654 | ALLOC |      4.00 |                28.00 | 2964592 |                N/A
05:28:37.696026 | 200654 | ALLOC |     32.00 |                60.00 | 3558696 |                N/A
05:28:37.696139 | 200658 | ALLOC |      4.00 |                 4.00 | 3368490 | 555477447468886912,710051034486130816,806621659014988672,331213479527882560,232095291636170656,273078355749895200,636835206775895168,364767072889433600,546881539092688000
05:28:37.696144 | 200658 | ALLOC |      4.00 |                 8.00 | 1309506 | 555477447468886912,710051034486130816,806621659014988672,331213479527882560,232095291636170656,273078355749895200,636835206775895168,364767072889433600,546881539092688000
05:28:37.696169 | 200658 | ALLOC |      4.00 |                12.00 | 3370989 | 555477447468886912,710051034486130816,806621659014988672,331213479527882560,232095291636170656,273078355749895200,636835206775895168,364767072889433600,546881539092688000
05:28:37.696217 | 200658 | ALLOC |      4.00 |                16.00 | 3727152 | 555477447468886912,710051034486130816,806621659014988672,331213479527882560,232095291636170656,273078355749895200,636835206775895168,364767072889433600,546881539092688000
05:28:37.696236 | 200658 | ALLOC |     32.00 |                48.00 | 3560496 | 555477447468886912,710051034486130816,806621659014988672,331213479527882560,232095291636170656,273078355749895200,636835206775895168,364767072889433600,546881539092688000
05:28:37.696314 | 200655 | FREE  |     32.00 |                 0.00 | 3559288 |                N/A
05:28:37.696413 | 200648 | ALLOC |     32.00 |                84.00 | 3559288 | 331213479527882560,636835206775895168,706778826815226368,1144672601494410496,555477447468886912,546881539092688000
05:28:37.696530 | 200636 | FREE  |     32.00 |                 0.00 | 3571176 |                N/A
05:28:37.697000 | 200689 | ALLOC |     32.00 |                32.00 | 3571176 |                N/A
05:28:37.697263 | 9429  | ALLOC |      4.00 |               140.00 | 3727151 |                N/A
05:28:37.697273 | 200630 | FREE  |      4.00 |                76.00 | 3292748 |  16721190419364752
05:28:37.697275 | 200630 | FREE  |      4.00 |                72.00 | 3683929 |  16721190419364752
05:28:37.697279 | 9429  | ALLOC |      4.00 |               144.00 | 3683929 |                N/A
05:28:37.697290 | 9429  | ALLOC |      4.00 |               148.00 | 3292748 |                N/A
05:28:37.697297 | 9429  | ALLOC |     32.00 |               180.00 | 3561848 |                N/A
05:28:37.697430 | 9429  | ALLOC |      4.00 |               184.00 | 1051987 |                N/A
05:28:37.697471 | 9429  | ALLOC |      4.00 |               188.00 | 3293022 |                N/A
05:28:37.697481 | 9429  | ALLOC |      4.00 |               192.00 | 3710461 |                N/A
05:28:37.697693 | 200697 | FREE  |     32.00 |                 0.00 | 3359872 |                N/A
05:28:37.697853 | 200723 | ALLOC |      4.00 |                 8.00 | 3727161 | 562017487517019520
05:28:37.697863 | 200723 | ALLOC |     16.00 |                24.00 | 3579532 | 562017487517019520
05:28:37.697870 | 200723 | ALLOC |      4.00 |                28.00 | 3727160 | 562017487517019520
05:28:37.697917 | 200723 | ALLOC |      4.00 |                32.00 | 3459914 | 562017487517019520
05:28:37.697922 | 200723 | ALLOC |      4.00 |                36.00 | 3727159 | 562017487517019520
05:28:37.697941 | 200723 | ALLOC |      4.00 |                40.00 | 3727154 | 562017487517019520
05:28:37.697947 | 200723 | ALLOC |     32.00 |                72.00 | 3359872 | 562017487517019520
05:28:37.698055 | 200723 | ALLOC |      4.00 |                76.00 | 3220315 | 562017487517019520
05:28:37.698058 | 200723 | ALLOC |      4.00 |                80.00 | 3724806 | 562017487517019520
05:28:37.698112 | 200723 | ALLOC |      4.00 |                84.00 | 3724807 | 562017487517019520
05:28:37.698300 | 200748 | ALLOC |     32.00 |                32.00 | 3579672 |                N/A
05:28:37.698366 | 200747 | ALLOC |      4.00 |                 4.00 | 3595685 | 636835206775895168,706778826815226368,546881539092688000
05:28:37.698370 | 200747 | ALLOC |      4.00 |                 8.00 | 3333954 | 636835206775895168,706778826815226368,546881539092688000
05:28:37.698392 | 200747 | ALLOC |      4.00 |                12.00 | 1589447 | 636835206775895168,706778826815226368,546881539092688000
05:28:37.698406 | 200747 | ALLOC |      4.00 |                16.00 | 3026375 | 636835206775895168,706778826815226368,546881539092688000
05:28:37.698419 | 200747 | ALLOC |     32.00 |                48.00 | 3579504 | 636835206775895168,706778826815226368,546881539092688000
05:28:37.698641 | 10081 | ALLOC |      4.00 |                24.00 | 2460749 |                N/A
05:28:37.698703 | 200648 | ALLOC |      8.00 |               108.00 | 3595692 | 331213479527882560,636835206775895168,706778826815226368,1144672601494410496,555477447468886912,546881539092688000
05:28:37.698715 | 200648 | ALLOC |      4.00 |               112.00 | 3526142 | 331213479527882560,636835206775895168,706778826815226368,1144672601494410496,555477447468886912,546881539092688000
05:28:37.698726 | 200651 | FREE  |      4.00 |                 0.00 | 3327467 |                N/A
05:28:37.698728 | 200651 | FREE  |      4.00 |                 0.00 | 3327466 |                N/A
05:28:37.698730 | 200649 | FREE  |      4.00 |               112.00 | 3671793 | 644551850738674432,562017487517019520,273078355749895200,16721190419364752,903922250823434368
05:28:37.698732 | 200649 | FREE  |      4.00 |               108.00 | 3671792 | 644551850738674432,562017487517019520,273078355749895200,16721190419364752,903922250823434368
05:28:37.698780 | 200753 | FREE  |     32.00 |                 0.00 | 3563088 |                N/A
05:28:37.698839 | 200751 | ALLOC |      4.00 |                48.00 | 3671792 | 809977241386262272,555477447468886912
05:28:37.698846 | 200751 | ALLOC |      4.00 |                52.00 | 3671793 | 809977241386262272,555477447468886912
05:28:37.698938 | 200751 | ALLOC |      4.00 |                56.00 | 3327466 | 809977241386262272,555477447468886912
05:28:37.698950 | 200751 | ALLOC |     32.00 |                88.00 | 3563088 | 809977241386262272,555477447468886912
05:28:37.699079 | 200759 | FREE  |     32.00 |                 0.00 | 3606920 |                N/A
05:28:37.699219 | 10293 | ALLOC |      4.00 |                32.00 | 3327467 |                N/A
05:28:37.699256 | 200751 | ALLOC |      4.00 |                92.00 | 3724804 | 809977241386262272,555477447468886912
05:28:37.699393 | 200769 | ALLOC |      4.00 |                52.00 | 3724805 |                N/A
05:28:37.699480 | 200668 | FREE  |      4.00 |                 0.00 | 3678954 |                N/A
05:28:37.699482 | 200638 | FREE  |      4.00 |                68.00 | 1810977 | 886041221535080576
05:28:37.699484 | 200638 | FREE  |      4.00 |                64.00 | 1810976 | 886041221535080576
05:28:37.699522 | 200756 | ALLOC |      4.00 |                12.00 | 1810976 | 241083423082069984
05:28:37.699560 | 200756 | ALLOC |      4.00 |                16.00 | 1810977 | 241083423082069984
05:28:37.699573 | 200756 | ALLOC |      4.00 |                20.00 | 3678954 | 241083423082069984
05:28:37.699607 | 200756 | ALLOC |      4.00 |                24.00 | 3246559 | 241083423082069984
05:28:37.699700 | 200704 | FREE  |     32.00 |                 0.00 | 3660512 |                N/A
05:28:37.699734 | 200786 | ALLOC |     32.00 |                32.00 | 3660512 |                N/A
05:28:37.699966 | 200791 | ALLOC |     32.00 |                32.00 | 3606920 |                N/A
05:28:37.700169 | 8635  | ALLOC |     32.00 |                32.00 | 3646160 |                N/A
05:28:37.700175 | 200791 | FREE  |     32.00 |                 0.00 | 3606920 |                N/A
05:28:37.700498 | 9805  | ALLOC |      4.00 |               124.00 | 3714180 |                N/A
05:28:37.700516 | 9805  | ALLOC |      4.00 |               128.00 | 2892719 |                N/A
05:28:37.700534 | 9805  | ALLOC |      4.00 |               132.00 | 3714295 |                N/A
05:28:37.700740 | 200816 | ALLOC |      4.00 |                 4.00 | 3548595 | 386453419060398400
05:28:37.700757 | 200816 | ALLOC |      4.00 |                 8.00 | 3389313 | 386453419060398400
05:28:37.700779 | 200816 | ALLOC |      4.00 |                12.00 | 3538475 | 386453419060398400
05:28:37.700794 | 200816 | ALLOC |      4.00 |                16.00 | 3675616 | 386453419060398400
05:28:37.700805 | 200816 | ALLOC |      4.00 |                20.00 | 1995548 | 386453419060398400
05:28:37.700816 | 200723 | FREE  |      4.00 |               116.00 | 3724806 | 562017487517019520
05:28:37.700819 | 200723 | FREE  |      4.00 |               112.00 | 3724807 | 562017487517019520
05:28:37.700828 | 200816 | ALLOC |      4.00 |                24.00 | 3724807 | 386453419060398400
05:28:37.700834 | 200816 | ALLOC |      4.00 |                28.00 | 3724806 | 386453419060398400
05:28:37.700839 | 200816 | ALLOC |      4.00 |                32.00 | 3690769 | 386453419060398400
05:28:37.700849 | 200816 | ALLOC |      4.00 |                36.00 | 3684449 | 386453419060398400
05:28:37.700855 | 200816 | ALLOC |      4.00 |                40.00 | 3671890 | 386453419060398400
05:28:37.700869 | 200816 | ALLOC |      4.00 |                44.00 | 3637558 | 386453419060398400
05:28:37.700900 | 200816 | ALLOC |      4.00 |                48.00 | 3539894 | 386453419060398400
05:28:37.700904 | 200816 | ALLOC |      4.00 |                52.00 | 2870684 | 386453419060398400
05:28:37.701041 | 200816 | ALLOC |      4.00 |                56.00 | 2966259 | 386453419060398400
05:28:37.701116 | 200816 | ALLOC |      4.00 |                60.00 | 3233303 | 386453419060398400
05:28:37.701126 | 200816 | ALLOC |     32.00 |                92.00 | 3606920 | 386453419060398400
05:28:37.701581 | 200800 | ALLOC |      4.00 |                88.00 | 3699308 | 331213479527882560,636835206775895168,706778826815226368
05:28:37.701776 | 200824 | ALLOC |      4.00 |                 4.00 | 3699310 |                N/A
05:28:37.701798 | 200824 | ALLOC |      4.00 |                 8.00 | 2966051 |                N/A
05:28:37.701803 | 200824 | ALLOC |      4.00 |                12.00 | 1970145 |                N/A
05:28:37.701806 | 200824 | ALLOC |      4.00 |                16.00 | 2909239 |                N/A
05:28:37.701812 | 200824 | ALLOC |      4.00 |                20.00 | 1899348 |                N/A
05:28:37.701816 | 200824 | ALLOC |      4.00 |                24.00 | 3098437 |                N/A
05:28:37.701819 | 200824 | ALLOC |      4.00 |                28.00 | 3112341 |                N/A
05:28:37.701824 | 200824 | ALLOC |      4.00 |                32.00 | 3601486 |                N/A
05:28:37.701831 | 200824 | ALLOC |      4.00 |                36.00 | 1931498 |                N/A
05:28:37.701834 | 200824 | ALLOC |      4.00 |                40.00 | 3635764 |                N/A
05:28:37.701847 | 200824 | ALLOC |      4.00 |                44.00 | 1930281 |                N/A
05:28:37.701851 | 200824 | ALLOC |      4.00 |                48.00 | 3261962 |                N/A
05:28:37.701854 | 200824 | ALLOC |      4.00 |                52.00 | 3262349 |                N/A
05:28:37.701866 | 200824 | ALLOC |      4.00 |                56.00 | 3073854 |                N/A
05:28:37.701881 | 200824 | ALLOC |      4.00 |                60.00 | 3333128 |                N/A
05:28:37.701885 | 200824 | ALLOC |      4.00 |                64.00 | 1838657 |                N/A
05:28:37.701904 | 200824 | ALLOC |     32.00 |                96.00 | 3561824 |                N/A
05:28:37.701992 | 200824 | ALLOC |      4.00 |               100.00 | 3032774 |                N/A
05:28:37.701996 | 200824 | ALLOC |      4.00 |               104.00 | 2063880 |                N/A
05:28:37.702017 | 200824 | ALLOC |      4.00 |               108.00 | 3154856 |                N/A
05:28:37.702035 | 200824 | ALLOC |      4.00 |               112.00 | 2865685 |                N/A
05:28:37.702098 | 200824 | ALLOC |      4.00 |               116.00 | 2915214 |                N/A
05:28:37.702103 | 200824 | ALLOC |      4.00 |               120.00 | 3037528 |                N/A
05:28:37.702500 | 200829 | ALLOC |      4.00 |                 4.00 | 2149926 |                N/A
05:28:37.702510 | 200829 | ALLOC |      4.00 |                 8.00 | 2975327 |                N/A
05:28:37.702526 | 200829 | ALLOC |      4.00 |                12.00 | 1381875 |                N/A
05:28:37.702540 | 200829 | ALLOC |      4.00 |                16.00 | 3003856 |                N/A
05:28:37.702570 | 200829 | ALLOC |     32.00 |                48.00 | 3606560 |                N/A
05:28:37.702657 | 200829 | ALLOC |      4.00 |                52.00 | 2935642 |                N/A
05:28:37.702662 | 200829 | ALLOC |      4.00 |                56.00 | 3257692 |                N/A
05:28:37.702665 | 200829 | ALLOC |      4.00 |                60.00 | 3113439 |                N/A
05:28:37.702669 | 200829 | ALLOC |      4.00 |                64.00 | 2978764 |                N/A
05:28:37.702672 | 200829 | ALLOC |      4.00 |                68.00 | 2968290 |                N/A
05:28:37.702689 | 200829 | ALLOC |      4.00 |                72.00 | 2878504 |                N/A
05:28:37.702696 | 200829 | ALLOC |      4.00 |                76.00 | 2026379 |                N/A
05:28:37.702699 | 200829 | ALLOC |      4.00 |                80.00 | 3075754 |                N/A
05:28:37.702706 | 200829 | ALLOC |      4.00 |                84.00 | 2140483 |                N/A
05:28:37.702710 | 200829 | ALLOC |      4.00 |                88.00 | 1847623 |                N/A
05:28:37.702761 | 200829 | ALLOC |      4.00 |                92.00 | 3020447 |                N/A
05:28:37.702765 | 200829 | ALLOC |      4.00 |                96.00 | 2954534 |                N/A
05:28:37.694846 | 9429  | ALLOC |      4.00 |                72.00 | 3668314 |                N/A
05:28:37.694898 | 200639 | ALLOC |      4.00 |                 4.00 | 3668315 |                N/A
05:28:37.695065 | 9429  | ALLOC |      4.00 |                76.00 | 3668316 |                N/A
05:28:37.695892 | 200639 | ALLOC |      4.00 |                 8.00 | 3328892 |                N/A
05:28:37.695898 | 200639 | ALLOC |      4.00 |                12.00 | 3668317 |                N/A
05:28:37.695907 | 200639 | ALLOC |      4.00 |                16.00 | 3668318 |                N/A
05:28:37.695920 | 200639 | ALLOC |      4.00 |                20.00 | 3668319 |                N/A
05:28:37.695962 | 200639 | ALLOC |      4.00 |                24.00 | 3717784 |                N/A
05:28:37.695975 | 200639 | ALLOC |      4.00 |                28.00 | 3717785 |                N/A
05:28:37.696013 | 200639 | ALLOC |      4.00 |                32.00 | 3717786 |                N/A
05:28:37.696245 | 200639 | ALLOC |     32.00 |                64.00 | 3561784 |                N/A
05:28:37.696336 | 9764  | ALLOC |      4.00 |                 4.00 | 3717787 |                N/A
05:28:37.696345 | 9764  | ALLOC |      4.00 |                 8.00 | 3717788 |                N/A
05:28:37.696473 | 200670 | ALLOC |      4.00 |                 4.00 | 3717789 |                N/A
05:28:37.696540 | 200670 | ALLOC |      4.00 |                 8.00 | 3717790 |                N/A
05:28:37.696557 | 200670 | ALLOC |      4.00 |                12.00 | 3717791 |                N/A
05:28:37.696583 | 200670 | ALLOC |      4.00 |                16.00 | 3715528 |                N/A
05:28:37.696649 | 200634 | FREE  |     32.00 |                 0.00 | 3557032 |                N/A
05:28:37.696753 | 200670 | ALLOC |     32.00 |                48.00 | 3557032 |                N/A
05:28:37.696824 | 200682 | ALLOC |     32.00 |                32.00 | 3359872 |                N/A
05:28:37.696939 | 200646 | FREE  |     32.00 |                 0.00 | 3660512 |                N/A
05:28:37.697018 | 200690 | ALLOC |     32.00 |                32.00 | 3660512 |                N/A
05:28:37.697023 | 200670 | FREE  |     32.00 |                 0.00 | 3557032 |                N/A
05:28:37.697026 | 200682 | FREE  |     32.00 |                 0.00 | 3359872 |                N/A
05:28:37.697284 | 200697 | ALLOC |     32.00 |                32.00 | 3359872 |                N/A
05:28:37.697291 | 200690 | FREE  |     32.00 |                 0.00 | 3660512 |                N/A
05:28:37.697396 | 200704 | ALLOC |      4.00 |                 4.00 | 3060649 |                N/A
05:28:37.697400 | 200704 | ALLOC |      4.00 |                 8.00 | 3715529 |                N/A
05:28:37.697415 | 200704 | ALLOC |      4.00 |                12.00 | 3715530 |                N/A
05:28:37.697465 | 200704 | ALLOC |      4.00 |                16.00 | 3715531 |                N/A
05:28:37.698105 | 200704 | ALLOC |     32.00 |                48.00 | 3660512 |                N/A
05:28:37.698814 | 200750 | FREE  |     32.00 |                 0.00 | 2929592 |                N/A
05:28:37.698823 | 200693 | FREE  |     32.00 |                 0.00 | 3560288 |                N/A
05:28:37.699102 | 200769 | ALLOC |      4.00 |                 4.00 | 3715532 |                N/A
05:28:37.699116 | 200769 | ALLOC |      4.00 |                 8.00 | 3715533 |                N/A
05:28:37.699137 | 200769 | ALLOC |      4.00 |                12.00 | 3715534 |                N/A
05:28:37.699160 | 200769 | ALLOC |      4.00 |                16.00 | 3678910 |                N/A
05:28:37.699200 | 200769 | ALLOC |     32.00 |                48.00 | 3560288 |                N/A
05:28:37.699549 | 200774 | ALLOC |      8.00 |                 8.00 | 3450682 | 87649271374118576,364767072889433600
05:28:37.699566 | 200774 | ALLOC |      4.00 |                12.00 | 3627915 | 87649271374118576,364767072889433600
05:28:37.699570 | 200774 | ALLOC |      4.00 |                16.00 | 3678911 | 87649271374118576,364767072889433600
05:28:37.699590 | 200774 | ALLOC |      4.00 |                20.00 | 3524736 | 87649271374118576,364767072889433600
05:28:37.699606 | 200774 | ALLOC |      4.00 |                24.00 | 3524737 | 87649271374118576,364767072889433600
05:28:37.699617 | 200774 | ALLOC |      4.00 |                28.00 | 3524738 | 87649271374118576,364767072889433600
05:28:37.699622 | 200774 | ALLOC |      4.00 |                32.00 | 3524739 | 87649271374118576,364767072889433600
05:28:37.699633 | 200774 | ALLOC |      4.00 |                36.00 | 3524740 | 87649271374118576,364767072889433600
05:28:37.699638 | 200774 | ALLOC |      4.00 |                40.00 | 3524741 | 87649271374118576,364767072889433600
05:28:37.699653 | 200774 | ALLOC |      4.00 |                44.00 | 3524742 | 87649271374118576,364767072889433600
05:28:37.699663 | 200774 | ALLOC |     32.00 |                76.00 | 2929592 | 87649271374118576,364767072889433600
05:28:37.699701 | 200779 | ALLOC |      4.00 |                 4.00 | 3524743 |                N/A
05:28:37.699725 | 200779 | ALLOC |     32.00 |                36.00 | 3557032 |                N/A
05:28:37.700025 | 200779 | FREE  |     32.00 |                 0.00 | 3557032 |                N/A
05:28:37.700197 | 200783 | FREE  |     32.00 |                 0.00 | 3597624 |                N/A
05:28:37.700292 | 200774 | ALLOC |      4.00 |                80.00 | 3524744 | 87649271374118576,364767072889433600
05:28:37.700302 | 200639 | FREE  |      4.00 |                 0.00 | 3668315 |                N/A
05:28:37.700304 | 200639 | FREE  |      4.00 |                 0.00 | 3668318 |                N/A
05:28:37.700306 | 200639 | FREE  |      4.00 |                 0.00 | 3717784 |                N/A
05:28:37.700308 | 200639 | FREE  |      4.00 |                 0.00 | 3717786 |                N/A
05:28:37.700310 | 200670 | FREE  |      4.00 |                 0.00 | 3717789 |                N/A
05:28:37.700312 | 200670 | FREE  |      4.00 |                 0.00 | 3717790 |                N/A
05:28:37.700315 | 200670 | FREE  |      4.00 |                 0.00 | 3717791 |                N/A
05:28:37.700316 | 200670 | FREE  |      4.00 |                 0.00 | 3715528 |                N/A
05:28:37.700318 | 200779 | FREE  |      4.00 |                 0.00 | 3524743 |                N/A
05:28:37.700385 | 200797 | ALLOC |     32.00 |                32.00 | 3597624 |                N/A
05:28:37.700563 | 200648 | ALLOC |     32.00 |               144.00 | 3557032 | 331213479527882560,636835206775895168,706778826815226368,1144672601494410496,555477447468886912,546881539092688000
05:28:37.700729 | 9805  | ALLOC |      4.00 |               148.00 | 3524743 |                N/A
05:28:37.700749 | 9805  | ALLOC |      4.00 |               152.00 | 3715528 |                N/A
05:28:37.700766 | 9805  | ALLOC |      4.00 |               156.00 | 3717791 |                N/A
05:28:37.700818 | 9805  | ALLOC |      4.00 |               160.00 | 3717790 |                N/A
05:28:37.700831 | 9805  | ALLOC |      4.00 |               164.00 | 3627919 |                N/A
05:28:37.700835 | 9805  | ALLOC |      4.00 |               168.00 | 3717789 |                N/A
05:28:37.700844 | 9805  | ALLOC |      4.00 |               172.00 | 3717786 |                N/A
05:28:37.701021 | 200778 | ALLOC |     32.00 |               104.00 | 2581272 | 232095291636170656
05:28:37.701048 | 200805 | FREE  |     32.00 |                 0.00 | 3561608 |                N/A
05:28:37.701212 | 200818 | ALLOC |      4.00 |                76.00 | 3717784 | 644551850738674432,710051034486130816,886041221535080576
05:28:37.695449 | 200650 | ALLOC |      4.00 |                 4.00 | 3572745 | 710051034486130816,419530427290733440,806621659014988672,391200338986263424,1026330485038806528,241083423082069984
05:28:37.695452 | 200650 | ALLOC |      4.00 |                 8.00 | 3524645 | 710051034486130816,419530427290733440,806621659014988672,391200338986263424,1026330485038806528,241083423082069984
05:28:37.695466 | 200650 | ALLOC |      4.00 |                12.00 | 3524646 | 710051034486130816,419530427290733440,806621659014988672,391200338986263424,1026330485038806528,241083423082069984
05:28:37.695479 | 200650 | ALLOC |      4.00 |                16.00 | 3524647 | 710051034486130816,419530427290733440,806621659014988672,391200338986263424,1026330485038806528,241083423082069984
05:28:37.695521 | 200650 | ALLOC |      4.00 |                20.00 | 3524648 | 710051034486130816,419530427290733440,806621659014988672,391200338986263424,1026330485038806528,241083423082069984
05:28:37.695560 | 200650 | ALLOC |      4.00 |                24.00 | 3378527 | 710051034486130816,419530427290733440,806621659014988672,391200338986263424,1026330485038806528,241083423082069984
05:28:37.695563 | 200650 | ALLOC |      4.00 |                28.00 | 3524649 | 710051034486130816,419530427290733440,806621659014988672,391200338986263424,1026330485038806528,241083423082069984
05:28:37.695584 | 200650 | ALLOC |      4.00 |                32.00 | 3524650 | 710051034486130816,419530427290733440,806621659014988672,391200338986263424,1026330485038806528,241083423082069984
05:28:37.695608 | 200650 | ALLOC |      4.00 |                36.00 | 3467272 | 710051034486130816,419530427290733440,806621659014988672,391200338986263424,1026330485038806528,241083423082069984
05:28:37.695611 | 200650 | ALLOC |      4.00 |                40.00 | 3524651 | 710051034486130816,419530427290733440,806621659014988672,391200338986263424,1026330485038806528,241083423082069984
05:28:37.695651 | 200653 | ALLOC |      4.00 |                 4.00 | 3467273 |                N/A
05:28:37.695655 | 200653 | ALLOC |      4.00 |                 8.00 | 3524652 |                N/A
05:28:37.695674 | 200653 | ALLOC |      4.00 |                12.00 | 3524653 |                N/A
05:28:37.695741 | 200653 | ALLOC |      4.00 |                16.00 | 3524654 |                N/A
05:28:37.695766 | 200653 | ALLOC |      4.00 |                20.00 | 3524655 |                N/A
05:28:37.695770 | 200653 | ALLOC |      4.00 |                24.00 | 3524656 |                N/A
05:28:37.695779 | 200653 | ALLOC |      4.00 |                28.00 | 3524657 |                N/A
05:28:37.695976 | 200652 | ALLOC |     32.00 |                60.00 | 3471352 |                N/A
05:28:37.696081 | 200645 | ALLOC |      8.00 |                 8.00 | 2853488 |                N/A
05:28:37.696108 | 200645 | ALLOC |      4.00 |                12.00 | 3460084 |                N/A
05:28:37.696180 | 200645 | ALLOC |      4.00 |                16.00 | 3524658 |                N/A
05:28:37.696189 | 200645 | ALLOC |      4.00 |                20.00 | 3524659 |                N/A
05:28:37.696201 | 200645 | ALLOC |      4.00 |                24.00 | 3524660 |                N/A
05:28:37.696221 | 200635 | FREE  |     32.00 |                 0.00 | 3560288 |                N/A
05:28:37.696269 | 200645 | ALLOC |      4.00 |                28.00 | 3524661 |                N/A
05:28:37.696281 | 200645 | ALLOC |      4.00 |                32.00 | 3524662 |                N/A
05:28:37.696290 | 200645 | ALLOC |      4.00 |                36.00 | 3524663 |                N/A
05:28:37.696318 | 200645 | ALLOC |      4.00 |                40.00 | 3524664 |                N/A
05:28:37.696395 | 200642 | ALLOC |      4.00 |                20.00 | 3524665 |                N/A
05:28:37.696407 | 200642 | ALLOC |      4.00 |                24.00 | 3524666 |                N/A
05:28:37.696413 | 200642 | ALLOC |      4.00 |                28.00 | 3524667 |                N/A
05:28:37.696435 | 200642 | ALLOC |      4.00 |                32.00 | 3524668 |                N/A
05:28:37.696621 | 200642 | ALLOC |     32.00 |                64.00 | 3560288 |                N/A
05:28:37.696661 | 200645 | ALLOC |     32.00 |                72.00 | 3525896 |                N/A
05:28:37.696771 | 200678 | ALLOC |      4.00 |                 4.00 | 3524669 | 386453419060398400,653174923090909184,764886907736861184,87649271374118576,364767072889433600
05:28:37.696959 | 200688 | ALLOC |     32.00 |                32.00 | 3550320 |                N/A
05:28:37.697015 | 200672 | FREE  |     32.00 |                 0.00 | 3643672 |                N/A
05:28:37.697073 | 200688 | FREE  |     32.00 |                 0.00 | 3550320 |                N/A
05:28:37.697117 | 200694 | ALLOC |      4.00 |                 4.00 | 3524670 |                N/A
05:28:37.697139 | 200694 | ALLOC |     32.00 |                36.00 | 3550320 |                N/A
05:28:37.697282 | 200694 | FREE  |     32.00 |                 0.00 | 3550320 |                N/A
05:28:37.697351 | 9856  | ALLOC |      4.00 |                 4.00 | 3524671 |                N/A
05:28:37.697364 | 9856  | ALLOC |      4.00 |                 8.00 | 3723136 |                N/A
05:28:37.697436 | 200712 | ALLOC |      8.00 |                 8.00 | 3060256 |                N/A
05:28:37.697453 | 200712 | ALLOC |      4.00 |                12.00 | 3460085 |                N/A
05:28:37.697457 | 200712 | ALLOC |      4.00 |                16.00 | 3723137 |                N/A
05:28:37.697471 | 200712 | ALLOC |      4.00 |                20.00 | 3723138 |                N/A
05:28:37.697485 | 200712 | ALLOC |     32.00 |                52.00 | 3550320 |                N/A
05:28:37.697667 | 200721 | ALLOC |     32.00 |                32.00 | 3643672 |                N/A
05:28:37.697803 | 200724 | ALLOC |     32.00 |                32.00 | 3558928 |                N/A
05:28:37.697959 | 200678 | ALLOC |     32.00 |                68.00 | 3660016 | 386453419060398400,653174923090909184,764886907736861184,87649271374118576,364767072889433600
05:28:37.698024 | 200737 | ALLOC |     32.00 |                32.00 | 3629440 |                N/A
05:28:37.698059 | 200727 | ALLOC |      4.00 |                 8.00 | 3723139 |                N/A
05:28:37.698076 | 200727 | ALLOC |      4.00 |                12.00 | 3723140 |                N/A
05:28:37.698124 | 200727 | ALLOC |      4.00 |                16.00 | 3723141 |                N/A
05:28:37.698129 | 200727 | ALLOC |      4.00 |                20.00 | 3723142 |                N/A
05:28:37.698143 | 200727 | ALLOC |      4.00 |                24.00 | 3723143 |                N/A
05:28:37.698172 | 200727 | ALLOC |      4.00 |                28.00 | 3723144 |                N/A
05:28:37.698257 | 200740 | ALLOC |     32.00 |                32.00 | 3436760 |                N/A
05:28:37.698288 | 200737 | FREE  |     32.00 |                 0.00 | 3629440 |                N/A
05:28:37.698411 | 9856  | ALLOC |      4.00 |                80.00 | 3723145 |                N/A
05:28:37.698429 | 9856  | ALLOC |      4.00 |                84.00 | 3723146 |                N/A
05:28:37.698439 | 9856  | ALLOC |      4.00 |                88.00 | 3723147 |                N/A
05:28:37.698631 | 200758 | ALLOC |      4.00 |                 4.00 | 3525708 | 87649271374118576,1144672601494410496,806621659014988672
05:28:37.698635 | 200758 | ALLOC |      4.00 |                 8.00 | 3525709 | 87649271374118576,1144672601494410496,806621659014988672
05:28:37.698640 | 200758 | ALLOC |      4.00 |                12.00 | 3723148 | 87649271374118576,1144672601494410496,806621659014988672
05:28:37.698659 | 200758 | ALLOC |      4.00 |                16.00 | 3723149 | 87649271374118576,1144672601494410496,806621659014988672
05:28:37.698672 | 200758 | ALLOC |      4.00 |                20.00 | 3723150 | 87649271374118576,1144672601494410496,806621659014988672
05:28:37.698949 | 200758 | ALLOC |      4.00 |                24.00 | 3723151 | 87649271374118576,1144672601494410496,806621659014988672
05:28:37.698959 | 200758 | ALLOC |      4.00 |                28.00 | 3723152 | 87649271374118576,1144672601494410496,806621659014988672
05:28:37.698972 | 200758 | ALLOC |      4.00 |                32.00 | 3723153 | 87649271374118576,1144672601494410496,806621659014988672
05:28:37.698978 | 200758 | ALLOC |      4.00 |                36.00 | 3723154 | 87649271374118576,1144672601494410496,806621659014988672
05:28:37.698989 | 200758 | ALLOC |     32.00 |                68.00 | 3629440 | 87649271374118576,1144672601494410496,806621659014988672
05:28:37.699028 | 200740 | FREE  |     32.00 |                 0.00 | 3436760 |                N/A
05:28:37.699198 | 200725 | FREE  |     32.00 |                 0.00 | 3550320 |                N/A
05:28:37.699221 | 200772 | ALLOC |      4.00 |                 4.00 | 3723155 |                N/A
05:28:37.699250 | 200772 | ALLOC |      4.00 |                 8.00 | 3723156 |                N/A
05:28:37.699264 | 200772 | ALLOC |      4.00 |                12.00 | 3723157 |                N/A
05:28:37.699284 | 200772 | ALLOC |      4.00 |                16.00 | 3723158 |                N/A
05:28:37.699300 | 200772 | ALLOC |      4.00 |                20.00 | 3723159 |                N/A
05:28:37.699346 | 200772 | ALLOC |     32.00 |                52.00 | 3550320 |                N/A
05:28:37.699429 | 200755 | ALLOC |      4.00 |                96.00 | 3723160 | 386453419060398400,653174923090909184
05:28:37.699519 | 9429  | ALLOC |      4.00 |               292.00 | 3158906 |                N/A
05:28:37.699523 | 9429  | ALLOC |      4.00 |               296.00 | 3723161 |                N/A
05:28:37.699533 | 9429  | ALLOC |      4.00 |               300.00 | 3723162 |                N/A
05:28:37.699575 | 200723 | ALLOC |      4.00 |                88.00 | 3158907 | 562017487517019520
05:28:37.699586 | 200645 | FREE  |      4.00 |                 0.00 | 3524664 |                N/A
05:28:37.699588 | 200645 | FREE  |      4.00 |                 0.00 | 3524661 |                N/A
05:28:37.699589 | 200645 | FREE  |      4.00 |                 0.00 | 3524663 |                N/A
05:28:37.699591 | 200645 | FREE  |      4.00 |                 0.00 | 3524659 |                N/A
05:28:37.699593 | 200632 | FREE  |      4.00 |                52.00 | 3684307 | 386453419060398400
05:28:37.699595 | 200632 | FREE  |      4.00 |                48.00 | 3684306 | 386453419060398400
05:28:37.699606 | 200723 | ALLOC |     32.00 |               120.00 | 3436760 | 562017487517019520
05:28:37.699657 | 9429  | ALLOC |      4.00 |               304.00 | 3684306 |                N/A
05:28:37.699678 | 9429  | ALLOC |      4.00 |               308.00 | 3684307 |                N/A
05:28:37.699758 | 200787 | ALLOC |     32.00 |                32.00 | 3574712 |                N/A
05:28:37.699867 | 200788 | ALLOC |      4.00 |                 4.00 | 3378625 | 903922250823434368,886041221535080576
05:28:37.699871 | 200788 | ALLOC |      4.00 |                 8.00 | 3524659 | 903922250823434368,886041221535080576
05:28:37.699891 | 200788 | ALLOC |      4.00 |                12.00 | 3524663 | 903922250823434368,886041221535080576
05:28:37.699897 | 200727 | FREE  |      4.00 |                 0.00 | 3723141 |                N/A
05:28:37.699899 | 200727 | FREE  |      4.00 |                 0.00 | 3723142 |                N/A
05:28:37.699901 | 200727 | FREE  |      4.00 |                 0.00 | 3723144 |                N/A
05:28:37.699913 | 200788 | ALLOC |      4.00 |                16.00 | 3723144 | 903922250823434368,886041221535080576
05:28:37.699928 | 200788 | ALLOC |      4.00 |                20.00 | 3723142 | 903922250823434368,886041221535080576
05:28:37.699936 | 200788 | ALLOC |      4.00 |                24.00 | 3723141 | 903922250823434368,886041221535080576
05:28:37.699947 | 200788 | ALLOC |      4.00 |                28.00 | 3524661 | 903922250823434368,886041221535080576
05:28:37.699953 | 200788 | ALLOC |      4.00 |                32.00 | 3524664 | 903922250823434368,886041221535080576
05:28:37.699964 | 200788 | ALLOC |     32.00 |                64.00 | 3603328 | 903922250823434368,886041221535080576
05:28:37.699970 | 200787 | FREE  |     32.00 |                 0.00 | 3574712 |                N/A
05:28:37.700215 | 200638 | ALLOC |      4.00 |                68.00 | 3723163 | 886041221535080576
05:28:37.700238 | 200638 | ALLOC |      4.00 |                72.00 | 3723164 | 886041221535080576
05:28:37.700252 | 200638 | ALLOC |      4.00 |                76.00 | 3723165 | 886041221535080576
05:28:37.700293 | 200638 | ALLOC |      4.00 |                80.00 | 3723166 | 886041221535080576
05:28:37.700386 | 200794 | ALLOC |      4.00 |                64.00 | 3723167 | 903922250823434368,273078355749895200
05:28:37.700481 | 200794 | ALLOC |      4.00 |                68.00 | 3715552 | 903922250823434368,273078355749895200
05:28:37.700492 | 200794 | ALLOC |     32.00 |               100.00 | 3574712 | 903922250823434368,273078355749895200
05:28:37.700604 | 200638 | ALLOC |     32.00 |               112.00 | 3560400 | 886041221535080576
05:28:37.700658 | 200811 | ALLOC |     32.00 |                32.00 | 3634672 |                N/A
05:28:37.700768 | 10234 | ALLOC |      4.00 |                24.00 | 3715553 |                N/A
05:28:37.700896 | 200818 | ALLOC |      4.00 |                 4.00 | 1827246 | 644551850738674432,710051034486130816,886041221535080576
05:28:37.700900 | 200818 | ALLOC |      4.00 |                 8.00 | 3550667 | 644551850738674432,710051034486130816,886041221535080576
05:28:37.700903 | 200818 | ALLOC |      4.00 |                12.00 | 3715554 | 644551850738674432,710051034486130816,886041221535080576
05:28:37.700922 | 200818 | ALLOC |      4.00 |                16.00 | 3715555 | 644551850738674432,710051034486130816,886041221535080576
05:28:37.700934 | 200818 | ALLOC |      4.00 |                20.00 | 3715556 | 644551850738674432,710051034486130816,886041221535080576
05:28:37.700943 | 200818 | ALLOC |      4.00 |                24.00 | 3715557 | 644551850738674432,710051034486130816,886041221535080576
05:28:37.700948 | 200818 | ALLOC |      4.00 |                28.00 | 3715558 | 644551850738674432,710051034486130816,886041221535080576
05:28:37.700957 | 200818 | ALLOC |      4.00 |                32.00 | 3715559 | 644551850738674432,710051034486130816,886041221535080576
05:28:37.700962 | 200818 | ALLOC |      4.00 |                36.00 | 3715560 | 644551850738674432,710051034486130816,886041221535080576
05:28:37.700976 | 200818 | ALLOC |      4.00 |                40.00 | 3715561 | 644551850738674432,710051034486130816,886041221535080576
05:28:37.700986 | 200818 | ALLOC |     32.00 |                72.00 | 3526648 | 644551850738674432,710051034486130816,886041221535080576
05:28:37.701030 | 200800 | ALLOC |      4.00 |                84.00 | 3715562 | 331213479527882560,636835206775895168,706778826815226368
05:28:37.696058 | 9506  | ALLOC |      4.00 |                 4.00 | 3290654 |                N/A
05:28:37.696070 | 9506  | ALLOC |      4.00 |                 8.00 | 3290655 |                N/A
05:28:37.696130 | 9506  | ALLOC |      4.00 |                12.00 | 3497346 |                N/A
05:28:37.696135 | 9506  | ALLOC |      4.00 |                16.00 | 3717792 |                N/A
05:28:37.696140 | 9506  | ALLOC |      4.00 |                20.00 | 3717793 |                N/A
05:28:37.696148 | 9506  | ALLOC |      8.00 |                28.00 | 3597752 |                N/A
05:28:37.696153 | 9506  | ALLOC |      4.00 |                32.00 | 3717794 |                N/A
05:28:37.696213 | 9506  | ALLOC |      4.00 |                36.00 | 3657447 |                N/A
05:28:37.696216 | 9506  | ALLOC |      4.00 |                40.00 | 3717795 |                N/A
05:28:37.696225 | 9506  | ALLOC |      4.00 |                44.00 | 3717796 |                N/A
05:28:37.696307 | 200661 | ALLOC |      4.00 |                 4.00 | 3660779 | 644551850738674432,419530427290733440,764886907736861184,87649271374118576,809977241386262272,562017487517019520,391200338986263424,1026330485038806528
05:28:37.696310 | 200661 | ALLOC |      4.00 |                 8.00 | 3328037 | 644551850738674432,419530427290733440,764886907736861184,87649271374118576,809977241386262272,562017487517019520,391200338986263424,1026330485038806528
05:28:37.696314 | 200661 | ALLOC |      4.00 |                12.00 | 3717797 | 644551850738674432,419530427290733440,764886907736861184,87649271374118576,809977241386262272,562017487517019520,391200338986263424,1026330485038806528
05:28:37.696333 | 200661 | ALLOC |      4.00 |                16.00 | 3717798 | 644551850738674432,419530427290733440,764886907736861184,87649271374118576,809977241386262272,562017487517019520,391200338986263424,1026330485038806528
05:28:37.696348 | 200661 | ALLOC |      4.00 |                20.00 | 3717799 | 644551850738674432,419530427290733440,764886907736861184,87649271374118576,809977241386262272,562017487517019520,391200338986263424,1026330485038806528
05:28:37.696362 | 200661 | ALLOC |     32.00 |                52.00 | 3450256 | 644551850738674432,419530427290733440,764886907736861184,87649271374118576,809977241386262272,562017487517019520,391200338986263424,1026330485038806528
05:28:37.696607 | 200646 | ALLOC |     32.00 |                64.00 | 3660512 |                N/A
05:28:37.696691 | 200665 | ALLOC |      4.00 |                 4.00 | 3206617 |                N/A
05:28:37.696696 | 200665 | ALLOC |      4.00 |                 8.00 | 3717800 |                N/A
05:28:37.696706 | 200665 | ALLOC |      4.00 |                12.00 | 3717801 |                N/A
05:28:37.696718 | 200665 | ALLOC |      4.00 |                16.00 | 3717802 |                N/A
05:28:37.696735 | 200665 | ALLOC |     32.00 |                48.00 | 3378512 |                N/A
05:28:37.696836 | 200632 | ALLOC |      4.00 |                68.00 | 3717803 | 386453419060398400
05:28:37.697260 | 10333 | ALLOC |      8.00 |                 8.00 | 3221326 |                N/A
05:28:37.697275 | 10333 | ALLOC |      4.00 |                12.00 | 3616412 |                N/A
05:28:37.697280 | 10333 | ALLOC |      4.00 |                16.00 | 3717804 |                N/A
05:28:37.697291 | 10333 | ALLOC |      4.00 |                20.00 | 3717805 |                N/A
05:28:37.697299 | 10333 | ALLOC |      4.00 |                24.00 | 3717806 |                N/A
05:28:37.697304 | 10333 | ALLOC |      4.00 |                28.00 | 3717807 |                N/A
05:28:37.697390 | 10081 | ALLOC |      4.00 |                 4.00 | 3616413 |                N/A
05:28:37.697394 | 10081 | ALLOC |      4.00 |                 8.00 | 3717808 |                N/A
05:28:37.697405 | 10081 | ALLOC |      4.00 |                12.00 | 3717809 |                N/A
05:28:37.697414 | 10081 | ALLOC |      4.00 |                16.00 | 3717810 |                N/A
05:28:37.697419 | 10081 | ALLOC |      4.00 |                20.00 | 3717811 |                N/A
05:28:37.697465 | 200713 | ALLOC |      4.00 |                 4.00 | 3717812 |                N/A
05:28:37.697485 | 200713 | ALLOC |     32.00 |                36.00 | 3450704 |                N/A
05:28:37.697537 | 200718 | ALLOC |     32.00 |                32.00 | 3470880 |                N/A
05:28:37.697735 | 200699 | ALLOC |      4.00 |                48.00 | 3616414 | 1144672601494410496
05:28:37.697742 | 200685 | FREE  |      4.00 |                 0.00 | 3724745 |                N/A
05:28:37.697744 | 200632 | FREE  |      4.00 |                60.00 | 3724738 | 386453419060398400
05:28:37.697759 | 200699 | ALLOC |     32.00 |                80.00 | 3470504 | 1144672601494410496
05:28:37.697863 | 200722 | FREE  |     32.00 |                 0.00 | 3597624 |                N/A
05:28:37.697956 | 200710 | FREE  |     32.00 |                 0.00 | 3564992 |                N/A
05:28:37.697985 | 200736 | ALLOC |      4.00 |                 4.00 | 3724738 |                N/A
05:28:37.698021 | 200738 | ALLOC |     32.00 |                32.00 | 3564992 |                N/A
05:28:37.698062 | 200736 | ALLOC |     32.00 |                36.00 | 3597624 |                N/A
05:28:37.698227 | 9764  | ALLOC |      4.00 |                36.00 | 3623155 |                N/A
05:28:37.698231 | 9764  | ALLOC |      4.00 |                40.00 | 3724745 |                N/A
05:28:37.698245 | 9764  | ALLOC |      4.00 |                44.00 | 3717813 |                N/A
05:28:37.698342 | 200720 | ALLOC |     32.00 |                68.00 | 3559120 | 232095291636170656,809977241386262272,886041221535080576
05:28:37.698378 | 200732 | FREE  |     32.00 |                 0.00 | 3597592 |                N/A
05:28:37.698470 | 200664 | FREE  |     32.00 |                 0.00 | 3597616 |                N/A
05:28:37.698507 | 9856  | ALLOC |      4.00 |                92.00 | 3717814 |                N/A
05:28:37.698523 | 9856  | ALLOC |      4.00 |                96.00 | 2658364 |                N/A
05:28:37.698529 | 9856  | ALLOC |      4.00 |               100.00 | 3717815 |                N/A
05:28:37.698539 | 9856  | ALLOC |      4.00 |               104.00 | 3717816 |                N/A
05:28:37.698602 | 9429  | ALLOC |      4.00 |               244.00 | 3717817 |                N/A
05:28:37.698622 | 9429  | ALLOC |      4.00 |               248.00 | 3717818 |                N/A
05:28:37.698631 | 9429  | ALLOC |      4.00 |               252.00 | 3717819 |                N/A
05:28:37.698636 | 9429  | ALLOC |     32.00 |               284.00 | 3597616 |                N/A
05:28:37.699441 | 200757 | ALLOC |     32.00 |                32.00 | 3597592 |                N/A
05:28:37.699558 | 200726 | FREE  |     32.00 |                 0.00 | 3525896 |                N/A
05:28:37.699602 | 200780 | ALLOC |     32.00 |                32.00 | 3525896 |                N/A
05:28:37.700235 | 200781 | FREE  |     32.00 |                 0.00 | 3571040 |                N/A
05:28:37.700279 | 200800 | ALLOC |      8.00 |                 8.00 | 3648636 | 331213479527882560,636835206775895168,706778826815226368
05:28:37.700297 | 200800 | ALLOC |      4.00 |                12.00 | 3558809 | 331213479527882560,636835206775895168,706778826815226368
05:28:37.700301 | 200800 | ALLOC |      4.00 |                16.00 | 3717821 | 331213479527882560,636835206775895168,706778826815226368
05:28:37.700320 | 200800 | ALLOC |      4.00 |                20.00 | 3717822 | 331213479527882560,636835206775895168,706778826815226368
05:28:37.700334 | 200800 | ALLOC |      4.00 |                24.00 | 3717823 | 331213479527882560,636835206775895168,706778826815226368
05:28:37.700344 | 200800 | ALLOC |      4.00 |                28.00 | 3524896 | 331213479527882560,636835206775895168,706778826815226368
05:28:37.700350 | 200800 | ALLOC |      4.00 |                32.00 | 3524897 | 331213479527882560,636835206775895168,706778826815226368
05:28:37.700359 | 200800 | ALLOC |      4.00 |                36.00 | 3524898 | 331213479527882560,636835206775895168,706778826815226368
05:28:37.700365 | 200800 | ALLOC |      4.00 |                40.00 | 3524899 | 331213479527882560,636835206775895168,706778826815226368
05:28:37.700381 | 200800 | ALLOC |      4.00 |                44.00 | 3524732 | 331213479527882560,636835206775895168,706778826815226368
05:28:37.700392 | 200800 | ALLOC |     32.00 |                76.00 | 3571040 | 331213479527882560,636835206775895168,706778826815226368
05:28:37.700564 | 200774 | ALLOC |      4.00 |                84.00 | 3524733 | 87649271374118576,364767072889433600
05:28:37.700602 | 200774 | ALLOC |      4.00 |                88.00 | 3524734 | 87649271374118576,364767072889433600
05:28:37.700606 | 200774 | ALLOC |      4.00 |                92.00 | 3524735 | 87649271374118576,364767072889433600
05:28:37.700616 | 200632 | FREE  |      4.00 |                92.00 | 3717803 | 386453419060398400
05:28:37.700618 | 200713 | FREE  |      4.00 |                 0.00 | 3717812 |                N/A
05:28:37.700820 | 200811 | FREE  |     32.00 |                 0.00 | 3634672 |                N/A
05:28:37.700828 | 200812 | FREE  |     32.00 |                 0.00 | 3620208 |                N/A
05:28:37.700965 | 200800 | ALLOC |      4.00 |                80.00 | 3717812 | 331213479527882560,636835206775895168,706778826815226368
05:28:37.701095 | 200767 | ALLOC |      4.00 |                84.00 | 3717803 | 16721190419364752,232095291636170656
05:28:37.701108 | 200767 | ALLOC |      4.00 |                88.00 | 3715456 | 16721190419364752,232095291636170656
05:28:37.701224 | 200819 | FREE  |     32.00 |                 0.00 | 3649512 |                N/A
05:28:37.701244 | 200767 | ALLOC |      4.00 |                92.00 | 3715457 | 16721190419364752,232095291636170656
05:28:37.702058 | 200774 | ALLOC |      4.00 |               104.00 | 3715458 | 87649271374118576,364767072889433600
05:28:37.702739 | 200767 | ALLOC |      4.00 |                96.00 | 3715459 | 16721190419364752,232095291636170656
05:28:37.695610 | 200651 | ALLOC |      4.00 |                 4.00 | 3459805 |                N/A
05:28:37.695635 | 200651 | ALLOC |      4.00 |                 8.00 | 3327464 |                N/A
05:28:37.695651 | 200651 | ALLOC |      4.00 |                12.00 | 3327465 |                N/A
05:28:37.695669 | 200651 | ALLOC |      4.00 |                16.00 | 3327466 |                N/A
05:28:37.695698 | 200651 | ALLOC |      4.00 |                20.00 | 3327467 |                N/A
05:28:37.695705 | 200651 | ALLOC |      4.00 |                24.00 | 3327468 |                N/A
05:28:37.695716 | 200651 | ALLOC |      4.00 |                28.00 | 3327469 |                N/A
05:28:37.695949 | 200637 | ALLOC |      4.00 |                16.00 | 3220781 |                N/A
05:28:37.696003 | 200629 | ALLOC |      4.00 |                60.00 | 3327470 | 546881539092688000
05:28:37.696074 | 200642 | ALLOC |      4.00 |                 4.00 | 3649218 |                N/A
05:28:37.696164 | 200637 | ALLOC |      4.00 |                20.00 | 3327471 |                N/A
05:28:37.696174 | 200637 | ALLOC |      4.00 |                24.00 | 3689968 |                N/A
05:28:37.696186 | 200637 | ALLOC |      4.00 |                28.00 | 3689969 |                N/A
05:28:37.696202 | 200637 | ALLOC |     32.00 |                60.00 | 3450216 |                N/A
05:28:37.696340 | 200637 | FREE  |     32.00 |                 0.00 | 3450216 |                N/A
05:28:37.696508 | 200669 | ALLOC |      4.00 |                 4.00 | 3595670 | 273078355749895200
05:28:37.696512 | 200669 | ALLOC |      4.00 |                 8.00 | 3689970 | 273078355749895200
05:28:37.696532 | 200669 | ALLOC |      4.00 |                12.00 | 3689971 | 273078355749895200
05:28:37.696547 | 200669 | ALLOC |      4.00 |                16.00 | 3689972 | 273078355749895200
05:28:37.696777 | 200677 | ALLOC |     32.00 |                32.00 | 3450216 | 386453419060398400,644551850738674432,710051034486130816,806621659014988672,331213479527882560,764886907736861184,87649271374118576,809977241386262272,273078355749895200,1144672601494410496,364767072889433600
05:28:37.696846 | 200663 | ALLOC |      4.00 |                20.00 | 3611674 | 555477447468886912
05:28:37.696886 | 200657 | FREE  |     32.00 |                 0.00 | 3561224 |                N/A
05:28:37.697090 | 200663 | ALLOC |      4.00 |                28.00 | 3689973 | 555477447468886912
05:28:37.697096 | 200663 | ALLOC |     32.00 |                60.00 | 3561224 | 555477447468886912
05:28:37.697249 | 200699 | ALLOC |      4.00 |                 4.00 | 3689974 | 1144672601494410496
05:28:37.697289 | 200699 | ALLOC |     32.00 |                36.00 | 3359928 | 1144672601494410496
05:28:37.697389 | 10079 | ALLOC |      4.00 |                 4.00 | 3689975 |                N/A
05:28:37.697399 | 10079 | ALLOC |      4.00 |                 8.00 | 3683368 |                N/A
05:28:37.697597 | 200650 | ALLOC |      4.00 |                80.00 | 3683369 | 710051034486130816,419530427290733440,806621659014988672,391200338986263424,1026330485038806528,241083423082069984
05:28:37.697618 | 200650 | ALLOC |      4.00 |                84.00 | 3679360 | 710051034486130816,419530427290733440,806621659014988672,391200338986263424,1026330485038806528,241083423082069984
05:28:37.697648 | 200650 | ALLOC |     32.00 |               116.00 | 3644168 | 710051034486130816,419530427290733440,806621659014988672,391200338986263424,1026330485038806528,241083423082069984
05:28:37.697763 | 200712 | FREE  |     32.00 |                 0.00 | 3550320 |                N/A
05:28:37.698107 | 200725 | ALLOC |     32.00 |                32.00 | 3550320 |                N/A
05:28:37.698182 | 200736 | FREE  |     32.00 |                 0.00 | 3597624 |                N/A
05:28:37.698262 | 200743 | FREE  |     32.00 |                 0.00 | 3597600 |                N/A
05:28:37.698489 | 200669 | FREE  |      4.00 |                56.00 | 3678959 | 273078355749895200
05:28:37.698491 | 200669 | FREE  |      4.00 |                52.00 | 3524905 | 273078355749895200
05:28:37.698644 | 9856  | ALLOC |      8.00 |               112.00 | 3550602 |                N/A
05:28:37.698653 | 9856  | ALLOC |      4.00 |               116.00 | 3524905 |                N/A
05:28:37.698663 | 9856  | ALLOC |      4.00 |               120.00 | 3678959 |                N/A
05:28:37.698668 | 9856  | ALLOC |     32.00 |               152.00 | 3597600 |                N/A
05:28:37.698845 | 9805  | ALLOC |      4.00 |                 4.00 | 3679361 |                N/A
05:28:37.698858 | 9805  | ALLOC |      4.00 |                 8.00 | 3679362 |                N/A
05:28:37.699105 | 200770 | ALLOC |     32.00 |                32.00 | 3597624 |                N/A
05:28:37.699458 | 200631 | ALLOC |     32.00 |               104.00 | 3652784 | 1026330485038806528
05:28:37.699694 | 200781 | ALLOC |     32.00 |                32.00 | 3571040 |                N/A
05:28:37.700107 | 200782 | ALLOC |      4.00 |                56.00 | 3679363 | 1026330485038806528,809977241386262272
05:28:37.700236 | 200782 | ALLOC |      4.00 |                60.00 | 3679364 | 1026330485038806528,809977241386262272
05:28:37.700248 | 200782 | ALLOC |     32.00 |                92.00 | 3653320 | 1026330485038806528,809977241386262272
05:28:37.700339 | 200803 | ALLOC |      4.00 |                 4.00 | 3679365 |                N/A
05:28:37.700362 | 200803 | ALLOC |     32.00 |                36.00 | 3645976 |                N/A
05:28:37.700594 | 200804 | ALLOC |     32.00 |                32.00 | 3652776 |                N/A
05:28:37.700660 | 200805 | ALLOC |     32.00 |                32.00 | 3561608 |                N/A
05:28:37.700727 | 200804 | FREE  |     32.00 |                 0.00 | 3652776 |                N/A
05:28:37.700781 | 200814 | FREE  |     32.00 |                 0.00 | 3620192 |                N/A
05:28:37.700946 | 200820 | ALLOC |     32.00 |                32.00 | 3620192 |                N/A
05:28:37.701080 | 200821 | ALLOC |      4.00 |                 4.00 | 3679366 |                N/A
05:28:37.701105 | 200821 | ALLOC |      4.00 |                 8.00 | 3679367 |                N/A
05:28:37.701118 | 200821 | ALLOC |      4.00 |                12.00 | 3525752 |                N/A
05:28:37.701121 | 200821 | ALLOC |      4.00 |                16.00 | 3679368 |                N/A
05:28:37.701138 | 200821 | ALLOC |      4.00 |                20.00 | 3679369 |                N/A
05:28:37.701155 | 200821 | ALLOC |      4.00 |                24.00 | 3679370 |                N/A
05:28:37.701199 | 200821 | ALLOC |     32.00 |                56.00 | 3652776 |                N/A
05:28:37.701324 | 200821 | ALLOC |      4.00 |                60.00 | 3679371 |                N/A
05:28:37.701391 | 200821 | ALLOC |      4.00 |                64.00 | 3679372 |                N/A
05:28:37.701397 | 200821 | ALLOC |      4.00 |                68.00 | 3679373 |                N/A
05:28:37.702620 | 200830 | ALLOC |      4.00 |                 4.00 | 3679374 |                N/A
05:28:37.702628 | 200651 | FREE  |      4.00 |                 0.00 | 3327468 |                N/A
05:28:37.702630 | 200629 | FREE  |      4.00 |                88.00 | 3327470 | 546881539092688000
05:28:37.702632 | 200637 | FREE  |      4.00 |                 0.00 | 3689968 |                N/A
05:28:37.702634 | 200663 | FREE  |      4.00 |                96.00 | 3689973 | 555477447468886912
05:28:37.702641 | 200830 | ALLOC |      4.00 |                 8.00 | 3689973 |                N/A
05:28:37.702650 | 200830 | ALLOC |      4.00 |                12.00 | 3689968 |                N/A
05:28:37.702666 | 200830 | ALLOC |      4.00 |                16.00 | 3327470 |                N/A
05:28:37.702678 | 200830 | ALLOC |      4.00 |                20.00 | 3327468 |                N/A
05:28:37.702707 | 200830 | ALLOC |     32.00 |                52.00 | 3595968 |                N/A
05:28:37.702801 | 200830 | ALLOC |      4.00 |                56.00 | 3679375 |                N/A
05:28:37.702820 | 200830 | ALLOC |      4.00 |                60.00 | 3679376 |                N/A
05:28:37.702875 | 200830 | ALLOC |      4.00 |                64.00 | 3679377 |                N/A
05:28:37.702879 | 200830 | ALLOC |      4.00 |                68.00 | 3679378 |                N/A
05:28:37.695939 | 200643 | ALLOC |      4.00 |                 4.00 | 3631674 |                N/A
05:28:37.695944 | 200643 | ALLOC |      4.00 |                 8.00 | 3497620 |                N/A
05:28:37.695948 | 200643 | ALLOC |      4.00 |                12.00 | 3666210 |                N/A
05:28:37.695959 | 200643 | ALLOC |      4.00 |                16.00 | 3524849 |                N/A
05:28:37.695973 | 200643 | ALLOC |      4.00 |                20.00 | 2850598 |                N/A
05:28:37.696018 | 200643 | ALLOC |      4.00 |                24.00 | 3682907 |                N/A
05:28:37.696023 | 200643 | ALLOC |      4.00 |                28.00 | 3729248 |                N/A
05:28:37.696036 | 200643 | ALLOC |      4.00 |                32.00 | 3679337 |                N/A
05:28:37.696070 | 200643 | ALLOC |      4.00 |                36.00 | 3262814 |                N/A
05:28:37.696270 | 200643 | ALLOC |     32.00 |                68.00 | 3585784 |                N/A
05:28:37.696371 | 9360  | ALLOC |      4.00 |                 4.00 | 3291084 |                N/A
05:28:37.696381 | 9360  | ALLOC |      4.00 |                 8.00 | 3723198 |                N/A
05:28:37.696456 | 9360  | ALLOC |      4.00 |                12.00 | 3221330 |                N/A
05:28:37.696469 | 9360  | ALLOC |      4.00 |                16.00 | 3524900 |                N/A
05:28:37.696477 | 9360  | ALLOC |      4.00 |                20.00 | 3467757 |                N/A
05:28:37.696483 | 9360  | ALLOC |      4.00 |                24.00 | 3524901 |                N/A
05:28:37.696643 | 9360  | ALLOC |      4.00 |                28.00 | 3524902 |                N/A
05:28:37.696658 | 9360  | ALLOC |      8.00 |                36.00 | 3471436 |                N/A
05:28:37.696664 | 9360  | ALLOC |      4.00 |                40.00 | 3524903 |                N/A
05:28:37.696674 | 9360  | ALLOC |      4.00 |                44.00 | 3524904 |                N/A
05:28:37.696812 | 200681 | ALLOC |     32.00 |                32.00 | 3630032 |                N/A
05:28:37.696817 | 200643 | FREE  |     32.00 |                 0.00 | 3585784 |                N/A
05:28:37.696874 | 200669 | ALLOC |      4.00 |                20.00 | 3633875 | 273078355749895200
05:28:37.696878 | 200669 | ALLOC |      4.00 |                24.00 | 3524905 | 273078355749895200
05:28:37.696950 | 200676 | ALLOC |      4.00 |                20.00 | 3524906 | 391200338986263424
05:28:37.696989 | 200668 | FREE  |     32.00 |                 0.00 | 3550696 |                N/A
05:28:37.697063 | 200692 | ALLOC |     32.00 |                32.00 | 3550696 |                N/A
05:28:37.697068 | 200681 | FREE  |     32.00 |                 0.00 | 3630032 |                N/A
05:28:37.697124 | 200695 | ALLOC |      4.00 |                 4.00 | 3524907 |                N/A
05:28:37.697145 | 200695 | ALLOC |     32.00 |                36.00 | 3630032 |                N/A
05:28:37.697198 | 200678 | ALLOC |     32.00 |                36.00 | 3585784 | 386453419060398400,653174923090909184,764886907736861184,87649271374118576,364767072889433600
05:28:37.697273 | 200696 | FREE  |     32.00 |                 0.00 | 3525896 |                N/A
05:28:37.697307 | 200705 | ALLOC |     32.00 |                32.00 | 3525896 |                N/A
05:28:37.697482 | 200648 | ALLOC |     32.00 |               100.00 | 3599448 | 331213479527882560,636835206775895168,706778826815226368,1144672601494410496,555477447468886912,546881539092688000
05:28:37.697530 | 200715 | ALLOC |      8.00 |                 8.00 | 2929616 |                N/A
05:28:37.697548 | 200715 | ALLOC |      4.00 |                12.00 | 3579328 |                N/A
05:28:37.697553 | 200715 | ALLOC |      4.00 |                16.00 | 3524908 |                N/A
05:28:37.697575 | 200715 | ALLOC |     32.00 |                48.00 | 2853976 |                N/A
05:28:37.697647 | 200718 | FREE  |     32.00 |                 0.00 | 3470880 |                N/A
05:28:37.697707 | 200638 | FREE  |      4.00 |                80.00 | 3273205 | 886041221535080576
05:28:37.697709 | 200638 | FREE  |      4.00 |                76.00 | 3273204 | 886041221535080576
05:28:37.697902 | 200729 | ALLOC |      4.00 |                 4.00 | 3625131 | 331213479527882560
05:28:37.697906 | 200729 | ALLOC |      4.00 |                 8.00 | 3565560 | 331213479527882560
05:28:37.698004 | 200727 | ALLOC |      4.00 |                 4.00 | 3565561 |                N/A
05:28:37.698083 | 200715 | FREE  |     32.00 |                 0.00 | 2853976 |                N/A
05:28:37.698201 | 200738 | FREE  |     32.00 |                 0.00 | 3564992 |                N/A
05:28:37.698294 | 200724 | FREE  |     32.00 |                 0.00 | 3558928 |                N/A
05:28:37.698414 | 200742 | FREE  |     32.00 |                 0.00 | 3582976 |                N/A
05:28:37.698508 | 200755 | ALLOC |      4.00 |                 4.00 | 3645656 | 386453419060398400,653174923090909184
05:28:37.698511 | 200755 | ALLOC |      4.00 |                 8.00 | 3645657 | 386453419060398400,653174923090909184
05:28:37.698516 | 200755 | ALLOC |      4.00 |                12.00 | 3273204 | 386453419060398400,653174923090909184
05:28:37.698538 | 200755 | ALLOC |      4.00 |                16.00 | 3273205 | 386453419060398400,653174923090909184
05:28:37.698553 | 200755 | ALLOC |      4.00 |                20.00 | 3524909 | 386453419060398400,653174923090909184
05:28:37.698564 | 200755 | ALLOC |      4.00 |                24.00 | 3524910 | 386453419060398400,653174923090909184
05:28:37.698575 | 200755 | ALLOC |      4.00 |                28.00 | 3524911 | 386453419060398400,653174923090909184
05:28:37.698586 | 200755 | ALLOC |      4.00 |                32.00 | 3524912 | 386453419060398400,653174923090909184
05:28:37.698597 | 200755 | ALLOC |      4.00 |                36.00 | 3524913 | 386453419060398400,653174923090909184
05:28:37.698611 | 200755 | ALLOC |      4.00 |                40.00 | 3524914 | 386453419060398400,653174923090909184
05:28:37.698645 | 200755 | ALLOC |      4.00 |                44.00 | 3524915 | 386453419060398400,653174923090909184
05:28:37.698650 | 200755 | ALLOC |      4.00 |                48.00 | 3524916 | 386453419060398400,653174923090909184
05:28:37.698741 | 200764 | ALLOC |     32.00 |                32.00 | 3582976 |                N/A
05:28:37.698821 | 200755 | ALLOC |      4.00 |                52.00 | 3524917 | 386453419060398400,653174923090909184
05:28:37.698852 | 200755 | ALLOC |      4.00 |                56.00 | 3524918 | 386453419060398400,653174923090909184
05:28:37.698896 | 200764 | FREE  |     32.00 |                 0.00 | 3582976 |                N/A
05:28:37.698947 | 200755 | ALLOC |      4.00 |                60.00 | 3524919 | 386453419060398400,653174923090909184
05:28:37.698959 | 200755 | ALLOC |     32.00 |                92.00 | 3582976 | 386453419060398400,653174923090909184
05:28:37.699119 | 200717 | ALLOC |      4.00 |                32.00 | 3524920 | 364767072889433600
05:28:37.699142 | 200717 | ALLOC |      4.00 |                36.00 | 3524921 | 364767072889433600
05:28:37.699157 | 200717 | ALLOC |      4.00 |                40.00 | 3524922 | 364767072889433600
05:28:37.699201 | 200717 | ALLOC |      4.00 |                44.00 | 3524923 | 364767072889433600
05:28:37.699427 | 200717 | ALLOC |     32.00 |                76.00 | 3558928 | 364767072889433600
05:28:37.699515 | 200772 | ALLOC |      4.00 |                56.00 | 3524924 |                N/A
05:28:37.699555 | 200772 | ALLOC |      4.00 |                60.00 | 3524925 |                N/A
05:28:37.699727 | 200780 | FREE  |     32.00 |                 0.00 | 3525896 |                N/A
05:28:37.699859 | 200786 | FREE  |     32.00 |                 0.00 | 3660512 |                N/A
05:28:37.699920 | 200629 | ALLOC |      4.00 |                52.00 | 3606222 | 546881539092688000
05:28:37.699958 | 200629 | ALLOC |      4.00 |                56.00 | 3524926 | 546881539092688000
05:28:37.699981 | 200629 | ALLOC |      4.00 |                60.00 | 3524927 | 546881539092688000
05:28:37.700001 | 200629 | ALLOC |      4.00 |                64.00 | 3290816 | 546881539092688000
05:28:37.700046 | 200629 | ALLOC |      4.00 |                68.00 | 3290817 | 546881539092688000
05:28:37.700091 | 200757 | FREE  |     32.00 |                 0.00 | 3597592 |                N/A
05:28:37.700112 | 200632 | ALLOC |      4.00 |                52.00 | 3290818 | 386453419060398400
05:28:37.700132 | 200632 | ALLOC |      4.00 |                56.00 | 3290819 | 386453419060398400
05:28:37.700147 | 200632 | ALLOC |      4.00 |                60.00 | 3290820 | 386453419060398400
05:28:37.700188 | 200632 | ALLOC |      4.00 |                64.00 | 3290821 | 386453419060398400
05:28:37.700362 | 200632 | ALLOC |     32.00 |                96.00 | 3597592 | 386453419060398400
05:28:37.700463 | 200629 | ALLOC |     32.00 |               100.00 | 3660512 | 546881539092688000
05:28:37.700793 | 200809 | ALLOC |      4.00 |                56.00 | 3290822 | 419530427290733440
05:28:37.700884 | 200809 | ALLOC |      4.00 |                60.00 | 3290823 | 419530427290733440
05:28:37.700900 | 200809 | ALLOC |     32.00 |                92.00 | 3525896 | 419530427290733440
05:28:37.701929 | 200825 | ALLOC |      4.00 |                 4.00 | 3290824 |                N/A
05:28:37.701952 | 200825 | ALLOC |      4.00 |                 8.00 | 3290825 |                N/A
05:28:37.701961 | 200825 | ALLOC |      4.00 |                12.00 | 3290826 |                N/A
05:28:37.701976 | 200825 | ALLOC |      4.00 |                16.00 | 3290827 |                N/A
05:28:37.701990 | 200825 | ALLOC |      4.00 |                20.00 | 3290828 |                N/A
05:28:37.702023 | 200825 | ALLOC |     32.00 |                52.00 | 3564992 |                N/A
05:28:37.702127 | 200825 | ALLOC |      4.00 |                56.00 | 3290829 |                N/A
05:28:37.702132 | 200825 | ALLOC |      4.00 |                60.00 | 3290830 |                N/A
05:28:37.702136 | 200825 | ALLOC |      4.00 |                64.00 | 3290831 |                N/A
05:28:37.702140 | 200825 | ALLOC |      4.00 |                68.00 | 3290832 |                N/A
05:28:37.702156 | 200825 | ALLOC |      4.00 |                72.00 | 3290833 |                N/A
05:28:37.702159 | 200825 | ALLOC |      4.00 |                76.00 | 3290834 |                N/A
05:28:37.702166 | 200825 | ALLOC |      4.00 |                80.00 | 3290835 |                N/A
05:28:37.702184 | 200825 | ALLOC |      4.00 |                84.00 | 3290836 |                N/A
05:28:37.702187 | 200825 | ALLOC |      4.00 |                88.00 | 3290837 |                N/A
05:28:37.702235 | 200825 | ALLOC |      4.00 |                92.00 | 3290838 |                N/A
05:28:37.702239 | 200825 | ALLOC |      4.00 |                96.00 | 3290839 |                N/A
05:28:37.696335 | 200644 | ALLOC |      4.00 |                 8.00 | 3730843 |                N/A
05:28:37.696344 | 200644 | ALLOC |      4.00 |                12.00 | 3730844 |                N/A
05:28:37.696356 | 200644 | ALLOC |      4.00 |                16.00 | 3730845 |                N/A
05:28:37.696444 | 200644 | ALLOC |      4.00 |                20.00 | 3730846 |                N/A
05:28:37.696456 | 200644 | ALLOC |      4.00 |                24.00 | 3730847 |                N/A
05:28:37.696467 | 200644 | ALLOC |      4.00 |                28.00 | 3679296 |                N/A
05:28:37.696510 | 200644 | ALLOC |      4.00 |                32.00 | 3679297 |                N/A
05:28:37.697922 | 200735 | ALLOC |      4.00 |                 4.00 | 3525884 |                N/A
05:28:37.697928 | 200735 | ALLOC |      4.00 |                 8.00 | 3679298 |                N/A
05:28:37.697937 | 200735 | ALLOC |      4.00 |                12.00 | 3679299 |                N/A
05:28:37.697944 | 200629 | FREE  |      4.00 |                56.00 | 3730842 | 546881539092688000
05:28:37.697955 | 200735 | ALLOC |      4.00 |                16.00 | 3730842 |                N/A
05:28:37.697973 | 200735 | ALLOC |     32.00 |                48.00 | 3625592 |                N/A
05:28:37.698293 | 200742 | ALLOC |     32.00 |                32.00 | 3582976 |                N/A
05:28:37.698330 | 200735 | FREE  |     32.00 |                 0.00 | 3625592 |                N/A
05:28:37.698613 | 200756 | ALLOC |      4.00 |                 4.00 | 3679300 | 241083423082069984
05:28:37.698745 | 200630 | ALLOC |     32.00 |               104.00 | 3625592 |  16721190419364752
05:28:37.698991 | 200638 | FREE  |      4.00 |                72.00 | 3734351 | 886041221535080576
05:28:37.699038 | 200636 | FREE  |      4.00 |                 0.00 | 3512263 |                N/A
05:28:37.699040 | 200636 | FREE  |      4.00 |                 0.00 | 3512260 |                N/A
05:28:37.699042 | 200636 | FREE  |      4.00 |                 0.00 | 3512262 |                N/A
05:28:37.699044 | 200636 | FREE  |      4.00 |                 0.00 | 3512258 |                N/A
05:28:37.699047 | 200631 | FREE  |      4.00 |                60.00 | 3733877 | 1026330485038806528
05:28:37.699049 | 200631 | FREE  |      4.00 |                56.00 | 3733876 | 1026330485038806528
05:28:37.699231 | 200699 | ALLOC |      4.00 |                84.00 | 3733876 | 1144672601494410496
05:28:37.699265 | 200699 | ALLOC |      4.00 |                88.00 | 3733877 | 1144672601494410496
05:28:37.699280 | 200699 | ALLOC |      4.00 |                92.00 | 3512258 | 1144672601494410496
05:28:37.699316 | 200699 | ALLOC |      4.00 |                96.00 | 3512262 | 1144672601494410496
05:28:37.699494 | 200699 | ALLOC |     32.00 |               128.00 | 3558816 | 1144672601494410496
05:28:37.699566 | 200729 | ALLOC |      4.00 |                36.00 | 3512260 | 331213479527882560
05:28:37.699591 | 200729 | ALLOC |      4.00 |                40.00 | 3512263 | 331213479527882560
05:28:37.699611 | 200729 | ALLOC |      4.00 |                44.00 | 3734351 | 331213479527882560
05:28:37.699655 | 200729 | ALLOC |      4.00 |                48.00 | 3679301 | 331213479527882560
05:28:37.699713 | 200663 | ALLOC |      4.00 |                68.00 | 3679302 | 555477447468886912
05:28:37.699750 | 200663 | ALLOC |      4.00 |                72.00 | 3679303 | 555477447468886912
05:28:37.699763 | 200663 | ALLOC |      4.00 |                76.00 | 3679304 | 555477447468886912
05:28:37.699798 | 200663 | ALLOC |      4.00 |                80.00 | 3679305 | 555477447468886912
05:28:37.699920 | 200729 | ALLOC |     32.00 |                80.00 | 3550296 | 331213479527882560
05:28:37.700166 | 200707 | ALLOC |     32.00 |                88.00 | 3627936 | 419530427290733440
05:28:37.700344 | 200663 | ALLOC |     32.00 |               104.00 | 3657336 | 555477447468886912
05:28:37.700868 | 200797 | FREE  |     32.00 |                 0.00 | 3597624 |                N/A
05:28:37.696309 | 200662 | ALLOC |      8.00 |                 8.00 | 3625180 | 710051034486130816,391200338986263424,706778826815226368,1144672601494410496,364767072889433600,903922250823434368,1026330485038806528,241083423082069984
05:28:37.696323 | 200662 | ALLOC |      4.00 |                12.00 | 3378253 | 710051034486130816,391200338986263424,706778826815226368,1144672601494410496,364767072889433600,903922250823434368,1026330485038806528,241083423082069984
05:28:37.696327 | 200662 | ALLOC |      4.00 |                16.00 | 3712432 | 710051034486130816,391200338986263424,706778826815226368,1144672601494410496,364767072889433600,903922250823434368,1026330485038806528,241083423082069984
05:28:37.696348 | 200662 | ALLOC |      4.00 |                20.00 | 3712433 | 710051034486130816,391200338986263424,706778826815226368,1144672601494410496,364767072889433600,903922250823434368,1026330485038806528,241083423082069984
05:28:37.696361 | 200662 | ALLOC |      4.00 |                24.00 | 3691236 | 710051034486130816,391200338986263424,706778826815226368,1144672601494410496,364767072889433600,903922250823434368,1026330485038806528,241083423082069984
05:28:37.696375 | 200662 | ALLOC |     32.00 |                56.00 | 3643704 | 710051034486130816,391200338986263424,706778826815226368,1144672601494410496,364767072889433600,903922250823434368,1026330485038806528,241083423082069984
05:28:37.696430 | 9691  | ALLOC |      4.00 |                24.00 | 3652659 |                N/A
05:28:37.696435 | 9691  | ALLOC |      4.00 |                28.00 | 3691237 |                N/A
05:28:37.696444 | 9691  | ALLOC |      4.00 |                32.00 | 3664270 |                N/A
05:28:37.697906 | 200734 | ALLOC |      4.00 |                 4.00 | 3707520 |                N/A
05:28:37.697930 | 200734 | ALLOC |     32.00 |                36.00 | 3583832 |                N/A
05:28:37.698108 | 200741 | ALLOC |      4.00 |                 4.00 | 3707521 |                N/A
05:28:37.698160 | 200741 | ALLOC |      4.00 |                 8.00 | 2961108 |                N/A
05:28:37.698165 | 200741 | ALLOC |      4.00 |                12.00 | 2961109 |                N/A
05:28:37.698177 | 200741 | ALLOC |      4.00 |                16.00 | 3664184 |                N/A
05:28:37.698210 | 200741 | ALLOC |      4.00 |                20.00 | 3664185 |                N/A
05:28:37.698241 | 200734 | FREE  |     32.00 |                 0.00 | 3583832 |                N/A
05:28:37.699096 | 200745 | ALLOC |      4.00 |                 4.00 | 3674187 |                N/A
05:28:37.699119 | 200745 | ALLOC |     32.00 |                36.00 | 3583832 |                N/A
05:28:37.699272 | 200745 | FREE  |     32.00 |                 0.00 | 3583832 |                N/A
05:28:37.700065 | 200794 | ALLOC |      8.00 |                 8.00 | 3368380 | 903922250823434368,273078355749895200
05:28:37.700076 | 200794 | ALLOC |      4.00 |                12.00 | 3368645 | 903922250823434368,273078355749895200
05:28:37.700081 | 200794 | ALLOC |      4.00 |                16.00 | 3672207 | 903922250823434368,273078355749895200
05:28:37.700102 | 200794 | ALLOC |      4.00 |                20.00 | 3667826 | 903922250823434368,273078355749895200
05:28:37.700117 | 200794 | ALLOC |      4.00 |                24.00 | 3667827 | 903922250823434368,273078355749895200
05:28:37.700130 | 200794 | ALLOC |      4.00 |                28.00 | 1881988 | 903922250823434368,273078355749895200
05:28:37.700139 | 200794 | ALLOC |      4.00 |                32.00 | 1881989 | 903922250823434368,273078355749895200
05:28:37.700146 | 200794 | ALLOC |      4.00 |                36.00 | 2188924 | 903922250823434368,273078355749895200
05:28:37.700151 | 200794 | ALLOC |      4.00 |                40.00 | 2188925 | 903922250823434368,273078355749895200
05:28:37.700161 | 200794 | ALLOC |      4.00 |                44.00 | 1380992 | 903922250823434368,273078355749895200
05:28:37.700167 | 200794 | ALLOC |      4.00 |                48.00 | 1380993 | 903922250823434368,273078355749895200
05:28:37.700181 | 200794 | ALLOC |      4.00 |                52.00 | 3330086 | 903922250823434368,273078355749895200
05:28:37.700192 | 200745 | FREE  |      4.00 |                 0.00 | 3674187 |                N/A
05:28:37.700229 | 200794 | ALLOC |      4.00 |                56.00 | 3674187 | 903922250823434368,273078355749895200
05:28:37.700235 | 200794 | ALLOC |      4.00 |                60.00 | 3330087 | 903922250823434368,273078355749895200
05:28:37.700757 | 200774 | ALLOC |      4.00 |                96.00 | 3714022 | 87649271374118576,364767072889433600
05:28:37.700847 | 200774 | ALLOC |      4.00 |               100.00 | 3714023 | 87649271374118576,364767072889433600
05:28:37.696167 | 200632 | ALLOC |      4.00 |                52.00 | 3512265 | 386453419060398400
05:28:37.696233 | 9691  | ALLOC |      4.00 |                12.00 | 3565160 |                N/A
05:28:37.696237 | 9691  | ALLOC |      4.00 |                16.00 | 3512266 |                N/A
05:28:37.696246 | 9691  | ALLOC |      4.00 |                20.00 | 3512267 |                N/A
05:28:37.696317 | 200654 | FREE  |     32.00 |                 0.00 | 3558696 |                N/A
05:28:37.696400 | 200652 | FREE  |     32.00 |                 0.00 | 3471352 |                N/A
05:28:37.696438 | 200650 | ALLOC |     32.00 |                76.00 | 3471352 | 710051034486130816,419530427290733440,806621659014988672,391200338986263424,1026330485038806528,241083423082069984
05:28:37.696657 | 200651 | FREE  |     32.00 |                 0.00 | 3560424 |                N/A
05:28:37.696724 | 200675 | ALLOC |      4.00 |                 4.00 | 3459332 | 644551850738674432,806621659014988672,562017487517019520,273078355749895200,809977241386262272,1144672601494410496,364767072889433600,1026330485038806528
05:28:37.696728 | 200675 | ALLOC |      4.00 |                 8.00 | 3512268 | 644551850738674432,806621659014988672,562017487517019520,273078355749895200,809977241386262272,1144672601494410496,364767072889433600,1026330485038806528
05:28:37.696748 | 200675 | ALLOC |      4.00 |                12.00 | 3512269 | 644551850738674432,806621659014988672,562017487517019520,273078355749895200,809977241386262272,1144672601494410496,364767072889433600,1026330485038806528
05:28:37.696763 | 200675 | ALLOC |      4.00 |                16.00 | 3512270 | 644551850738674432,806621659014988672,562017487517019520,273078355749895200,809977241386262272,1144672601494410496,364767072889433600,1026330485038806528
05:28:37.696780 | 200675 | ALLOC |     32.00 |                48.00 | 3560424 | 644551850738674432,806621659014988672,562017487517019520,273078355749895200,809977241386262272,1144672601494410496,364767072889433600,1026330485038806528
05:28:37.697034 | 200631 | ALLOC |      8.00 |                80.00 | 3606606 | 1026330485038806528
05:28:37.697048 | 200646 | FREE  |      4.00 |                 0.00 | 3008767 |                N/A
05:28:37.697050 | 200646 | FREE  |      4.00 |                 0.00 | 2988856 |                N/A
05:28:37.697052 | 200646 | FREE  |      4.00 |                 0.00 | 2988857 |                N/A
05:28:37.697054 | 200646 | FREE  |      4.00 |                 0.00 | 1275670 |                N/A
05:28:37.697056 | 200631 | FREE  |      4.00 |                76.00 | 2539988 | 1026330485038806528
05:28:37.697058 | 200631 | FREE  |      4.00 |                72.00 | 2237219 | 1026330485038806528
05:28:37.697183 | 200680 | FREE  |     32.00 |                 0.00 | 3597672 |                N/A
05:28:37.697325 | 200700 | FREE  |     32.00 |                 0.00 | 3571176 |                N/A
05:28:37.697376 | 200709 | ALLOC |     32.00 |                32.00 | 3571176 |                N/A
05:28:37.697501 | 200709 | FREE  |     32.00 |                 0.00 | 3571176 |                N/A
05:28:37.697552 | 9856  | ALLOC |      4.00 |                12.00 | 2927115 |                N/A
05:28:37.697556 | 9856  | ALLOC |      4.00 |                16.00 | 2237219 |                N/A
05:28:37.697566 | 9856  | ALLOC |      4.00 |                20.00 | 2539988 |                N/A
05:28:37.697572 | 9856  | ALLOC |     32.00 |                52.00 | 3571176 |                N/A
05:28:37.697721 | 200705 | FREE  |     32.00 |                 0.00 | 3525896 |                N/A
05:28:37.697779 | 200663 | ALLOC |      4.00 |                64.00 | 3616718 | 555477447468886912
05:28:37.697858 | 200717 | ALLOC |      4.00 |                20.00 | 1275670 | 364767072889433600
05:28:37.697874 | 200717 | ALLOC |      4.00 |                24.00 | 2988857 | 364767072889433600
05:28:37.697906 | 200717 | ALLOC |      4.00 |                28.00 | 3549034 | 364767072889433600
05:28:37.697953 | 200717 | ALLOC |      4.00 |                32.00 | 2988856 | 364767072889433600
05:28:37.698087 | 200726 | ALLOC |     32.00 |                44.00 | 3525896 |                N/A
05:28:37.698175 | 200630 | ALLOC |      4.00 |                68.00 | 3008767 |  16721190419364752
05:28:37.698198 | 200630 | ALLOC |      4.00 |                72.00 | 3512271 |  16721190419364752
05:28:37.698212 | 200630 | ALLOC |      4.00 |                76.00 | 3698688 |  16721190419364752
05:28:37.698253 | 200630 | ALLOC |      4.00 |                80.00 | 3698689 |  16721190419364752
05:28:37.698324 | 200749 | ALLOC |     32.00 |                32.00 | 3597672 |                N/A
05:28:37.698526 | 200731 | ALLOC |      4.00 |                52.00 | 3698690 | 391200338986263424,232095291636170656
05:28:37.698570 | 200749 | FREE  |     32.00 |                 0.00 | 3597672 |                N/A
05:28:37.698621 | 200731 | ALLOC |      4.00 |                56.00 | 3698691 | 391200338986263424,232095291636170656
05:28:37.698633 | 200731 | ALLOC |     32.00 |                88.00 | 3597672 | 391200338986263424,232095291636170656
05:28:37.698729 | 200762 | ALLOC |      4.00 |                 4.00 | 2925051 | 764886907736861184,562017487517019520,273078355749895200
05:28:37.698733 | 200762 | ALLOC |      4.00 |                 8.00 | 3698692 | 764886907736861184,562017487517019520,273078355749895200
05:28:37.698753 | 200762 | ALLOC |      4.00 |                12.00 | 3698693 | 764886907736861184,562017487517019520,273078355749895200
05:28:37.698767 | 200762 | ALLOC |      4.00 |                16.00 | 3698694 | 764886907736861184,562017487517019520,273078355749895200
05:28:37.698781 | 200762 | ALLOC |      4.00 |                20.00 | 3698695 | 764886907736861184,562017487517019520,273078355749895200
05:28:37.698789 | 200762 | ALLOC |      4.00 |                24.00 | 3698696 | 764886907736861184,562017487517019520,273078355749895200
05:28:37.698798 | 200762 | ALLOC |      4.00 |                28.00 | 3698697 | 764886907736861184,562017487517019520,273078355749895200
05:28:37.698802 | 200762 | ALLOC |      4.00 |                32.00 | 3698698 | 764886907736861184,562017487517019520,273078355749895200
05:28:37.698811 | 200762 | ALLOC |     32.00 |                64.00 | 3558696 | 764886907736861184,562017487517019520,273078355749895200
05:28:37.698958 | 200731 | ALLOC |      4.00 |                92.00 | 3698699 | 391200338986263424,232095291636170656
05:28:37.698965 | 200632 | FREE  |      4.00 |                56.00 | 3512265 | 386453419060398400
05:28:37.698966 | 200717 | FREE  |      4.00 |                36.00 | 1275670 | 364767072889433600
05:28:37.698968 | 200717 | FREE  |      4.00 |                32.00 | 2988857 | 364767072889433600
05:28:37.698969 | 200717 | FREE  |      4.00 |                28.00 | 2988856 | 364767072889433600
05:28:37.699114 | 200754 | ALLOC |      4.00 |                 4.00 | 2988856 |                N/A
05:28:37.699223 | 9856  | ALLOC |      4.00 |               156.00 | 2988857 |                N/A
05:28:37.699239 | 9856  | ALLOC |      4.00 |               160.00 | 3567774 |                N/A
05:28:37.699243 | 9856  | ALLOC |      4.00 |               164.00 | 1275670 |                N/A
05:28:37.699255 | 9856  | ALLOC |      4.00 |               168.00 | 3512265 |                N/A
05:28:37.699262 | 9856  | ALLOC |     32.00 |               200.00 | 3629720 |                N/A
05:28:37.699485 | 200754 | ALLOC |     32.00 |                36.00 | 3558576 |                N/A
05:28:37.699521 | 200770 | FREE  |     32.00 |                 0.00 | 3597624 |                N/A
05:28:37.699560 | 200776 | ALLOC |     32.00 |                32.00 | 3597624 |                N/A
05:28:37.699695 | 200782 | ALLOC |      4.00 |                 4.00 | 3646004 | 1026330485038806528,809977241386262272
05:28:37.699700 | 200782 | ALLOC |      4.00 |                 8.00 | 3698700 | 1026330485038806528,809977241386262272
05:28:37.699717 | 200782 | ALLOC |      4.00 |                12.00 | 3698701 | 1026330485038806528,809977241386262272
05:28:37.699730 | 200782 | ALLOC |      4.00 |                16.00 | 3698702 | 1026330485038806528,809977241386262272
05:28:37.699743 | 200782 | ALLOC |      4.00 |                20.00 | 3698703 | 1026330485038806528,809977241386262272
05:28:37.699751 | 200782 | ALLOC |      4.00 |                24.00 | 3724384 | 1026330485038806528,809977241386262272
05:28:37.699757 | 200782 | ALLOC |      4.00 |                28.00 | 3724385 | 1026330485038806528,809977241386262272
05:28:37.699761 | 200782 | ALLOC |      4.00 |                32.00 | 3724386 | 1026330485038806528,809977241386262272
05:28:37.699770 | 200782 | ALLOC |      4.00 |                36.00 | 3724387 | 1026330485038806528,809977241386262272
05:28:37.699775 | 200782 | ALLOC |      4.00 |                40.00 | 3724388 | 1026330485038806528,809977241386262272
05:28:37.699788 | 200782 | ALLOC |      4.00 |                44.00 | 3724389 | 1026330485038806528,809977241386262272
05:28:37.699820 | 200782 | ALLOC |      4.00 |                48.00 | 3724390 | 1026330485038806528,809977241386262272
05:28:37.699825 | 200782 | ALLOC |      4.00 |                52.00 | 3724391 | 1026330485038806528,809977241386262272
05:28:37.699909 | 200790 | ALLOC |     32.00 |                32.00 | 3643680 |                N/A
05:28:37.699983 | 200792 | ALLOC |      4.00 |                 4.00 | 3583826 | 653174923090909184,1144672601494410496
05:28:37.699987 | 200792 | ALLOC |      4.00 |                 8.00 | 3724392 | 653174923090909184,1144672601494410496
05:28:37.700005 | 200792 | ALLOC |      4.00 |                12.00 | 3724393 | 653174923090909184,1144672601494410496
05:28:37.700018 | 200792 | ALLOC |      4.00 |                16.00 | 3724394 | 653174923090909184,1144672601494410496
05:28:37.700030 | 200792 | ALLOC |      4.00 |                20.00 | 3724395 | 653174923090909184,1144672601494410496
05:28:37.700039 | 200792 | ALLOC |      4.00 |                24.00 | 3724396 | 653174923090909184,1144672601494410496
05:28:37.700045 | 200792 | ALLOC |      4.00 |                28.00 | 3724397 | 653174923090909184,1144672601494410496
05:28:37.700054 | 200792 | ALLOC |      4.00 |                32.00 | 3524797 | 653174923090909184,1144672601494410496
05:28:37.700065 | 200792 | ALLOC |      4.00 |                36.00 | 3524798 | 653174923090909184,1144672601494410496
05:28:37.700071 | 200792 | ALLOC |      4.00 |                40.00 | 3524799 | 653174923090909184,1144672601494410496
05:28:37.700084 | 200792 | ALLOC |      4.00 |                44.00 | 3524672 | 653174923090909184,1144672601494410496
05:28:37.700118 | 200792 | ALLOC |      4.00 |                48.00 | 3524673 | 653174923090909184,1144672601494410496
05:28:37.700123 | 200792 | ALLOC |      4.00 |                52.00 | 3524674 | 653174923090909184,1144672601494410496
05:28:37.700153 | 200790 | FREE  |     32.00 |                 0.00 | 3643680 |                N/A
05:28:37.700507 | 200809 | ALLOC |      4.00 |                 4.00 | 3649293 | 419530427290733440
05:28:37.700526 | 200809 | ALLOC |      4.00 |                 8.00 | 3524675 | 419530427290733440
05:28:37.700546 | 200809 | ALLOC |      4.00 |                12.00 | 3524676 | 419530427290733440
05:28:37.700560 | 200809 | ALLOC |      4.00 |                16.00 | 3524677 | 419530427290733440
05:28:37.700577 | 200809 | ALLOC |      4.00 |                20.00 | 3524678 | 419530427290733440
05:28:37.700585 | 200809 | ALLOC |      4.00 |                24.00 | 3524679 | 419530427290733440
05:28:37.700591 | 200809 | ALLOC |      4.00 |                28.00 | 3524680 | 419530427290733440
05:28:37.700596 | 200809 | ALLOC |      4.00 |                32.00 | 3524681 | 419530427290733440
05:28:37.700606 | 200809 | ALLOC |      4.00 |                36.00 | 3524682 | 419530427290733440
05:28:37.700611 | 200809 | ALLOC |      4.00 |                40.00 | 3524683 | 419530427290733440
05:28:37.700624 | 200809 | ALLOC |      4.00 |                44.00 | 3524684 | 419530427290733440
05:28:37.700657 | 200809 | ALLOC |      4.00 |                48.00 | 3524685 | 419530427290733440
05:28:37.700661 | 200809 | ALLOC |      4.00 |                52.00 | 3524686 | 419530427290733440
05:28:37.700742 | 200798 | ALLOC |      4.00 |                48.00 | 3567764 | 644551850738674432
05:28:37.700751 | 200642 | FREE  |      4.00 |                 0.00 | 3524668 |                N/A
05:28:37.700753 | 200642 | FREE  |      4.00 |                 0.00 | 3524665 |                N/A
05:28:37.700755 | 200642 | FREE  |      4.00 |                 0.00 | 3524667 |                N/A
05:28:37.700757 | 200642 | FREE  |      4.00 |                 0.00 | 3682762 |                N/A
05:28:37.700760 | 200631 | FREE  |      4.00 |               100.00 | 2237218 | 1026330485038806528
05:28:37.700762 | 200631 | FREE  |      4.00 |                96.00 | 3153575 | 1026330485038806528
05:28:37.701267 | 200798 | ALLOC |      4.00 |                52.00 | 1259718 | 644551850738674432
05:28:37.701275 | 200641 | FREE  |      4.00 |                 0.00 | 3698339 |                N/A
05:28:37.701277 | 200641 | FREE  |      4.00 |                 0.00 | 3370982 |                N/A
05:28:37.701278 | 200641 | FREE  |      4.00 |                 0.00 | 3698338 |                N/A
05:28:37.701280 | 200641 | FREE  |      4.00 |                 0.00 | 3683116 |                N/A
05:28:37.701281 | 200632 | FREE  |      4.00 |                88.00 | 3684305 | 386453419060398400
05:28:37.701283 | 200632 | FREE  |      4.00 |                84.00 | 3684304 | 386453419060398400
05:28:37.701307 | 200798 | ALLOC |     32.00 |                84.00 | 3643680 | 644551850738674432
05:28:37.696120 | 200641 | ALLOC |      4.00 |                 4.00 | 3573329 |                N/A
05:28:37.696125 | 200641 | ALLOC |      4.00 |                 8.00 | 3683197 |                N/A
05:28:37.696133 | 200641 | ALLOC |      4.00 |                12.00 | 3683116 |                N/A
05:28:37.696143 | 200641 | ALLOC |      4.00 |                16.00 | 3683117 |                N/A
05:28:37.696185 | 200641 | ALLOC |      4.00 |                20.00 | 3370982 |                N/A
05:28:37.696195 | 200641 | ALLOC |      4.00 |                24.00 | 3370983 |                N/A
05:28:37.696203 | 200641 | ALLOC |      4.00 |                28.00 | 3698338 |                N/A
05:28:37.696231 | 200641 | ALLOC |      4.00 |                32.00 | 3698339 |                N/A
05:28:37.696309 | 200663 | ALLOC |      4.00 |                 4.00 | 3698366 | 555477447468886912
05:28:37.696345 | 200663 | ALLOC |      4.00 |                 8.00 | 2083314 | 555477447468886912
05:28:37.696349 | 200663 | ALLOC |      4.00 |                12.00 | 3698367 | 555477447468886912
05:28:37.696407 | 200666 | ALLOC |      8.00 |                 8.00 | 3611860 | 386453419060398400,710051034486130816,87649271374118576,562017487517019520,16721190419364752,1144672601494410496,555477447468886912,903922250823434368
05:28:37.696417 | 200666 | ALLOC |      4.00 |                12.00 | 3561086 | 386453419060398400,710051034486130816,87649271374118576,562017487517019520,16721190419364752,1144672601494410496,555477447468886912,903922250823434368
05:28:37.696420 | 200666 | ALLOC |      4.00 |                16.00 | 3589617 | 386453419060398400,710051034486130816,87649271374118576,562017487517019520,16721190419364752,1144672601494410496,555477447468886912,903922250823434368
05:28:37.696424 | 200666 | ALLOC |      4.00 |                20.00 | 3698306 | 386453419060398400,710051034486130816,87649271374118576,562017487517019520,16721190419364752,1144672601494410496,555477447468886912,903922250823434368
05:28:37.696461 | 200666 | ALLOC |      4.00 |                24.00 | 3698307 | 386453419060398400,710051034486130816,87649271374118576,562017487517019520,16721190419364752,1144672601494410496,555477447468886912,903922250823434368
05:28:37.696511 | 200666 | ALLOC |      4.00 |                28.00 | 3668354 | 386453419060398400,710051034486130816,87649271374118576,562017487517019520,16721190419364752,1144672601494410496,555477447468886912,903922250823434368
05:28:37.696528 | 200666 | ALLOC |     32.00 |                60.00 | 3618672 | 386453419060398400,710051034486130816,87649271374118576,562017487517019520,16721190419364752,1144672601494410496,555477447468886912,903922250823434368
05:28:37.696566 | 200672 | ALLOC |      4.00 |                 4.00 | 3668355 |                N/A
05:28:37.696584 | 200672 | ALLOC |     32.00 |                36.00 | 3643672 |                N/A
05:28:37.696694 | 200655 | FREE  |      4.00 |                 0.00 | 3733884 |                N/A
05:28:37.696696 | 200655 | FREE  |      4.00 |                 0.00 | 3733883 |                N/A
05:28:37.696697 | 200655 | FREE  |      4.00 |                 0.00 | 3733882 |                N/A
05:28:37.696713 | 200649 | ALLOC |     32.00 |                84.00 | 3599408 | 644551850738674432,562017487517019520,273078355749895200,16721190419364752,903922250823434368
05:28:37.696991 | 200642 | FREE  |     32.00 |                 0.00 | 3560288 |                N/A
05:28:37.697016 | 200665 | FREE  |     32.00 |                 0.00 | 3378512 |                N/A
05:28:37.697272 | 200686 | ALLOC |     32.00 |                36.00 | 3378512 |                N/A
05:28:37.697504 | 200693 | ALLOC |     32.00 |                32.00 | 3560288 |                N/A
05:28:37.697558 | 200716 | ALLOC |     32.00 |                32.00 | 3548968 |                N/A
05:28:37.697621 | 200719 | ALLOC |      4.00 |                 4.00 | 3609830 | 1026330485038806528,644551850738674432,241083423082069984
05:28:37.697626 | 200719 | ALLOC |      4.00 |                 8.00 | 3733882 | 1026330485038806528,644551850738674432,241083423082069984
05:28:37.697645 | 200719 | ALLOC |      4.00 |                12.00 | 3733883 | 1026330485038806528,644551850738674432,241083423082069984
05:28:37.697660 | 200719 | ALLOC |      4.00 |                16.00 | 3733884 | 1026330485038806528,644551850738674432,241083423082069984
05:28:37.697673 | 200719 | ALLOC |      4.00 |                20.00 | 3698284 | 1026330485038806528,644551850738674432,241083423082069984
05:28:37.697685 | 200719 | ALLOC |      4.00 |                24.00 | 3698285 | 1026330485038806528,644551850738674432,241083423082069984
05:28:37.697695 | 200719 | ALLOC |      4.00 |                28.00 | 3679244 | 1026330485038806528,644551850738674432,241083423082069984
05:28:37.697705 | 200719 | ALLOC |      4.00 |                32.00 | 3679245 | 1026330485038806528,644551850738674432,241083423082069984
05:28:37.697721 | 200719 | ALLOC |      4.00 |                36.00 | 3727174 | 1026330485038806528,644551850738674432,241083423082069984
05:28:37.697753 | 200719 | ALLOC |      4.00 |                40.00 | 3727175 | 1026330485038806528,644551850738674432,241083423082069984
05:28:37.697757 | 200719 | ALLOC |      4.00 |                44.00 | 3693680 | 1026330485038806528,644551850738674432,241083423082069984
05:28:37.697787 | 200716 | FREE  |     32.00 |                 0.00 | 3548968 |                N/A
05:28:37.697893 | 200719 | ALLOC |      4.00 |                48.00 | 3693681 | 1026330485038806528,644551850738674432,241083423082069984
05:28:37.697902 | 200719 | ALLOC |      4.00 |                52.00 | 3746112 | 1026330485038806528,644551850738674432,241083423082069984
05:28:37.698165 | 10097 | ALLOC |      4.00 |                 4.00 | 3548270 |                N/A
05:28:37.698170 | 10097 | ALLOC |      4.00 |                 8.00 | 3746113 |                N/A
05:28:37.698178 | 10097 | ALLOC |      4.00 |                12.00 | 3126668 |                N/A
05:28:37.698233 | 200719 | ALLOC |      4.00 |                56.00 | 3126669 | 1026330485038806528,644551850738674432,241083423082069984
05:28:37.698246 | 200719 | ALLOC |     32.00 |                88.00 | 3548968 | 1026330485038806528,644551850738674432,241083423082069984
05:28:37.698310 | 200717 | ALLOC |      4.00 |                40.00 | 3625179 | 364767072889433600
05:28:37.698325 | 200633 | FREE  |      4.00 |                 0.00 | 3683196 |                N/A
05:28:37.698327 | 200633 | FREE  |      4.00 |                 0.00 | 3666319 |                N/A
05:28:37.698329 | 200633 | FREE  |      4.00 |                 0.00 | 3683191 |                N/A
05:28:37.698331 | 200633 | FREE  |      4.00 |                 0.00 | 3724415 |                N/A
05:28:37.698333 | 200630 | FREE  |      4.00 |                76.00 | 3243557 |  16721190419364752
05:28:37.698334 | 200630 | FREE  |      4.00 |                72.00 | 3243566 |  16721190419364752
05:28:37.698397 | 200750 | ALLOC |     32.00 |                32.00 | 2929592 |                N/A
05:28:37.698527 | 200719 | ALLOC |      4.00 |                92.00 | 3243566 | 1026330485038806528,644551850738674432,241083423082069984
05:28:37.698724 | 10097 | ALLOC |      8.00 |                20.00 | 3567820 |                N/A
05:28:37.698733 | 10097 | ALLOC |      4.00 |                24.00 | 3243557 |                N/A
05:28:37.698739 | 10097 | ALLOC |      4.00 |                28.00 | 3724415 |                N/A
05:28:37.698916 | 200768 | ALLOC |     32.00 |                32.00 | 3545632 |                N/A
05:28:37.699049 | 200768 | FREE  |     32.00 |                 0.00 | 3545632 |                N/A
05:28:37.699085 | 200756 | ALLOC |      4.00 |                 8.00 | 1853451 | 241083423082069984
05:28:37.699094 | 200694 | FREE  |      4.00 |                 0.00 | 3524670 |                N/A
05:28:37.699096 | 200676 | FREE  |      4.00 |                52.00 | 3723168 | 391200338986263424
05:28:37.699098 | 200676 | FREE  |      4.00 |                48.00 | 3524906 | 391200338986263424
05:28:37.699170 | 200631 | ALLOC |      4.00 |                60.00 | 3524906 | 1026330485038806528
05:28:37.699191 | 200631 | ALLOC |      4.00 |                64.00 | 3723168 | 1026330485038806528
05:28:37.699208 | 200631 | ALLOC |      4.00 |                68.00 | 3524670 | 1026330485038806528
05:28:37.699251 | 200631 | ALLOC |      4.00 |                72.00 | 3683191 | 1026330485038806528
05:28:37.699477 | 9805  | ALLOC |      4.00 |                12.00 | 3467553 |                N/A
05:28:37.699482 | 9805  | ALLOC |      4.00 |                16.00 | 3666319 |                N/A
05:28:37.699492 | 9805  | ALLOC |      4.00 |                20.00 | 3683196 |                N/A
05:28:37.699554 | 200775 | ALLOC |     32.00 |                32.00 | 3545632 |                N/A
05:28:37.699598 | 9805  | ALLOC |      4.00 |                24.00 | 1699726 |                N/A
05:28:37.699613 | 9805  | ALLOC |      4.00 |                28.00 | 3609931 |                N/A
05:28:37.699617 | 9805  | ALLOC |      4.00 |                32.00 | 1699727 |                N/A
05:28:37.699633 | 9805  | ALLOC |      4.00 |                36.00 | 2619128 |                N/A
05:28:37.699863 | 200678 | ALLOC |     32.00 |               100.00 | 3378208 | 386453419060398400,653174923090909184,764886907736861184,87649271374118576,364767072889433600
05:28:37.699909 | 9805  | ALLOC |      4.00 |                40.00 | 2619129 |                N/A
05:28:37.699925 | 9805  | ALLOC |      4.00 |                44.00 | 3333158 |                N/A
05:28:37.699935 | 9805  | ALLOC |      4.00 |                48.00 | 3333159 |                N/A
05:28:37.699987 | 9805  | ALLOC |      4.00 |                52.00 | 3595757 |                N/A
05:28:37.699991 | 9805  | ALLOC |      4.00 |                56.00 | 3716244 |                N/A
05:28:37.700002 | 9805  | ALLOC |      4.00 |                60.00 | 3716245 |                N/A
05:28:37.700181 | 200754 | FREE  |     32.00 |                 0.00 | 3558576 |                N/A
05:28:37.700264 | 200798 | ALLOC |      4.00 |                 4.00 | 3697890 | 644551850738674432
05:28:37.700288 | 200798 | ALLOC |      4.00 |                 8.00 | 3697891 | 644551850738674432
05:28:37.700304 | 200798 | ALLOC |      4.00 |                12.00 | 3697894 | 644551850738674432
05:28:37.700333 | 200798 | ALLOC |     32.00 |                44.00 | 3558576 | 644551850738674432
05:28:37.700465 | 200795 | FREE  |     32.00 |                 0.00 | 3620208 |                N/A
05:28:37.700482 | 200796 | ALLOC |      4.00 |                56.00 | 3697895 | 391200338986263424,764886907736861184
05:28:37.700581 | 200812 | ALLOC |      4.00 |                 4.00 | 3697896 |                N/A
05:28:37.700597 | 200812 | ALLOC |     32.00 |                36.00 | 3620208 |                N/A
05:28:37.700654 | 200813 | ALLOC |      4.00 |                 4.00 | 3567971 | 555477447468886912
05:28:37.700659 | 200813 | ALLOC |      4.00 |                 8.00 | 3697897 | 555477447468886912
05:28:37.700677 | 200813 | ALLOC |      4.00 |                12.00 | 3662234 | 555477447468886912
05:28:37.700691 | 200813 | ALLOC |      4.00 |                16.00 | 3662235 | 555477447468886912
05:28:37.700703 | 200813 | ALLOC |      4.00 |                20.00 | 3698024 | 555477447468886912
05:28:37.700712 | 200813 | ALLOC |      4.00 |                24.00 | 3698025 | 555477447468886912
05:28:37.700716 | 200813 | ALLOC |      4.00 |                28.00 | 3698328 | 555477447468886912
05:28:37.700720 | 200813 | ALLOC |      4.00 |                32.00 | 3698329 | 555477447468886912
05:28:37.700730 | 200813 | ALLOC |      4.00 |                36.00 | 3587852 | 555477447468886912
05:28:37.700736 | 200813 | ALLOC |      4.00 |                40.00 | 3587853 | 555477447468886912
05:28:37.700750 | 200813 | ALLOC |      4.00 |                44.00 | 3745978 | 555477447468886912
05:28:37.700780 | 200813 | ALLOC |      4.00 |                48.00 | 3745979 | 555477447468886912
05:28:37.700784 | 200813 | ALLOC |      4.00 |                52.00 | 3726376 | 555477447468886912
05:28:37.700844 | 200796 | ALLOC |      4.00 |                60.00 | 3726377 | 391200338986263424,764886907736861184
05:28:37.700855 | 200796 | ALLOC |     32.00 |                92.00 | 3579224 | 391200338986263424,764886907736861184
05:28:37.700908 | 200813 | ALLOC |      4.00 |                56.00 | 3698324 | 555477447468886912
05:28:37.700995 | 200813 | ALLOC |      4.00 |                60.00 | 3698325 | 555477447468886912
05:28:37.701007 | 200813 | ALLOC |     32.00 |                92.00 | 2581424 | 555477447468886912
05:28:37.701063 | 200817 | ALLOC |      4.00 |                56.00 | 3702630 | 546881539092688000
05:28:37.701129 | 200817 | ALLOC |      4.00 |                60.00 | 3702631 | 546881539092688000
05:28:37.701138 | 200817 | ALLOC |     32.00 |                92.00 | 3572736 | 546881539092688000
05:28:37.696886 | 200639 | FREE  |     32.00 |                 0.00 | 3561784 |                N/A
05:28:37.696980 | 200686 | ALLOC |      4.00 |                 4.00 | 3538184 |                N/A
05:28:37.697068 | 200687 | ALLOC |     32.00 |                32.00 | 3561784 |                N/A
05:28:37.697187 | 200687 | FREE  |     32.00 |                 0.00 | 3561784 |                N/A
05:28:37.697274 | 200703 | ALLOC |     32.00 |                32.00 | 3561784 |                N/A
05:28:37.697302 | 200695 | FREE  |     32.00 |                 0.00 | 3630032 |                N/A
05:28:37.697349 | 200707 | ALLOC |      4.00 |                 4.00 | 3538185 | 419530427290733440
05:28:37.697411 | 200707 | ALLOC |      4.00 |                 8.00 | 3378626 | 419530427290733440
05:28:37.697415 | 200707 | ALLOC |      4.00 |                12.00 | 3538186 | 419530427290733440
05:28:37.697426 | 200707 | ALLOC |      4.00 |                16.00 | 3538187 | 419530427290733440
05:28:37.697432 | 200707 | ALLOC |     32.00 |                48.00 | 3630032 | 419530427290733440
05:28:37.697538 | 200703 | FREE  |     32.00 |                 0.00 | 3561784 |                N/A
05:28:37.697706 | 200723 | ALLOC |      4.00 |                 4.00 | 3538188 | 562017487517019520
05:28:37.698178 | 200744 | ALLOC |     32.00 |                32.00 | 3561784 |                N/A
05:28:37.698225 | 10333 | ALLOC |      4.00 |                32.00 | 3538189 |                N/A
05:28:37.698413 | 200751 | ALLOC |      4.00 |                 4.00 | 3568061 | 809977241386262272,555477447468886912
05:28:37.698418 | 200751 | ALLOC |      4.00 |                 8.00 | 3538190 | 809977241386262272,555477447468886912
05:28:37.698438 | 200751 | ALLOC |      4.00 |                12.00 | 3538191 | 809977241386262272,555477447468886912
05:28:37.698453 | 200751 | ALLOC |      4.00 |                16.00 | 3719296 | 809977241386262272,555477447468886912
05:28:37.698467 | 200751 | ALLOC |      4.00 |                20.00 | 3719297 | 809977241386262272,555477447468886912
05:28:37.698478 | 200751 | ALLOC |      4.00 |                24.00 | 3719298 | 809977241386262272,555477447468886912
05:28:37.698521 | 200729 | ALLOC |      4.00 |                32.00 | 3561210 | 331213479527882560
05:28:37.698536 | 200735 | FREE  |      4.00 |                 0.00 | 3679299 |                N/A
05:28:37.698563 | 200751 | ALLOC |      4.00 |                28.00 | 3679299 | 809977241386262272,555477447468886912
05:28:37.698576 | 200751 | ALLOC |      4.00 |                32.00 | 3719299 | 809977241386262272,555477447468886912
05:28:37.698592 | 200751 | ALLOC |      4.00 |                36.00 | 3719300 | 809977241386262272,555477447468886912
05:28:37.698601 | 200657 | FREE  |      4.00 |                 0.00 | 3671796 |                N/A
05:28:37.698603 | 200657 | FREE  |      4.00 |                 0.00 | 3671797 |                N/A
05:28:37.698605 | 200657 | FREE  |      4.00 |                 0.00 | 3671798 |                N/A
05:28:37.698607 | 200657 | FREE  |      4.00 |                 0.00 | 3734344 |                N/A
05:28:37.698646 | 200751 | ALLOC |      4.00 |                40.00 | 3734344 | 809977241386262272,555477447468886912
05:28:37.698652 | 200751 | ALLOC |      4.00 |                44.00 | 3671798 | 809977241386262272,555477447468886912
05:28:37.698686 | 200744 | FREE  |     32.00 |                 0.00 | 3561784 |                N/A
05:28:37.698935 | 200767 | ALLOC |      4.00 |                 4.00 | 3561211 | 16721190419364752,232095291636170656
05:28:37.698939 | 200767 | ALLOC |      4.00 |                 8.00 | 3671797 | 16721190419364752,232095291636170656
05:28:37.698958 | 200767 | ALLOC |      4.00 |                12.00 | 3671796 | 16721190419364752,232095291636170656
05:28:37.699015 | 200767 | ALLOC |      4.00 |                16.00 | 3719301 | 16721190419364752,232095291636170656
05:28:37.699035 | 200767 | ALLOC |      4.00 |                20.00 | 3719302 | 16721190419364752,232095291636170656
05:28:37.699042 | 200767 | ALLOC |      4.00 |                24.00 | 3719303 | 16721190419364752,232095291636170656
05:28:37.699065 | 200767 | ALLOC |      4.00 |                28.00 | 3722664 | 16721190419364752,232095291636170656
05:28:37.699072 | 200767 | ALLOC |      4.00 |                32.00 | 3722665 | 16721190419364752,232095291636170656
05:28:37.699101 | 200767 | ALLOC |      4.00 |                36.00 | 3722666 | 16721190419364752,232095291636170656
05:28:37.699114 | 200767 | ALLOC |     32.00 |                68.00 | 3561784 | 16721190419364752,232095291636170656
05:28:37.699637 | 200767 | ALLOC |      4.00 |                72.00 | 3722667 | 16721190419364752,232095291636170656
05:28:37.699686 | 200767 | ALLOC |      4.00 |                76.00 | 3722668 | 16721190419364752,232095291636170656
05:28:37.699691 | 200767 | ALLOC |      4.00 |                80.00 | 3722669 | 16721190419364752,232095291636170656
05:28:37.700461 | 10112 | ALLOC |      4.00 |                 4.00 | 3722670 |                N/A
05:28:37.700469 | 10112 | ALLOC |      4.00 |                 8.00 | 3722671 |                N/A
05:28:37.700594 | 10333 | ALLOC |      4.00 |                36.00 | 3726224 |                N/A
05:28:37.700642 | 200799 | ALLOC |     32.00 |                32.00 | 3574672 |                N/A
05:28:37.700875 | 200799 | FREE  |     32.00 |                 0.00 | 3574672 |                N/A
05:28:37.700974 | 10112 | ALLOC |      4.00 |                12.00 | 3726225 |                N/A
05:28:37.700981 | 10112 | ALLOC |      4.00 |                16.00 | 3726226 |                N/A
05:28:37.701202 | 10079 | ALLOC |      4.00 |                12.00 | 3726227 |                N/A
05:28:37.701316 | 10112 | ALLOC |      4.00 |                20.00 | 3726228 |                N/A
05:28:37.701321 | 10112 | ALLOC |      4.00 |                24.00 | 3726229 |                N/A
05:28:37.701326 | 10112 | ALLOC |     32.00 |                56.00 | 3574672 |                N/A
05:28:37.701560 | 10112 | ALLOC |      4.00 |                60.00 | 3726230 |                N/A
05:28:37.701566 | 10112 | ALLOC |      4.00 |                64.00 | 3726231 |                N/A
05:28:37.701582 | 10112 | ALLOC |      4.00 |                68.00 | 3726232 |                N/A
05:28:37.701586 | 10112 | ALLOC |      4.00 |                72.00 | 3560518 |                N/A
05:28:37.701588 | 10112 | ALLOC |      4.00 |                76.00 | 3726233 |                N/A
05:28:37.701656 | 10112 | ALLOC |      4.00 |                80.00 | 3726234 |                N/A
05:28:37.701664 | 10112 | ALLOC |      4.00 |                84.00 | 3726235 |                N/A
05:28:37.701669 | 10112 | ALLOC |      4.00 |                88.00 | 3726236 |                N/A
05:28:37.701676 | 10112 | ALLOC |      4.00 |                92.00 | 3726237 |                N/A
05:28:37.701682 | 10112 | ALLOC |      4.00 |                96.00 | 3726238 |                N/A
05:28:37.701686 | 10112 | ALLOC |      4.00 |               100.00 | 3726239 |                N/A
05:28:37.701694 | 10112 | ALLOC |      4.00 |               104.00 | 3526704 |                N/A
05:28:37.701698 | 10112 | ALLOC |      4.00 |               108.00 | 3526705 |                N/A
05:28:37.701702 | 10112 | ALLOC |      4.00 |               112.00 | 3526706 |                N/A
05:28:37.701706 | 10112 | ALLOC |      4.00 |               116.00 | 3526707 |                N/A
05:28:37.701710 | 10112 | ALLOC |      4.00 |               120.00 | 3526708 |                N/A
05:28:37.701715 | 10112 | ALLOC |      4.00 |               124.00 | 3526709 |                N/A
05:28:37.701719 | 10112 | ALLOC |      4.00 |               128.00 | 3526710 |                N/A
05:28:37.701723 | 10112 | ALLOC |      4.00 |               132.00 | 3526711 |                N/A
05:28:37.701727 | 10112 | ALLOC |      4.00 |               136.00 | 3526712 |                N/A
05:28:37.701731 | 10112 | ALLOC |      4.00 |               140.00 | 3526713 |                N/A
05:28:37.701747 | 10112 | ALLOC |      4.00 |               144.00 | 3526714 |                N/A
05:28:37.701751 | 10112 | ALLOC |      4.00 |               148.00 | 3526715 |                N/A
05:28:37.701813 | 10112 | ALLOC |      4.00 |               152.00 | 3526716 |                N/A
05:28:37.701820 | 10112 | ALLOC |      4.00 |               156.00 | 3526717 |                N/A
05:28:37.701827 | 10112 | ALLOC |      4.00 |               160.00 | 3526718 |                N/A
05:28:37.701831 | 10112 | ALLOC |      4.00 |               164.00 | 3526719 |                N/A
05:28:37.701835 | 10112 | ALLOC |      4.00 |               168.00 | 3722672 |                N/A
05:28:37.701839 | 10112 | ALLOC |      4.00 |               172.00 | 3722673 |                N/A
05:28:37.701843 | 10112 | ALLOC |      4.00 |               176.00 | 3722674 |                N/A
05:28:37.701847 | 10112 | ALLOC |      4.00 |               180.00 | 3722675 |                N/A
05:28:37.701851 | 10112 | ALLOC |      4.00 |               184.00 | 3722676 |                N/A
05:28:37.701858 | 10112 | ALLOC |      4.00 |               188.00 | 3715515 |                N/A
05:28:37.701862 | 10112 | ALLOC |      4.00 |               192.00 | 3715516 |                N/A
05:28:37.701866 | 10112 | ALLOC |      4.00 |               196.00 | 3715517 |                N/A
05:28:37.701870 | 10112 | ALLOC |      4.00 |               200.00 | 3715518 |                N/A
05:28:37.701874 | 10112 | ALLOC |      4.00 |               204.00 | 3715519 |                N/A
05:28:37.701878 | 10112 | ALLOC |      4.00 |               208.00 | 3723072 |                N/A
05:28:37.701882 | 10112 | ALLOC |      4.00 |               212.00 | 3723073 |                N/A
05:28:37.701896 | 10112 | ALLOC |      4.00 |               216.00 | 3646579 |                N/A
05:28:37.701900 | 10112 | ALLOC |      4.00 |               220.00 | 3723074 |                N/A
05:28:37.701904 | 10112 | ALLOC |      4.00 |               224.00 | 3723075 |                N/A
05:28:37.701963 | 10112 | ALLOC |      4.00 |               228.00 | 3723076 |                N/A
05:28:37.701973 | 10112 | ALLOC |      4.00 |               232.00 | 3723077 |                N/A
05:28:37.701977 | 10112 | ALLOC |      4.00 |               236.00 | 3723078 |                N/A
05:28:37.701981 | 10112 | ALLOC |      4.00 |               240.00 | 3723079 |                N/A
05:28:37.701985 | 10112 | ALLOC |      4.00 |               244.00 | 3723080 |                N/A
05:28:37.701990 | 10112 | ALLOC |      4.00 |               248.00 | 3723081 |                N/A
05:28:37.701994 | 10112 | ALLOC |      4.00 |               252.00 | 3723082 |                N/A
05:28:37.701998 | 10112 | ALLOC |      4.00 |               256.00 | 3723083 |                N/A
05:28:37.702002 | 10112 | ALLOC |      4.00 |               260.00 | 3723084 |                N/A
05:28:37.702006 | 10112 | ALLOC |      4.00 |               264.00 | 3723085 |                N/A
05:28:37.702010 | 10112 | ALLOC |      4.00 |               268.00 | 3723086 |                N/A
05:28:37.702014 | 10112 | ALLOC |      4.00 |               272.00 | 3723087 |                N/A
05:28:37.702018 | 10112 | ALLOC |      4.00 |               276.00 | 3723088 |                N/A
05:28:37.702022 | 10112 | ALLOC |      4.00 |               280.00 | 3723089 |                N/A
05:28:37.702026 | 10112 | ALLOC |      4.00 |               284.00 | 3723090 |                N/A
05:28:37.702029 | 10112 | ALLOC |      4.00 |               288.00 | 3723091 |                N/A
05:28:37.702044 | 10112 | ALLOC |      4.00 |               292.00 | 3723092 |                N/A
05:28:37.702048 | 10112 | ALLOC |      4.00 |               296.00 | 3723093 |                N/A
05:28:37.702054 | 10112 | ALLOC |     32.00 |               328.00 | 3599624 |                N/A
05:28:37.702114 | 10112 | ALLOC |      4.00 |               332.00 | 3723094 |                N/A
05:28:37.702125 | 10112 | ALLOC |      4.00 |               336.00 | 3723095 |                N/A
05:28:37.702129 | 10112 | ALLOC |      4.00 |               340.00 | 3723096 |                N/A
05:28:37.702133 | 10112 | ALLOC |      4.00 |               344.00 | 3723097 |                N/A
05:28:37.702137 | 10112 | ALLOC |      4.00 |               348.00 | 3723098 |                N/A
05:28:37.702141 | 10112 | ALLOC |      4.00 |               352.00 | 3723099 |                N/A
05:28:37.702145 | 10112 | ALLOC |      4.00 |               356.00 | 3723100 |                N/A
05:28:37.702149 | 10112 | ALLOC |      4.00 |               360.00 | 3723101 |                N/A
05:28:37.702153 | 10112 | ALLOC |      4.00 |               364.00 | 3723102 |                N/A
05:28:37.702157 | 10112 | ALLOC |      4.00 |               368.00 | 3723103 |                N/A
05:28:37.702161 | 10112 | ALLOC |      4.00 |               372.00 | 3723104 |                N/A
05:28:37.702165 | 10112 | ALLOC |      4.00 |               376.00 | 3723105 |                N/A
05:28:37.702169 | 10112 | ALLOC |      4.00 |               380.00 | 3723106 |                N/A
05:28:37.702173 | 10112 | ALLOC |      4.00 |               384.00 | 3723107 |                N/A
05:28:37.702180 | 10112 | ALLOC |      4.00 |               388.00 | 3723108 |                N/A
05:28:37.702184 | 10112 | ALLOC |      4.00 |               392.00 | 3723109 |                N/A
05:28:37.702199 | 10112 | ALLOC |      4.00 |               396.00 | 3558802 |                N/A
05:28:37.702202 | 10112 | ALLOC |      4.00 |               400.00 | 3723110 |                N/A
05:28:37.702206 | 10112 | ALLOC |      4.00 |               404.00 | 3723111 |                N/A
05:28:37.702262 | 10112 | ALLOC |      4.00 |               408.00 | 3723112 |                N/A
05:28:37.702270 | 10112 | ALLOC |      4.00 |               412.00 | 3723113 |                N/A
05:28:37.702275 | 10112 | ALLOC |      4.00 |               416.00 | 3723114 |                N/A
05:28:37.702279 | 10112 | ALLOC |      4.00 |               420.00 | 3723115 |                N/A
05:28:37.702283 | 10112 | ALLOC |      4.00 |               424.00 | 3723116 |                N/A
05:28:37.702287 | 10112 | ALLOC |      4.00 |               428.00 | 3723117 |                N/A
05:28:37.702291 | 10112 | ALLOC |      4.00 |               432.00 | 3723118 |                N/A
05:28:37.702301 | 10112 | ALLOC |      4.00 |               436.00 | 3723119 |                N/A
05:28:37.702305 | 10112 | ALLOC |      4.00 |               440.00 | 3723120 |                N/A
05:28:37.702309 | 10112 | ALLOC |      4.00 |               444.00 | 3723121 |                N/A
05:28:37.702313 | 10112 | ALLOC |      4.00 |               448.00 | 3723122 |                N/A
05:28:37.702317 | 10112 | ALLOC |      4.00 |               452.00 | 3723123 |                N/A
05:28:37.702321 | 10112 | ALLOC |      4.00 |               456.00 | 3723124 |                N/A
05:28:37.702325 | 10112 | ALLOC |      4.00 |               460.00 | 3723125 |                N/A
05:28:37.702329 | 10112 | ALLOC |      4.00 |               464.00 | 3723126 |                N/A
05:28:37.702333 | 10112 | ALLOC |      4.00 |               468.00 | 3723127 |                N/A
05:28:37.702353 | 10112 | ALLOC |      4.00 |               472.00 | 3723128 |                N/A
05:28:37.702357 | 10112 | ALLOC |      4.00 |               476.00 | 3723129 |                N/A
05:28:37.702443 | 10112 | ALLOC |      8.00 |               484.00 | 3548356 |                N/A
05:28:37.702449 | 10112 | ALLOC |      4.00 |               488.00 | 3573197 |                N/A
05:28:37.702457 | 10112 | ALLOC |      4.00 |               492.00 | 3717880 |                N/A
05:28:37.702461 | 10112 | ALLOC |      4.00 |               496.00 | 3717881 |                N/A
05:28:37.702567 | 10112 | ALLOC |      4.00 |               500.00 | 3717882 |                N/A
05:28:37.702573 | 10112 | ALLOC |      4.00 |               504.00 | 3717883 |                N/A
05:28:37.702580 | 10112 | ALLOC |     32.00 |               536.00 | 3618624 |                N/A
05:28:37.697762 | 200714 | ALLOC |     32.00 |                32.00 | 3550968 |                N/A
05:28:37.697877 | 200726 | ALLOC |      4.00 |                 4.00 | 3290669 |                N/A
05:28:37.697883 | 200726 | ALLOC |      4.00 |                 8.00 | 3290670 |                N/A
05:28:37.697927 | 200726 | ALLOC |      4.00 |                12.00 | 3290671 |                N/A
05:28:37.698148 | 200686 | FREE  |     32.00 |                 0.00 | 3378512 |                N/A
05:28:37.698302 | 200746 | ALLOC |      4.00 |                 4.00 | 3717760 |                N/A
05:28:37.698321 | 200746 | ALLOC |      4.00 |                 8.00 | 3717761 |                N/A
05:28:37.698346 | 200746 | ALLOC |      4.00 |                12.00 | 3717762 |                N/A
05:28:37.698372 | 200746 | ALLOC |      4.00 |                16.00 | 3717763 |                N/A
05:28:37.698427 | 200746 | ALLOC |     32.00 |                48.00 | 3378512 |                N/A
05:28:37.698672 | 200746 | ALLOC |      4.00 |                52.00 | 3717764 |                N/A
05:28:37.698896 | 200766 | ALLOC |     32.00 |                32.00 | 3633848 |                N/A
05:28:37.699094 | 200765 | ALLOC |      4.00 |                56.00 | 3717765 |                N/A
05:28:37.699123 | 200766 | FREE  |     32.00 |                 0.00 | 3633848 |                N/A
05:28:37.699596 | 200777 | ALLOC |      4.00 |                 4.00 | 3568376 | 636835206775895168,546881539092688000
05:28:37.699601 | 200777 | ALLOC |      4.00 |                 8.00 | 3717766 | 636835206775895168,546881539092688000
05:28:37.699620 | 200777 | ALLOC |      4.00 |                12.00 | 3717767 | 636835206775895168,546881539092688000
05:28:37.699631 | 200777 | ALLOC |      4.00 |                16.00 | 3717768 | 636835206775895168,546881539092688000
05:28:37.699645 | 200777 | ALLOC |      4.00 |                20.00 | 3717769 | 636835206775895168,546881539092688000
05:28:37.699654 | 200777 | ALLOC |      4.00 |                24.00 | 3717770 | 636835206775895168,546881539092688000
05:28:37.699665 | 200777 | ALLOC |      4.00 |                28.00 | 3717771 | 636835206775895168,546881539092688000
05:28:37.699671 | 200777 | ALLOC |      4.00 |                32.00 | 3717772 | 636835206775895168,546881539092688000
05:28:37.699686 | 200777 | ALLOC |     32.00 |                64.00 | 3633848 | 636835206775895168,546881539092688000
05:28:37.700025 | 200789 | FREE  |     32.00 |                 0.00 | 3597568 |                N/A
05:28:37.700059 | 9805  | ALLOC |      4.00 |                64.00 | 3717773 |                N/A
05:28:37.700081 | 9805  | ALLOC |      4.00 |                68.00 | 3717774 |                N/A
05:28:37.700088 | 9805  | ALLOC |      8.00 |                76.00 | 3550740 |                N/A
05:28:37.700123 | 9805  | ALLOC |      4.00 |                80.00 | 3717775 |                N/A
05:28:37.700178 | 9805  | ALLOC |      4.00 |                84.00 | 3715536 |                N/A
05:28:37.700212 | 9805  | ALLOC |      4.00 |                88.00 | 3568377 |                N/A
05:28:37.700217 | 9805  | ALLOC |      4.00 |                92.00 | 3715537 |                N/A
05:28:37.700227 | 9805  | ALLOC |      4.00 |                96.00 | 3715538 |                N/A
05:28:37.700309 | 200801 | ALLOC |     32.00 |                32.00 | 3597568 |                N/A
05:28:37.700354 | 9805  | ALLOC |      4.00 |               100.00 | 3715539 |                N/A
05:28:37.700365 | 9805  | ALLOC |      4.00 |               104.00 | 3715540 |                N/A
05:28:37.700420 | 9805  | ALLOC |      4.00 |               108.00 | 3715541 |                N/A
05:28:37.700434 | 9805  | ALLOC |      4.00 |               112.00 | 3548592 |                N/A
05:28:37.700438 | 9805  | ALLOC |      4.00 |               116.00 | 3715542 |                N/A
05:28:37.700446 | 9805  | ALLOC |      4.00 |               120.00 | 3715543 |                N/A
05:28:37.700499 | 200802 | ALLOC |     32.00 |                32.00 | 3645632 |                N/A
05:28:37.700592 | 200801 | FREE  |     32.00 |                 0.00 | 3597568 |                N/A
05:28:37.700616 | 10234 | ALLOC |      4.00 |                16.00 | 3715544 |                N/A
05:28:37.700621 | 10234 | ALLOC |      4.00 |                20.00 | 3715545 |                N/A
05:28:37.700665 | 9805  | ALLOC |      4.00 |               136.00 | 2283801 |                N/A
05:28:37.700669 | 9805  | ALLOC |      4.00 |               140.00 | 3715546 |                N/A
05:28:37.700679 | 9805  | ALLOC |      4.00 |               144.00 | 3715547 |                N/A
05:28:37.700783 | 200802 | FREE  |     32.00 |                 0.00 | 3645632 |                N/A
05:28:37.702684 | 200828 | ALLOC |      4.00 |                96.00 | 3678892 |                N/A
05:28:37.702687 | 200828 | ALLOC |      4.00 |               100.00 | 3678893 |                N/A
05:28:37.702690 | 200828 | ALLOC |      4.00 |               104.00 | 3678894 |                N/A
05:28:37.702716 | 200828 | ALLOC |      4.00 |               108.00 | 3678895 |                N/A
05:28:37.702720 | 200828 | ALLOC |      4.00 |               112.00 | 3678896 |                N/A
05:28:37.695870 | 200640 | ALLOC |      4.00 |                 8.00 | 3745843 |                N/A
05:28:37.695881 | 200640 | ALLOC |      4.00 |                12.00 | 3745844 |                N/A
05:28:37.695894 | 200640 | ALLOC |      4.00 |                16.00 | 3745845 |                N/A
05:28:37.695911 | 200640 | ALLOC |     32.00 |                48.00 | 3597624 |                N/A
05:28:37.695980 | 200653 | ALLOC |     32.00 |                60.00 | 3597616 |                N/A
05:28:37.696152 | 9429  | ALLOC |      4.00 |                80.00 | 3378199 |                N/A
05:28:37.696157 | 9429  | ALLOC |      4.00 |                84.00 | 3745846 |                N/A
05:28:37.696220 | 200659 | ALLOC |      8.00 |                 8.00 | 3561974 | 653174923090909184,806621659014988672,331213479527882560,232095291636170656,273078355749895200,886041221535080576,636835206775895168,555477447468886912,546881539092688000
05:28:37.696243 | 200659 | ALLOC |      4.00 |                12.00 | 3548602 | 653174923090909184,806621659014988672,331213479527882560,232095291636170656,273078355749895200,886041221535080576,636835206775895168,555477447468886912,546881539092688000
05:28:37.696246 | 200659 | ALLOC |      4.00 |                16.00 | 3745847 | 653174923090909184,806621659014988672,331213479527882560,232095291636170656,273078355749895200,886041221535080576,636835206775895168,555477447468886912,546881539092688000
05:28:37.696278 | 200659 | ALLOC |      4.00 |                20.00 | 3745848 | 653174923090909184,806621659014988672,331213479527882560,232095291636170656,273078355749895200,886041221535080576,636835206775895168,555477447468886912,546881539092688000
05:28:37.696328 | 200659 | ALLOC |      4.00 |                24.00 | 3745849 | 653174923090909184,806621659014988672,331213479527882560,232095291636170656,273078355749895200,886041221535080576,636835206775895168,555477447468886912,546881539092688000
05:28:37.696346 | 200659 | ALLOC |     32.00 |                56.00 | 3597608 | 653174923090909184,806621659014988672,331213479527882560,232095291636170656,273078355749895200,886041221535080576,636835206775895168,555477447468886912,546881539092688000
05:28:37.696428 | 200653 | FREE  |     32.00 |                 0.00 | 3597616 |                N/A
05:28:37.696494 | 200663 | ALLOC |      4.00 |                16.00 | 3745850 | 555477447468886912
05:28:37.696659 | 9255  | ALLOC |      4.00 |                36.00 | 3745851 |                N/A
05:28:37.696715 | 9255  | ALLOC |      4.00 |                40.00 | 3745852 |                N/A
05:28:37.696724 | 9255  | ALLOC |      4.00 |                44.00 | 3745853 |                N/A
05:28:37.696793 | 200679 | ALLOC |     32.00 |                32.00 | 3597616 |                N/A
05:28:37.696914 | 200679 | FREE  |     32.00 |                 0.00 | 3597616 |                N/A
05:28:37.696961 | 200663 | ALLOC |      4.00 |                24.00 | 3745854 | 555477447468886912
05:28:37.697054 | 200664 | ALLOC |      4.00 |                 8.00 | 3745855 |                N/A
05:28:37.697065 | 200664 | ALLOC |      4.00 |                12.00 | 3684128 |                N/A
05:28:37.697076 | 200664 | ALLOC |      4.00 |                16.00 | 3290689 |                N/A
05:28:37.697112 | 200664 | ALLOC |      4.00 |                20.00 | 3290690 |                N/A
05:28:37.697181 | 200698 | ALLOC |     32.00 |                32.00 | 3597616 |                N/A
05:28:37.697303 | 200641 | FREE  |     32.00 |                 0.00 | 3597624 |                N/A
05:28:37.697395 | 200701 | FREE  |     32.00 |                 0.00 | 3564992 |                N/A
05:28:37.697428 | 200710 | ALLOC |     32.00 |                32.00 | 3564992 |                N/A
05:28:37.697433 | 200698 | FREE  |     32.00 |                 0.00 | 3597616 |                N/A
05:28:37.697528 | 200664 | ALLOC |     32.00 |                52.00 | 3597616 |                N/A
05:28:37.697604 | 9255  | ALLOC |      4.00 |                48.00 | 3290691 |                N/A
05:28:37.697618 | 9255  | ALLOC |      4.00 |                52.00 | 3290692 |                N/A
05:28:37.697713 | 200722 | ALLOC |     32.00 |                32.00 | 3597624 |                N/A
05:28:37.697956 | 200729 | ALLOC |      4.00 |                12.00 | 3290693 | 331213479527882560
05:28:37.697978 | 200729 | ALLOC |      4.00 |                16.00 | 3290694 | 331213479527882560
05:28:37.697997 | 200729 | ALLOC |      4.00 |                20.00 | 3290695 | 331213479527882560
05:28:37.698022 | 200729 | ALLOC |      4.00 |                24.00 | 3290696 | 331213479527882560
05:28:37.698039 | 200729 | ALLOC |      4.00 |                28.00 | 3290697 | 331213479527882560
05:28:37.698157 | 200743 | ALLOC |     32.00 |                32.00 | 3597600 |                N/A
05:28:37.698214 | 200732 | ALLOC |     32.00 |                32.00 | 3597592 |                N/A
05:28:37.698467 | 200752 | ALLOC |     32.00 |                32.00 | 3597584 |                N/A
05:28:37.698602 | 200752 | FREE  |     32.00 |                 0.00 | 3597584 |                N/A
05:28:37.698695 | 200761 | ALLOC |     32.00 |                32.00 | 3597584 |                N/A
05:28:37.698757 | 200763 | ALLOC |      4.00 |                 4.00 | 3525863 |                N/A
05:28:37.698762 | 200763 | ALLOC |      4.00 |                 8.00 | 3290698 |                N/A
05:28:37.698777 | 200763 | ALLOC |      4.00 |                12.00 | 3290699 |                N/A
05:28:37.698792 | 200763 | ALLOC |     32.00 |                44.00 | 3597576 |                N/A
05:28:37.698926 | 200763 | FREE  |     32.00 |                 0.00 | 3597576 |                N/A
05:28:37.699066 | 200727 | FREE  |     32.00 |                 0.00 | 3497824 |                N/A
05:28:37.699185 | 200741 | ALLOC |     32.00 |                52.00 | 3497824 |                N/A
05:28:37.699503 | 200760 | ALLOC |     32.00 |                36.00 | 3597576 |  87649271374118576
05:28:37.699728 | 200776 | FREE  |     32.00 |                 0.00 | 3597624 |                N/A
05:28:37.699762 | 200783 | ALLOC |     32.00 |                32.00 | 3597624 |                N/A
05:28:37.699883 | 200789 | ALLOC |     32.00 |                32.00 | 3597568 |                N/A
05:28:37.700088 | 200756 | ALLOC |     32.00 |                56.00 | 3620216 | 241083423082069984
05:28:37.700166 | 200795 | ALLOC |     32.00 |                32.00 | 3620208 |                N/A
05:28:37.700339 | 200778 | ALLOC |     32.00 |                72.00 | 3620200 | 232095291636170656
05:28:37.700431 | 200807 | ALLOC |      4.00 |                 4.00 | 3290700 | 806621659014988672,241083423082069984
05:28:37.700453 | 200807 | ALLOC |      8.00 |                12.00 | 3519738 | 806621659014988672,241083423082069984
05:28:37.700468 | 200807 | ALLOC |      4.00 |                16.00 | 3222540 | 806621659014988672,241083423082069984
05:28:37.700471 | 200807 | ALLOC |      4.00 |                20.00 | 3290701 | 806621659014988672,241083423082069984
05:28:37.700490 | 200807 | ALLOC |      4.00 |                24.00 | 3290702 | 806621659014988672,241083423082069984
05:28:37.700503 | 200807 | ALLOC |      4.00 |                28.00 | 3290703 | 806621659014988672,241083423082069984
05:28:37.700516 | 200807 | ALLOC |      4.00 |                32.00 | 3290704 | 806621659014988672,241083423082069984
05:28:37.700524 | 200807 | ALLOC |      4.00 |                36.00 | 3290705 | 806621659014988672,241083423082069984
05:28:37.700530 | 200807 | ALLOC |      4.00 |                40.00 | 3290706 | 806621659014988672,241083423082069984
05:28:37.700535 | 200807 | ALLOC |      4.00 |                44.00 | 3290707 | 806621659014988672,241083423082069984
05:28:37.700546 | 200807 | ALLOC |      4.00 |                48.00 | 3290708 | 806621659014988672,241083423082069984
05:28:37.700560 | 200807 | ALLOC |      4.00 |                52.00 | 3290709 | 806621659014988672,241083423082069984
05:28:37.700591 | 200807 | ALLOC |      4.00 |                56.00 | 3290710 | 806621659014988672,241083423082069984
05:28:37.700596 | 200807 | ALLOC |      4.00 |                60.00 | 3290711 | 806621659014988672,241083423082069984
05:28:37.700674 | 200814 | ALLOC |     32.00 |                32.00 | 3620192 |                N/A
05:28:37.700719 | 200807 | ALLOC |      4.00 |                64.00 | 3290712 | 806621659014988672,241083423082069984
05:28:37.700810 | 200807 | ALLOC |      4.00 |                68.00 | 3290713 | 806621659014988672,241083423082069984
05:28:37.700820 | 200807 | ALLOC |     32.00 |               100.00 | 3620184 | 806621659014988672,241083423082069984
05:28:37.700894 | 200803 | FREE  |     32.00 |                 0.00 | 3645976 |                N/A
05:28:37.700951 | 200810 | ALLOC |     32.00 |                48.00 | 3645976 |                N/A
05:28:37.701111 | 200810 | ALLOC |      4.00 |                52.00 | 3290714 |                N/A
05:28:37.701207 | 200810 | ALLOC |      4.00 |                56.00 | 3290715 |                N/A
05:28:37.701212 | 200810 | ALLOC |      4.00 |                60.00 | 3290716 |                N/A
05:28:37.702280 | 200826 | ALLOC |      4.00 |                68.00 | 3290718 |                N/A
05:28:37.702285 | 200826 | ALLOC |      4.00 |                72.00 | 3290719 |                N/A
05:28:37.702289 | 200826 | ALLOC |      4.00 |                76.00 | 3290720 |                N/A
05:28:37.702295 | 200729 | FREE  |      4.00 |                76.00 | 3290696 | 331213479527882560
05:28:37.702297 | 200729 | FREE  |      4.00 |                72.00 | 3290697 | 331213479527882560
05:28:37.702301 | 200826 | ALLOC |      4.00 |                80.00 | 3290697 |                N/A
05:28:37.702304 | 200826 | ALLOC |      4.00 |                84.00 | 3290696 |                N/A
05:28:37.702324 | 200826 | ALLOC |      4.00 |                88.00 | 3290721 |                N/A
05:28:37.702393 | 200826 | ALLOC |      4.00 |                92.00 | 3290722 |                N/A
05:28:37.702398 | 200826 | ALLOC |      4.00 |                96.00 | 3290723 |                N/A
05:28:37.702760 | 200828 | ALLOC |      4.00 |               116.00 | 3290724 |                N/A
05:28:37.702765 | 200828 | ALLOC |      4.00 |               120.00 | 3290725 |                N/A
05:28:37.695341 | 200648 | ALLOC |      8.00 |                 8.00 | 2854008 | 331213479527882560,636835206775895168,706778826815226368,1144672601494410496,555477447468886912,546881539092688000
05:28:37.695352 | 200648 | ALLOC |      4.00 |                12.00 | 1851154 | 331213479527882560,636835206775895168,706778826815226368,1144672601494410496,555477447468886912,546881539092688000
05:28:37.695356 | 200648 | ALLOC |      4.00 |                16.00 | 3684211 | 331213479527882560,636835206775895168,706778826815226368,1144672601494410496,555477447468886912,546881539092688000
05:28:37.695380 | 200648 | ALLOC |      4.00 |                20.00 | 3719378 | 331213479527882560,636835206775895168,706778826815226368,1144672601494410496,555477447468886912,546881539092688000
05:28:37.695423 | 200648 | ALLOC |      4.00 |                24.00 | 3719379 | 331213479527882560,636835206775895168,706778826815226368,1144672601494410496,555477447468886912,546881539092688000
05:28:37.695478 | 200648 | ALLOC |      4.00 |                28.00 | 3719488 | 331213479527882560,636835206775895168,706778826815226368,1144672601494410496,555477447468886912,546881539092688000
05:28:37.695520 | 200648 | ALLOC |      4.00 |                32.00 | 1851155 | 331213479527882560,636835206775895168,706778826815226368,1144672601494410496,555477447468886912,546881539092688000
05:28:37.695538 | 200648 | ALLOC |      4.00 |                36.00 | 3719489 | 331213479527882560,636835206775895168,706778826815226368,1144672601494410496,555477447468886912,546881539092688000
05:28:37.695556 | 200648 | ALLOC |      4.00 |                40.00 | 3690158 | 331213479527882560,636835206775895168,706778826815226368,1144672601494410496,555477447468886912,546881539092688000
05:28:37.695632 | 200648 | ALLOC |      4.00 |                44.00 | 3497634 | 331213479527882560,636835206775895168,706778826815226368,1144672601494410496,555477447468886912,546881539092688000
05:28:37.695635 | 200648 | ALLOC |      4.00 |                48.00 | 3690159 | 331213479527882560,636835206775895168,706778826815226368,1144672601494410496,555477447468886912,546881539092688000
05:28:37.695643 | 200648 | ALLOC |      4.00 |                52.00 | 3690154 | 331213479527882560,636835206775895168,706778826815226368,1144672601494410496,555477447468886912,546881539092688000
05:28:37.695742 | 200656 | ALLOC |      4.00 |                 4.00 | 3690155 |                N/A
05:28:37.695763 | 200656 | ALLOC |      4.00 |                 8.00 | 3497635 |                N/A
05:28:37.695766 | 200656 | ALLOC |      4.00 |                12.00 | 3690144 |                N/A
05:28:37.695779 | 200656 | ALLOC |      4.00 |                16.00 | 3690145 |                N/A
05:28:37.695852 | 200656 | ALLOC |      4.00 |                20.00 | 3683460 |                N/A
05:28:37.695884 | 200656 | ALLOC |      4.00 |                24.00 | 3683461 |                N/A
05:28:37.695896 | 200656 | ALLOC |      4.00 |                28.00 | 3683456 |                N/A
05:28:37.696027 | 200640 | FREE  |     32.00 |                 0.00 | 3597624 |                N/A
05:28:37.696050 | 200632 | ALLOC |      4.00 |                48.00 | 3560954 | 386453419060398400
05:28:37.696183 | 200642 | ALLOC |      4.00 |                 8.00 | 3683457 |                N/A
05:28:37.696192 | 200642 | ALLOC |      4.00 |                12.00 | 3682762 |                N/A
05:28:37.696204 | 200642 | ALLOC |      4.00 |                16.00 | 3682763 |                N/A
05:28:37.696246 | 9429  | ALLOC |      8.00 |                92.00 | 3660754 |                N/A
05:28:37.696256 | 9429  | ALLOC |      4.00 |                96.00 | 3682764 |                N/A
05:28:37.696299 | 200644 | ALLOC |      4.00 |                 4.00 | 3560955 |                N/A
05:28:37.696329 | 200632 | ALLOC |      4.00 |                56.00 | 3682765 | 386453419060398400
05:28:37.696378 | 9429  | ALLOC |      4.00 |               100.00 | 3728952 |                N/A
05:28:37.696394 | 9429  | ALLOC |      4.00 |               104.00 | 3459810 |                N/A
05:28:37.696399 | 9429  | ALLOC |      4.00 |               108.00 | 3728953 |                N/A
05:28:37.696410 | 9429  | ALLOC |      4.00 |               112.00 | 3729644 |                N/A
05:28:37.696462 | 200632 | ALLOC |      4.00 |                60.00 | 3589835 | 386453419060398400
05:28:37.696525 | 200632 | ALLOC |      4.00 |                64.00 | 3724738 | 386453419060398400
05:28:37.696613 | 200641 | ALLOC |     32.00 |                64.00 | 3597624 |                N/A
05:28:37.696658 | 9429  | ALLOC |      4.00 |               116.00 | 3724739 |                N/A
05:28:37.696675 | 9429  | ALLOC |      4.00 |               120.00 | 3724740 |                N/A
05:28:37.696733 | 9429  | ALLOC |      4.00 |               124.00 | 3724741 |                N/A
05:28:37.696748 | 9429  | ALLOC |      4.00 |               128.00 | 2040102 |                N/A
05:28:37.696795 | 9764  | ALLOC |      4.00 |                24.00 | 3724742 |                N/A
05:28:37.696813 | 9764  | ALLOC |      4.00 |                28.00 | 3724743 |                N/A
05:28:37.696822 | 9764  | ALLOC |      4.00 |                32.00 | 3724744 |                N/A
05:28:37.696880 | 200685 | ALLOC |      4.00 |                 4.00 | 3724745 |                N/A
05:28:37.696903 | 200685 | ALLOC |     32.00 |                36.00 | 3564992 |                N/A
05:28:37.696934 | 9429  | ALLOC |      4.00 |               132.00 | 3724746 |                N/A
05:28:37.697109 | 200689 | FREE  |     32.00 |                 0.00 | 3571176 |                N/A
05:28:37.697195 | 200700 | ALLOC |     32.00 |                32.00 | 3571176 |                N/A
05:28:37.697200 | 200685 | FREE  |     32.00 |                 0.00 | 3564992 |                N/A
05:28:37.697258 | 200701 | ALLOC |     32.00 |                32.00 | 3564992 |                N/A
05:28:37.697376 | 200706 | ALLOC |      4.00 |                 4.00 | 3497495 |                N/A
05:28:37.697380 | 200706 | ALLOC |      4.00 |                 8.00 | 3724747 |                N/A
05:28:37.697396 | 200706 | ALLOC |      4.00 |                12.00 | 3724748 |                N/A
05:28:37.697404 | 200648 | FREE  |      4.00 |                80.00 | 3719489 | 331213479527882560,636835206775895168,706778826815226368,1144672601494410496,555477447468886912,546881539092688000
05:28:37.697406 | 200648 | FREE  |      4.00 |                76.00 | 3690158 | 331213479527882560,636835206775895168,706778826815226368,1144672601494410496,555477447468886912,546881539092688000
05:28:37.697407 | 200648 | FREE  |      4.00 |                72.00 | 3690159 | 331213479527882560,636835206775895168,706778826815226368,1144672601494410496,555477447468886912,546881539092688000
05:28:37.697409 | 200648 | FREE  |      4.00 |                68.00 | 3690154 | 331213479527882560,636835206775895168,706778826815226368,1144672601494410496,555477447468886912,546881539092688000
05:28:37.697424 | 200706 | ALLOC |     32.00 |                44.00 | 3563088 |                N/A
05:28:37.697470 | 10080 | ALLOC |      4.00 |                 4.00 | 2657744 |                N/A
05:28:37.697474 | 10080 | ALLOC |      4.00 |                 8.00 | 3690154 |                N/A
05:28:37.697486 | 10080 | ALLOC |      4.00 |                12.00 | 3690159 |                N/A
05:28:37.697499 | 10080 | ALLOC |      4.00 |                16.00 | 3690158 |                N/A
05:28:37.697505 | 10080 | ALLOC |      4.00 |                20.00 | 3719489 |                N/A
05:28:37.697590 | 200699 | ALLOC |      8.00 |                44.00 | 3659962 | 1144672601494410496
05:28:37.697606 | 200665 | FREE  |      4.00 |                 0.00 | 3717801 |                N/A
05:28:37.697608 | 200632 | FREE  |      4.00 |                64.00 | 3682765 | 386453419060398400
05:28:37.697668 | 200720 | ALLOC |      4.00 |                 4.00 | 3682765 | 232095291636170656,809977241386262272,886041221535080576
05:28:37.697824 | 200720 | ALLOC |     32.00 |                36.00 | 3563192 | 232095291636170656,809977241386262272,886041221535080576
05:28:37.697873 | 200728 | ALLOC |     32.00 |                32.00 | 3497824 |                N/A
05:28:37.697881 | 200706 | FREE  |     32.00 |                 0.00 | 3563088 |                N/A
05:28:37.698016 | 200728 | FREE  |     32.00 |                 0.00 | 3497824 |                N/A
05:28:37.698063 | 200739 | ALLOC |      4.00 |                 4.00 | 3717801 |                N/A
05:28:37.698084 | 200739 | ALLOC |     32.00 |                36.00 | 3497824 |                N/A
05:28:37.698247 | 200739 | FREE  |     32.00 |                 0.00 | 3497824 |                N/A
05:28:37.698463 | 200727 | ALLOC |     32.00 |                60.00 | 3497824 |                N/A
05:28:37.698541 | 200753 | ALLOC |     32.00 |                32.00 | 3563088 |                N/A
05:28:37.698573 | 10080 | ALLOC |      4.00 |                24.00 | 3724749 |                N/A
05:28:37.698616 | 10234 | ALLOC |      4.00 |                12.00 | 3724750 |                N/A
05:28:37.698673 | 200759 | ALLOC |     32.00 |                32.00 | 3606920 |                N/A
05:28:37.698782 | 200765 | ALLOC |      4.00 |                 4.00 | 3724751 |                N/A
05:28:37.698811 | 200765 | ALLOC |      4.00 |                 8.00 | 3724752 |                N/A
05:28:37.698822 | 200765 | ALLOC |      4.00 |                12.00 | 3724753 |                N/A
05:28:37.698841 | 200765 | ALLOC |      4.00 |                16.00 | 3724754 |                N/A
05:28:37.698857 | 200765 | ALLOC |      4.00 |                20.00 | 3724755 |                N/A
05:28:37.698901 | 200765 | ALLOC |     32.00 |                52.00 | 3599928 |                N/A
05:28:37.698980 | 200761 | FREE  |     32.00 |                 0.00 | 3597584 |                N/A
05:28:37.699033 | 10412 | ALLOC |      4.00 |                 4.00 | 3724756 |                N/A
05:28:37.699063 | 10412 | ALLOC |      4.00 |                 8.00 | 2657745 |                N/A
05:28:37.699067 | 10412 | ALLOC |      4.00 |                12.00 | 3724757 |                N/A
05:28:37.699078 | 10412 | ALLOC |      4.00 |                16.00 | 3724758 |                N/A
05:28:37.699090 | 10412 | ALLOC |      4.00 |                20.00 | 3724759 |                N/A
05:28:37.699096 | 10412 | ALLOC |      4.00 |                24.00 | 3724760 |                N/A
05:28:37.699243 | 200707 | FREE  |      4.00 |                44.00 | 3538187 | 419530427290733440
05:28:37.699245 | 200707 | FREE  |      4.00 |                40.00 | 3538186 | 419530427290733440
05:28:37.699281 | 200676 | ALLOC |      4.00 |                52.00 | 3538186 | 391200338986263424
05:28:37.699322 | 200676 | ALLOC |      4.00 |                56.00 | 3538187 | 391200338986263424
05:28:37.699351 | 10412 | ALLOC |      4.00 |                28.00 | 3724761 |                N/A
05:28:37.699370 | 200714 | FREE  |     32.00 |                 0.00 | 3550968 |                N/A
05:28:37.699390 | 200669 | ALLOC |      4.00 |                56.00 | 3724762 | 273078355749895200
05:28:37.699411 | 200669 | ALLOC |      4.00 |                60.00 | 3724763 | 273078355749895200
05:28:37.699427 | 200669 | ALLOC |      4.00 |                64.00 | 3724764 | 273078355749895200
05:28:37.699468 | 200669 | ALLOC |      4.00 |                68.00 | 3724765 | 273078355749895200
05:28:37.699518 | 200676 | ALLOC |      4.00 |                60.00 | 3724766 | 391200338986263424
05:28:37.699551 | 200676 | ALLOC |      4.00 |                64.00 | 3724767 | 391200338986263424
05:28:37.699657 | 200669 | ALLOC |     32.00 |               100.00 | 3550968 | 273078355749895200
05:28:37.699907 | 200676 | ALLOC |     32.00 |                96.00 | 3597584 | 391200338986263424
05:28:37.699978 | 200793 | ALLOC |      4.00 |                 4.00 | 2926388 |                N/A
05:28:37.699984 | 200793 | ALLOC |      4.00 |                 8.00 | 3724768 |                N/A
05:28:37.700006 | 200793 | ALLOC |     32.00 |                40.00 | 3560928 |                N/A
05:28:37.700131 | 200793 | FREE  |     32.00 |                 0.00 | 3560928 |                N/A
05:28:37.700178 | 200796 | ALLOC |      4.00 |                 4.00 | 2926389 | 391200338986263424,764886907736861184
05:28:37.700182 | 200796 | ALLOC |      4.00 |                 8.00 | 3724769 | 391200338986263424,764886907736861184
05:28:37.700201 | 200796 | ALLOC |      4.00 |                12.00 | 3724770 | 391200338986263424,764886907736861184
05:28:37.700215 | 200796 | ALLOC |      4.00 |                16.00 | 3724771 | 391200338986263424,764886907736861184
05:28:37.700224 | 200739 | FREE  |      4.00 |                 0.00 | 3717801 |                N/A
05:28:37.700236 | 200796 | ALLOC |      4.00 |                20.00 | 3717801 | 391200338986263424,764886907736861184
05:28:37.700255 | 200796 | ALLOC |      4.00 |                24.00 | 3724772 | 391200338986263424,764886907736861184
05:28:37.700261 | 200796 | ALLOC |      4.00 |                28.00 | 3724773 | 391200338986263424,764886907736861184
05:28:37.700267 | 200796 | ALLOC |      4.00 |                32.00 | 3724774 | 391200338986263424,764886907736861184
05:28:37.700278 | 200796 | ALLOC |      4.00 |                36.00 | 3724775 | 391200338986263424,764886907736861184
05:28:37.700284 | 200796 | ALLOC |      4.00 |                40.00 | 3724776 | 391200338986263424,764886907736861184
05:28:37.700295 | 200796 | ALLOC |      4.00 |                44.00 | 3724777 | 391200338986263424,764886907736861184
05:28:37.700322 | 200796 | ALLOC |      4.00 |                48.00 | 3724778 | 391200338986263424,764886907736861184
05:28:37.700326 | 200796 | ALLOC |      4.00 |                52.00 | 3724779 | 391200338986263424,764886907736861184
05:28:37.700426 | 200806 | ALLOC |     32.00 |                32.00 | 3560928 |                N/A
05:28:37.700555 | 200806 | FREE  |     32.00 |                 0.00 | 3560928 |                N/A
05:28:37.700604 | 200815 | ALLOC |     32.00 |                32.00 | 3560928 |                N/A
05:28:37.700938 | 200819 | ALLOC |     32.00 |                32.00 | 3649512 |                N/A
05:28:37.700945 | 200815 | FREE  |     32.00 |                 0.00 | 3560928 |                N/A
05:28:37.701615 | 200823 | ALLOC |      4.00 |                 4.00 | 3724780 |                N/A
05:28:37.701642 | 200823 | ALLOC |      4.00 |                 8.00 | 3724781 |                N/A
05:28:37.701651 | 200823 | ALLOC |      4.00 |                12.00 | 3724782 |                N/A
05:28:37.701670 | 200823 | ALLOC |      4.00 |                16.00 | 3724783 |                N/A
05:28:37.701675 | 200823 | ALLOC |      4.00 |                20.00 | 3724784 |                N/A
05:28:37.701679 | 200823 | ALLOC |      4.00 |                24.00 | 3724785 |                N/A
05:28:37.701685 | 200823 | ALLOC |      4.00 |                28.00 | 3724786 |                N/A
05:28:37.701697 | 200823 | ALLOC |      4.00 |                32.00 | 3724787 |                N/A
05:28:37.701700 | 200823 | ALLOC |      4.00 |                36.00 | 3724788 |                N/A
05:28:37.701705 | 200823 | ALLOC |      4.00 |                40.00 | 3724789 |                N/A
05:28:37.701735 | 200823 | ALLOC |     32.00 |                72.00 | 3560928 |                N/A
05:28:37.701768 | 200822 | ALLOC |      4.00 |                76.00 | 3724790 |                N/A
05:28:37.701832 | 200822 | ALLOC |      4.00 |                80.00 | 3724791 |                N/A
05:28:37.701837 | 200822 | ALLOC |      4.00 |                84.00 | 3724792 |                N/A
05:28:37.701921 | 200823 | ALLOC |      4.00 |                76.00 | 3724793 |                N/A
05:28:37.701927 | 200823 | ALLOC |      4.00 |                80.00 | 3724794 |                N/A
05:28:37.701932 | 200823 | ALLOC |      4.00 |                84.00 | 3724795 |                N/A
05:28:37.701936 | 200823 | ALLOC |      4.00 |                88.00 | 3724796 |                N/A
05:28:37.701940 | 200823 | ALLOC |      4.00 |                92.00 | 3724797 |                N/A
05:28:37.701962 | 200823 | ALLOC |      4.00 |                96.00 | 3724798 |                N/A
05:28:37.701986 | 200823 | ALLOC |      4.00 |               100.00 | 3724799 |                N/A
05:28:37.701991 | 200823 | ALLOC |      4.00 |               104.00 | 3290688 |                N/A
05:28:37.702044 | 200823 | ALLOC |      4.00 |               108.00 | 3723130 |                N/A
05:28:37.702051 | 200823 | ALLOC |      4.00 |               112.00 | 3723131 |                N/A
05:28:37.723916 | 200845 | FREE  |     32.00 |                 0.00 | 3597624 |                N/A
05:28:37.724028 | 200855 | ALLOC |      4.00 |                 4.00 | 2926118 |                N/A
05:28:37.724035 | 200855 | ALLOC |      4.00 |                 8.00 | 3723132 |                N/A
05:28:37.724060 | 200855 | ALLOC |     32.00 |                40.00 | 3597624 |                N/A
05:28:37.724107 | 200858 | ALLOC |      4.00 |                 4.00 | 3723133 |                N/A
05:28:37.724137 | 200858 | ALLOC |     32.00 |                36.00 | 3659952 |                N/A
05:28:37.724312 | 200855 | FREE  |     32.00 |                 0.00 | 3597624 |                N/A
05:28:37.724334 | 200858 | FREE  |     32.00 |                 0.00 | 3659952 |                N/A
05:28:37.724541 | 200873 | ALLOC |      4.00 |                 4.00 | 3526409 | 331213479527882560
05:28:37.724547 | 200873 | ALLOC |      4.00 |                 8.00 | 3723134 | 331213479527882560
05:28:37.724566 | 200873 | ALLOC |      4.00 |                12.00 | 3723135 | 331213479527882560
05:28:37.724580 | 200873 | ALLOC |      4.00 |                16.00 | 3733888 | 331213479527882560
05:28:37.724619 | 200873 | ALLOC |      4.00 |                20.00 | 3733889 | 331213479527882560
05:28:37.724640 | 200873 | ALLOC |      4.00 |                24.00 | 3733890 | 331213479527882560
05:28:37.724654 | 200873 | ALLOC |      4.00 |                28.00 | 3733891 | 331213479527882560
05:28:37.724689 | 200873 | ALLOC |      4.00 |                32.00 | 3733892 | 331213479527882560
05:28:37.724741 | 200872 | ALLOC |      4.00 |                 4.00 | 3733893 |                N/A
05:28:37.724762 | 200872 | ALLOC |     32.00 |                36.00 | 3659952 |                N/A
05:28:37.724959 | 200873 | ALLOC |     32.00 |                64.00 | 3597624 | 331213479527882560
05:28:37.725108 | 200887 | ALLOC |      4.00 |                 4.00 | 3565330 | 1144672601494410496
05:28:37.725111 | 200887 | ALLOC |      4.00 |                 8.00 | 3733894 | 1144672601494410496
05:28:37.725128 | 200887 | ALLOC |      4.00 |                12.00 | 3733895 | 1144672601494410496
05:28:37.725139 | 200887 | ALLOC |      4.00 |                16.00 | 3733896 | 1144672601494410496
05:28:37.725169 | 200887 | ALLOC |      4.00 |                20.00 | 3733897 | 1144672601494410496
05:28:37.725181 | 200887 | ALLOC |      4.00 |                24.00 | 3733898 | 1144672601494410496
05:28:37.725191 | 200887 | ALLOC |      4.00 |                28.00 | 3733899 | 1144672601494410496
05:28:37.725225 | 200887 | ALLOC |      4.00 |                32.00 | 3733900 | 1144672601494410496
05:28:37.725297 | 9621  | ALLOC |     32.00 |                32.00 | 3583864 |                N/A
05:28:37.725445 | 200887 | ALLOC |     32.00 |                64.00 | 3589344 | 1144672601494410496
05:28:37.725740 | 200898 | FREE  |     32.00 |                 0.00 | 3620168 |                N/A
05:28:37.725864 | 200872 | FREE  |     32.00 |                 0.00 | 3659952 |                N/A
05:28:37.726112 | 200873 | ALLOC |      4.00 |                68.00 | 3650453 | 331213479527882560
05:28:37.726557 | 200910 | ALLOC |      4.00 |                 4.00 | 3525881 | 391200338986263424
05:28:37.726561 | 200910 | ALLOC |      4.00 |                 8.00 | 3506150 | 391200338986263424
05:28:37.726580 | 200910 | ALLOC |      4.00 |                12.00 | 3600755 | 391200338986263424
05:28:37.726593 | 200910 | ALLOC |      4.00 |                16.00 | 3636902 | 391200338986263424
05:28:37.726632 | 200910 | ALLOC |      4.00 |                20.00 | 3630703 | 391200338986263424
05:28:37.726647 | 200910 | ALLOC |      4.00 |                24.00 | 3639243 | 391200338986263424
05:28:37.726657 | 200910 | ALLOC |      4.00 |                28.00 | 3342645 | 391200338986263424
05:28:37.726687 | 200910 | ALLOC |      4.00 |                32.00 | 3658626 | 391200338986263424
05:28:37.726900 | 200910 | ALLOC |     32.00 |                64.00 | 3659952 | 391200338986263424
05:28:37.727028 | 200915 | ALLOC |     32.00 |                32.00 | 3620168 | 903922250823434368,391200338986263424
05:28:37.727044 | 200915 | ALLOC |      4.00 |                36.00 | 3586176 | 903922250823434368,391200338986263424
05:28:37.727348 | 200917 | ALLOC |      4.00 |                 4.00 | 3635119 | 809977241386262272
05:28:37.727351 | 200917 | ALLOC |      4.00 |                 8.00 | 3652120 | 809977241386262272
05:28:37.727365 | 200917 | ALLOC |      4.00 |                12.00 | 3733901 | 809977241386262272
05:28:37.727375 | 200917 | ALLOC |      4.00 |                16.00 | 3733902 | 809977241386262272
05:28:37.727388 | 200917 | ALLOC |     32.00 |                48.00 | 3548616 | 809977241386262272
05:28:37.727443 | 200910 | ALLOC |      4.00 |                68.00 | 3733903 | 391200338986263424
05:28:37.727452 | 200858 | FREE  |      4.00 |                 0.00 | 3723133 |                N/A
05:28:37.727828 | 200887 | ALLOC |      4.00 |                68.00 | 3723133 | 1144672601494410496
05:28:37.728020 | 200873 | ALLOC |      4.00 |                72.00 | 3733904 | 331213479527882560
05:28:37.728067 | 200873 | ALLOC |      4.00 |                76.00 | 3733905 | 331213479527882560
05:28:37.728116 | 200873 | ALLOC |      4.00 |                80.00 | 3733906 | 331213479527882560
05:28:37.728124 | 200873 | ALLOC |      4.00 |                84.00 | 3733907 | 331213479527882560
05:28:37.723225 | 200723 | ALLOC |      4.00 |               108.00 | 3715564 | 562017487517019520
05:28:37.723268 | 200723 | ALLOC |      4.00 |               112.00 | 3715565 | 562017487517019520
05:28:37.723285 | 200723 | ALLOC |      4.00 |               116.00 | 3715566 | 562017487517019520
05:28:37.723319 | 200723 | ALLOC |      4.00 |               120.00 | 3715567 | 562017487517019520
05:28:37.723441 | 200729 | ALLOC |      4.00 |                76.00 | 3715568 | 331213479527882560
05:28:37.723470 | 200729 | ALLOC |     32.00 |               108.00 | 3623160 | 331213479527882560
05:28:37.723669 | 200723 | ALLOC |     32.00 |               152.00 | 3621712 | 562017487517019520
05:28:37.723756 | 9805  | ALLOC |      4.00 |               176.00 | 3715569 |                N/A
05:28:37.723770 | 9805  | ALLOC |      4.00 |               180.00 | 3715570 |                N/A
05:28:37.723850 | 200851 | ALLOC |     32.00 |                32.00 | 3610192 |                N/A
05:28:37.723939 | 200854 | ALLOC |      4.00 |                 4.00 | 3715571 |                N/A
05:28:37.723966 | 200854 | ALLOC |     32.00 |                36.00 | 3621464 |                N/A
05:28:37.724153 | 200854 | FREE  |     32.00 |                 0.00 | 3621464 |                N/A
05:28:37.724454 | 200850 | ALLOC |      4.00 |                72.00 | 3715572 | 562017487517019520
05:28:37.724864 | 200881 | ALLOC |     32.00 |                32.00 | 3621464 |                N/A
05:28:37.724999 | 200881 | FREE  |     32.00 |                 0.00 | 3621464 |                N/A
05:28:37.725137 | 200885 | ALLOC |      4.00 |                 4.00 | 3715573 | 331213479527882560,232095291636170656,710051034486130816,555477447468886912
05:28:37.725145 | 200885 | ALLOC |      4.00 |                 8.00 | 3715574 | 331213479527882560,232095291636170656,710051034486130816,555477447468886912
05:28:37.725198 | 200885 | ALLOC |      4.00 |                12.00 | 3715575 | 331213479527882560,232095291636170656,710051034486130816,555477447468886912
05:28:37.725204 | 200885 | ALLOC |      4.00 |                16.00 | 3715576 | 331213479527882560,232095291636170656,710051034486130816,555477447468886912
05:28:37.725266 | 200886 | ALLOC |     32.00 |                32.00 | 3621464 |                N/A
05:28:37.725438 | 200886 | FREE  |     32.00 |                 0.00 | 3621464 |                N/A
05:28:37.725538 | 200885 | ALLOC |     32.00 |                48.00 | 3621464 | 331213479527882560,232095291636170656,710051034486130816,555477447468886912
05:28:37.725812 | 8093  | ALLOC |      4.00 |                 4.00 | 3715577 |                N/A
05:28:37.725867 | 8093  | ALLOC |      4.00 |                 8.00 | 3715578 |                N/A
05:28:37.726052 | 8093  | ALLOC |      4.00 |                12.00 | 3715579 |                N/A
05:28:37.726067 | 8093  | ALLOC |      4.00 |                16.00 | 3715580 |                N/A
05:28:37.726082 | 8093  | ALLOC |      4.00 |                20.00 | 3715581 |                N/A
05:28:37.726240 | 200877 | ALLOC |      4.00 |                68.00 | 3715582 | 364767072889433600
05:28:37.726361 | 8093  | ALLOC |      4.00 |                24.00 | 3715583 |                N/A
05:28:37.726493 | 8093  | ALLOC |      4.00 |                28.00 | 3733952 |                N/A
05:28:37.726594 | 8093  | ALLOC |      4.00 |                32.00 | 3733953 |                N/A
05:28:37.726761 | 8093  | ALLOC |      4.00 |                36.00 | 3733954 |                N/A
05:28:37.726870 | 200877 | ALLOC |      4.00 |                72.00 | 3733955 | 364767072889433600
05:28:37.727037 | 8093  | ALLOC |      4.00 |                40.00 | 3733956 |                N/A
05:28:37.727048 | 8093  | ALLOC |      4.00 |                44.00 | 3733957 |                N/A
05:28:37.727082 | 8093  | ALLOC |      4.00 |                48.00 | 3734450 |                N/A
05:28:37.727172 | 8093  | ALLOC |      4.00 |                52.00 | 3734451 |                N/A
05:28:37.727183 | 8093  | ALLOC |      4.00 |                56.00 | 3734452 |                N/A
05:28:37.727242 | 8093  | ALLOC |      4.00 |                60.00 | 3734453 |                N/A
05:28:37.727290 | 8093  | ALLOC |      4.00 |                64.00 | 3734454 |                N/A
05:28:37.727309 | 8093  | ALLOC |      4.00 |                68.00 | 3734455 |                N/A
05:28:37.727491 | 8093  | ALLOC |      4.00 |                72.00 | 3734456 |                N/A
05:28:37.727643 | 200877 | ALLOC |      4.00 |                76.00 | 3734457 | 364767072889433600
05:28:37.727653 | 200877 | ALLOC |      4.00 |                80.00 | 3734458 | 364767072889433600
05:28:37.739873 | 200631 | FREE  |      4.00 |                92.00 | 3645959 | 1026330485038806528
05:28:37.739876 | 200632 | FREE  |      4.00 |                76.00 | 3618150 | 386453419060398400
05:28:37.739879 | 200723 | FREE  |      4.00 |               140.00 | 3158907 | 562017487517019520
05:28:37.816511 | 200863 | FREE  |     32.00 |                72.00 | 3561608 | 806621659014988672
05:28:37.723395 | 200630 | ALLOC |      4.00 |               100.00 | 3715460 |  16721190419364752
05:28:37.723898 | 200844 | ALLOC |     32.00 |                32.00 | 3649512 |                N/A
05:28:37.724070 | 200852 | FREE  |     32.00 |                 0.00 | 3597688 |                N/A
05:28:37.724254 | 200650 | FREE  |      4.00 |               112.00 | 3679360 | 710051034486130816,419530427290733440,806621659014988672,391200338986263424,1026330485038806528,241083423082069984
05:28:37.724256 | 200650 | FREE  |      4.00 |               108.00 | 3683369 | 710051034486130816,419530427290733440,806621659014988672,391200338986263424,1026330485038806528,241083423082069984
05:28:37.724403 | 200860 | ALLOC |     32.00 |                32.00 | 3597688 |                N/A
05:28:37.724614 | 200649 | ALLOC |     32.00 |               140.00 | 3620208 | 644551850738674432,562017487517019520,273078355749895200,16721190419364752,903922250823434368
05:28:37.724663 | 200875 | ALLOC |      4.00 |                 4.00 | 3657444 |                N/A
05:28:37.724684 | 200875 | ALLOC |      4.00 |                 8.00 | 3683369 |                N/A
05:28:37.724701 | 200875 | ALLOC |      4.00 |                12.00 | 3679360 |                N/A
05:28:37.724718 | 200875 | ALLOC |     32.00 |                44.00 | 3634672 |                N/A
05:28:37.724837 | 200875 | FREE  |     32.00 |                 0.00 | 3634672 |                N/A
05:28:37.724885 | 200882 | ALLOC |      4.00 |                 4.00 | 3715461 |                N/A
05:28:37.724905 | 200882 | ALLOC |     32.00 |                36.00 | 3634672 |                N/A
05:28:37.725013 | 200882 | FREE  |     32.00 |                 0.00 | 3634672 |                N/A
05:28:37.725070 | 200860 | FREE  |     32.00 |                 0.00 | 3597688 |                N/A
05:28:37.725112 | 200888 | ALLOC |     32.00 |                32.00 | 3597688 |                N/A
05:28:37.725551 | 200894 | ALLOC |      4.00 |                 4.00 | 3715462 | 1026330485038806528,386453419060398400
05:28:37.725559 | 200894 | ALLOC |      4.00 |                 8.00 | 3715463 | 1026330485038806528,386453419060398400
05:28:37.725566 | 200894 | ALLOC |      8.00 |                16.00 | 3450280 | 1026330485038806528,386453419060398400
05:28:37.725607 | 200894 | ALLOC |      4.00 |                20.00 | 3715464 | 1026330485038806528,386453419060398400
05:28:37.725612 | 200894 | ALLOC |      4.00 |                24.00 | 3715465 | 1026330485038806528,386453419060398400
05:28:37.725811 | 200894 | ALLOC |     32.00 |                56.00 | 3634672 | 1026330485038806528,386453419060398400
05:28:37.725952 | 200902 | ALLOC |     32.00 |                32.00 | 3660568 |                N/A
05:28:37.726121 | 200769 | ALLOC |      4.00 |                64.00 | 3715466 |                N/A
05:28:37.726127 | 200769 | ALLOC |      4.00 |                68.00 | 3715467 |                N/A
05:28:37.726436 | 200906 | ALLOC |      4.00 |                 4.00 | 3715468 | 273078355749895200
05:28:37.726443 | 200906 | ALLOC |      4.00 |                 8.00 | 3715469 | 273078355749895200
05:28:37.726486 | 200906 | ALLOC |      4.00 |                12.00 | 3715470 | 273078355749895200
05:28:37.726491 | 200906 | ALLOC |      4.00 |                16.00 | 3715471 | 273078355749895200
05:28:37.726647 | 200911 | ALLOC |      4.00 |                 4.00 | 3161926 | 419530427290733440
05:28:37.726650 | 200911 | ALLOC |      4.00 |                 8.00 | 3219598 | 419530427290733440
05:28:37.726654 | 200911 | ALLOC |      4.00 |                12.00 | 3715472 | 419530427290733440
05:28:37.726674 | 200911 | ALLOC |      4.00 |                16.00 | 3715473 | 419530427290733440
05:28:37.726688 | 200911 | ALLOC |      4.00 |                20.00 | 3715474 | 419530427290733440
05:28:37.726705 | 200911 | ALLOC |     32.00 |                52.00 | 3574744 | 419530427290733440
05:28:37.739852 | 200632 | FREE  |      4.00 |                84.00 | 3589835 | 386453419060398400
05:28:37.739857 | 200699 | FREE  |      4.00 |               124.00 | 3616414 | 1144672601494410496
05:28:37.757040 | 200882 | FREE  |      4.00 |                 0.00 | 3715461 |                N/A
05:28:37.725143 | 200862 | ALLOC |     32.00 |                64.00 | 3379128 | 1026330485038806528
05:28:37.726347 | 200862 | ALLOC |      4.00 |                68.00 | 3679380 | 1026330485038806528
05:28:37.727608 | 200862 | ALLOC |      4.00 |                72.00 | 3679381 | 1026330485038806528
05:28:37.727857 | 200921 | ALLOC |      4.00 |                 4.00 | 3625483 | 764886907736861184
05:28:37.727870 | 200921 | ALLOC |      4.00 |                 8.00 | 3679382 | 764886907736861184
05:28:37.727886 | 200921 | ALLOC |      4.00 |                12.00 | 3679383 | 764886907736861184
05:28:37.727900 | 200921 | ALLOC |      4.00 |                16.00 | 3679384 | 764886907736861184
05:28:37.727916 | 200921 | ALLOC |     32.00 |                48.00 | 3629632 | 764886907736861184
05:28:37.730944 | 200921 | ALLOC |      4.00 |                52.00 | 3679385 | 764886907736861184
05:28:37.730949 | 200921 | ALLOC |      4.00 |                56.00 | 3679386 | 764886907736861184
05:28:37.730960 | 200921 | ALLOC |      4.00 |                60.00 | 3679387 | 764886907736861184
05:28:37.730975 | 200921 | ALLOC |      4.00 |                64.00 | 3679388 | 764886907736861184
05:28:37.723420 | 200832 | ALLOC |      4.00 |                 4.00 | 3290840 | 653174923090909184
05:28:37.723451 | 200832 | ALLOC |      4.00 |                 8.00 | 3290841 | 653174923090909184
05:28:37.723467 | 200832 | ALLOC |      4.00 |                12.00 | 3290842 | 653174923090909184
05:28:37.723476 | 200832 | ALLOC |     32.00 |                44.00 | 2853976 | 653174923090909184
05:28:37.723516 | 200832 | ALLOC |      4.00 |                48.00 | 3221301 | 653174923090909184
05:28:37.723542 | 200832 | ALLOC |      4.00 |                52.00 | 3290843 | 653174923090909184
05:28:37.723554 | 200832 | ALLOC |      4.00 |                56.00 | 3290844 | 653174923090909184
05:28:37.723589 | 200832 | ALLOC |      4.00 |                60.00 | 3643688 | 653174923090909184
05:28:37.723594 | 200832 | ALLOC |      4.00 |                64.00 | 3290845 | 653174923090909184
05:28:37.723640 | 200832 | ALLOC |      8.00 |                72.00 | 1674240 | 653174923090909184
05:28:37.723654 | 200832 | ALLOC |      4.00 |                76.00 | 3290846 | 653174923090909184
05:28:37.723695 | 200832 | ALLOC |      4.00 |                80.00 | 3609829 | 653174923090909184
05:28:37.723699 | 200832 | ALLOC |      4.00 |                84.00 | 3290847 | 653174923090909184
05:28:37.723715 | 200832 | ALLOC |      4.00 |                88.00 | 3526720 | 653174923090909184
05:28:37.724086 | 200844 | FREE  |     32.00 |                 0.00 | 3649512 |                N/A
05:28:37.724336 | 200664 | FREE  |      4.00 |                 0.00 | 3290690 |                N/A
05:28:37.724339 | 200664 | FREE  |      4.00 |                 0.00 | 3745855 |                N/A
05:28:37.724342 | 200664 | FREE  |      4.00 |                 0.00 | 3290689 |                N/A
05:28:37.724344 | 200664 | FREE  |      4.00 |                 0.00 | 3678952 |                N/A
05:28:37.724347 | 200638 | FREE  |      4.00 |               108.00 | 3290658 | 886041221535080576
05:28:37.724348 | 200638 | FREE  |      4.00 |               104.00 | 3290657 | 886041221535080576
05:28:37.724367 | 200832 | ALLOC |     32.00 |               120.00 | 3649512 | 653174923090909184
05:28:37.724400 | 200838 | FREE  |     32.00 |                 0.00 | 3585392 |                N/A
05:28:37.724470 | 200868 | ALLOC |      4.00 |                 4.00 | 3290657 |                N/A
05:28:37.724489 | 200868 | ALLOC |     32.00 |                36.00 | 3585392 |                N/A
05:28:37.724553 | 200869 | ALLOC |      4.00 |                 4.00 | 2893944 |                N/A
05:28:37.724575 | 200869 | ALLOC |      4.00 |                 8.00 | 3290658 |                N/A
05:28:37.724594 | 200869 | ALLOC |      4.00 |                12.00 | 3678952 |                N/A
05:28:37.724613 | 200869 | ALLOC |     32.00 |                44.00 | 3470880 |                N/A
05:28:37.725046 | 10412 | ALLOC |      4.00 |                32.00 | 3290689 |                N/A
05:28:37.725057 | 10412 | ALLOC |      4.00 |                36.00 | 3745855 |                N/A
05:28:37.725147 | 200832 | ALLOC |     32.00 |               152.00 | 3630064 | 653174923090909184
05:28:37.725179 | 200861 | FREE  |     32.00 |                 0.00 | 3560160 |                N/A
05:28:37.725776 | 200832 | ALLOC |      4.00 |               156.00 | 3290690 | 653174923090909184
05:28:37.725786 | 200832 | FREE  |      4.00 |               152.00 | 3290843 | 653174923090909184
05:28:37.725788 | 200832 | FREE  |      4.00 |               148.00 | 3290844 | 653174923090909184
05:28:37.725790 | 200832 | FREE  |      4.00 |               144.00 | 3290845 | 653174923090909184
05:28:37.725792 | 200832 | FREE  |      4.00 |               140.00 | 3290846 | 653174923090909184
05:28:37.725794 | 200832 | FREE  |      4.00 |               136.00 | 3290847 | 653174923090909184
05:28:37.725796 | 200832 | FREE  |      4.00 |               132.00 | 3526720 | 653174923090909184
05:28:37.725830 | 200832 | ALLOC |      4.00 |               136.00 | 3526720 | 653174923090909184
05:28:37.725845 | 200832 | ALLOC |      4.00 |               140.00 | 3290847 | 653174923090909184
05:28:37.725881 | 200832 | ALLOC |      4.00 |               144.00 | 3290846 | 653174923090909184
05:28:37.726559 | 200638 | FREE  |      4.00 |                96.00 | 3368404 | 886041221535080576
05:28:37.726563 | 200629 | FREE  |      4.00 |                80.00 | 3606222 | 546881539092688000
05:28:37.726770 | 200870 | ALLOC |      4.00 |               104.00 | 3290845 | 764886907736861184
05:28:37.726794 | 200870 | ALLOC |      4.00 |               108.00 | 3290844 | 764886907736861184
05:28:37.726808 | 200870 | ALLOC |      4.00 |               112.00 | 3290843 | 764886907736861184
05:28:37.726852 | 200870 | ALLOC |      4.00 |               116.00 | 3526721 | 764886907736861184
05:28:37.728056 | 8093  | ALLOC |      4.00 |                76.00 | 3526722 |                N/A
05:28:37.723483 | 200836 | ALLOC |     32.00 |                32.00 | 3597624 |                N/A
05:28:37.723679 | 200836 | FREE  |     32.00 |                 0.00 | 3597624 |                N/A
05:28:37.723744 | 200845 | ALLOC |     32.00 |                32.00 | 3597624 |                N/A
05:28:37.724037 | 200851 | FREE  |     32.00 |                 0.00 | 3610192 |                N/A
05:28:37.724446 | 200865 | ALLOC |     32.00 |                32.00 | 3610192 |                N/A
05:28:37.724893 | 200865 | FREE  |     32.00 |                 0.00 | 3610192 |                N/A
05:28:37.724966 | 200884 | ALLOC |      4.00 |                 4.00 | 3579497 | 886041221535080576
05:28:37.724972 | 200884 | ALLOC |      4.00 |                 8.00 | 3679306 | 886041221535080576
05:28:37.724994 | 200884 | ALLOC |      4.00 |                12.00 | 3679307 | 886041221535080576
05:28:37.725010 | 200884 | ALLOC |      4.00 |                16.00 | 3679308 | 886041221535080576
05:28:37.725053 | 200884 | ALLOC |      4.00 |                20.00 | 3679309 | 886041221535080576
05:28:37.725070 | 200884 | ALLOC |      4.00 |                24.00 | 3679310 | 886041221535080576
05:28:37.725085 | 200884 | ALLOC |      4.00 |                28.00 | 3679311 | 886041221535080576
05:28:37.725123 | 200884 | ALLOC |      4.00 |                32.00 | 3679312 | 886041221535080576
05:28:37.725478 | 200884 | ALLOC |     32.00 |                64.00 | 3610192 | 886041221535080576
05:28:37.725600 | 200897 | ALLOC |     32.00 |                32.00 | 3591640 |                N/A
05:28:37.726099 | 200904 | ALLOC |      4.00 |                 4.00 | 3378718 | 555477447468886912
05:28:37.726105 | 200904 | ALLOC |      4.00 |                 8.00 | 3679313 | 555477447468886912
05:28:37.726127 | 200904 | ALLOC |      4.00 |                12.00 | 3679314 | 555477447468886912
05:28:37.726144 | 200904 | ALLOC |      4.00 |                16.00 | 3679315 | 555477447468886912
05:28:37.726182 | 200904 | ALLOC |     32.00 |                48.00 | 3631544 | 555477447468886912
05:28:37.726191 | 200897 | FREE  |     32.00 |                 0.00 | 3591640 |                N/A
05:28:37.726283 | 200905 | ALLOC |      4.00 |                 4.00 | 3595949 | 546881539092688000
05:28:37.726289 | 200905 | ALLOC |      4.00 |                 8.00 | 3679316 | 546881539092688000
05:28:37.726311 | 200905 | ALLOC |      4.00 |                12.00 | 3679317 | 546881539092688000
05:28:37.726331 | 200905 | ALLOC |      4.00 |                16.00 | 3679318 | 546881539092688000
05:28:37.726366 | 200905 | ALLOC |     32.00 |                48.00 | 3591640 | 546881539092688000
05:28:37.726997 | 200914 | ALLOC |      4.00 |                 4.00 | 3550212 | 653174923090909184
05:28:37.727024 | 9312  | ALLOC |      4.00 |               360.00 | 3679319 |                N/A
05:28:37.727066 | 9312  | ALLOC |      4.00 |               364.00 | 3679320 |                N/A
05:28:37.727075 | 9312  | ALLOC |      4.00 |               368.00 | 3679321 |                N/A
05:28:37.727114 | 200914 | ALLOC |      4.00 |                 8.00 | 3679322 | 653174923090909184
05:28:37.727141 | 200914 | ALLOC |      4.00 |                12.00 | 3679323 | 653174923090909184
05:28:37.727156 | 200914 | ALLOC |      4.00 |                16.00 | 3679324 | 653174923090909184
05:28:37.727174 | 200914 | ALLOC |     32.00 |                48.00 | 3548336 | 653174923090909184
05:28:37.727281 | 9312  | ALLOC |      4.00 |               372.00 | 2126491 |                N/A
05:28:37.727285 | 9312  | ALLOC |      4.00 |               376.00 | 3679325 |                N/A
05:28:37.727290 | 9312  | ALLOC |      4.00 |               380.00 | 3679326 |                N/A
05:28:37.727299 | 9312  | ALLOC |      4.00 |               384.00 | 3679327 |                N/A
05:28:37.727439 | 9312  | ALLOC |      4.00 |               388.00 | 3678912 |                N/A
05:28:37.727449 | 9312  | ALLOC |      4.00 |               392.00 | 3678913 |                N/A
05:28:37.727456 | 9312  | ALLOC |     32.00 |               424.00 | 3659920 |                N/A
05:28:37.727788 | 9312  | ALLOC |      4.00 |               444.00 | 3678914 |                N/A
05:28:37.727794 | 9312  | ALLOC |      4.00 |               448.00 | 3678915 |                N/A
05:28:37.727803 | 9312  | ALLOC |      4.00 |               452.00 | 3678916 |                N/A
05:28:37.727867 | 9312  | ALLOC |      4.00 |               456.00 | 3611710 |                N/A
05:28:37.727871 | 9312  | ALLOC |      4.00 |               460.00 | 3678917 |                N/A
05:28:37.727881 | 9312  | ALLOC |      4.00 |               464.00 | 3678918 |                N/A
05:28:37.727929 | 9312  | ALLOC |      4.00 |               468.00 | 3678919 |                N/A
05:28:37.727948 | 9312  | ALLOC |      4.00 |               472.00 | 3734513 |                N/A
05:28:37.727958 | 9312  | ALLOC |      4.00 |               476.00 | 3734514 |                N/A
05:28:37.728021 | 200904 | ALLOC |      4.00 |                52.00 | 3734515 | 555477447468886912
05:28:37.728029 | 200904 | ALLOC |      4.00 |                56.00 | 3734516 | 555477447468886912
05:28:37.728035 | 200904 | ALLOC |      4.00 |                60.00 | 3734517 | 555477447468886912
05:28:37.728048 | 200904 | ALLOC |      4.00 |                64.00 | 3734518 | 555477447468886912
05:28:37.728071 | 200904 | ALLOC |      4.00 |                68.00 | 3734519 | 555477447468886912
05:28:37.728419 | 200884 | ALLOC |      4.00 |                68.00 | 3734520 | 886041221535080576
05:28:37.723698 | 200843 | ALLOC |      4.00 |                 4.00 | 3527009 |                N/A
05:28:37.723721 | 200843 | ALLOC |     32.00 |                36.00 | 3583832 |                N/A
05:28:37.723812 | 200848 | ALLOC |      4.00 |                 4.00 | 3527010 | 636835206775895168
05:28:37.723840 | 200848 | ALLOC |      4.00 |                 8.00 | 1532424 | 636835206775895168
05:28:37.723844 | 200848 | ALLOC |      4.00 |                12.00 | 3527011 | 636835206775895168
05:28:37.723859 | 200848 | ALLOC |      4.00 |                16.00 | 3527012 | 636835206775895168
05:28:37.723891 | 200848 | ALLOC |      4.00 |                20.00 | 3527013 | 636835206775895168
05:28:37.723901 | 200848 | ALLOC |      4.00 |                24.00 | 3527014 | 636835206775895168
05:28:37.723934 | 200848 | ALLOC |      4.00 |                28.00 | 2091430 | 636835206775895168
05:28:37.723939 | 200848 | ALLOC |      4.00 |                32.00 | 3527015 | 636835206775895168
05:28:37.723948 | 200848 | ALLOC |      4.00 |                36.00 | 3527016 | 636835206775895168
05:28:37.723980 | 200848 | ALLOC |      4.00 |                40.00 | 3563217 | 636835206775895168
05:28:37.723984 | 200848 | ALLOC |      4.00 |                44.00 | 3527017 | 636835206775895168
05:28:37.723993 | 200848 | ALLOC |      4.00 |                48.00 | 3527018 | 636835206775895168
05:28:37.724051 | 9429  | ALLOC |      4.00 |               408.00 | 2092838 |                N/A
05:28:37.724054 | 9429  | ALLOC |      4.00 |               412.00 | 3527019 |                N/A
05:28:37.724062 | 9429  | ALLOC |      4.00 |               416.00 | 3527020 |                N/A
05:28:37.724104 | 9429  | ALLOC |      4.00 |               420.00 | 3527021 |                N/A
05:28:37.729108 | 200843 | FREE  |      4.00 |                 0.00 | 3527009 |                N/A
05:28:37.729112 | 200848 | FREE  |      4.00 |                92.00 | 3527013 | 636835206775895168
05:28:37.729113 | 200848 | FREE  |      4.00 |                88.00 | 3527014 | 636835206775895168
05:28:37.729115 | 200848 | FREE  |      4.00 |                84.00 | 3527015 | 636835206775895168
05:28:37.729116 | 200848 | FREE  |      4.00 |                80.00 | 3527016 | 636835206775895168
05:28:37.729119 | 200848 | FREE  |      4.00 |                76.00 | 3527017 | 636835206775895168
05:28:37.729121 | 200848 | FREE  |      4.00 |                72.00 | 3527018 | 636835206775895168
05:28:37.747458 | 200843 | FREE  |     32.00 |                 0.00 | 3583832 |                N/A
05:28:37.723459 | 200835 | ALLOC |     32.00 |                32.00 | 3525864 |                N/A
05:28:37.724459 | 200862 | ALLOC |      4.00 |                 4.00 | 3585299 | 1026330485038806528
05:28:37.724465 | 200862 | ALLOC |      4.00 |                 8.00 | 3684304 | 1026330485038806528
05:28:37.724487 | 200862 | ALLOC |      4.00 |                12.00 | 3684305 | 1026330485038806528
05:28:37.724541 | 200861 | ALLOC |     32.00 |                32.00 | 3560160 |                N/A
05:28:37.724547 | 200835 | FREE  |     32.00 |                 0.00 | 3525864 |                N/A
05:28:37.724596 | 200862 | ALLOC |      4.00 |                16.00 | 3683116 | 1026330485038806528
05:28:37.724660 | 200879 | ALLOC |     32.00 |                32.00 | 3525864 |                N/A
05:28:37.724733 | 200862 | ALLOC |      4.00 |                20.00 | 3698338 | 1026330485038806528
05:28:37.724748 | 200862 | ALLOC |      4.00 |                24.00 | 3370982 | 1026330485038806528
05:28:37.724760 | 200862 | ALLOC |      4.00 |                28.00 | 3698339 | 1026330485038806528
05:28:37.724801 | 200862 | ALLOC |      4.00 |                32.00 | 3153575 | 1026330485038806528
05:28:37.725239 | 200869 | FREE  |     32.00 |                 0.00 | 3470880 |                N/A
05:28:37.725374 | 200892 | ALLOC |      4.00 |                 4.00 | 2237218 | 764886907736861184,16721190419364752,706778826815226368,419530427290733440
05:28:37.725380 | 200892 | ALLOC |      4.00 |                 8.00 | 3682762 | 764886907736861184,16721190419364752,706778826815226368,419530427290733440
05:28:37.725417 | 200892 | ALLOC |      4.00 |                12.00 | 3524667 | 764886907736861184,16721190419364752,706778826815226368,419530427290733440
05:28:37.725421 | 200892 | ALLOC |      4.00 |                16.00 | 3524665 | 764886907736861184,16721190419364752,706778826815226368,419530427290733440
05:28:37.725669 | 200892 | ALLOC |     32.00 |                48.00 | 3470880 | 764886907736861184,16721190419364752,706778826815226368,419530427290733440
05:28:37.725761 | 9621  | ALLOC |     32.00 |                64.00 | 3647096 |                N/A
05:28:37.726001 | 200903 | ALLOC |      4.00 |                 4.00 | 3163832 | 706778826815226368
05:28:37.726005 | 200903 | ALLOC |      4.00 |                 8.00 | 3524668 | 706778826815226368
05:28:37.726025 | 200903 | ALLOC |      4.00 |                12.00 | 3524687 | 706778826815226368
05:28:37.726040 | 200903 | ALLOC |      4.00 |                16.00 | 3524688 | 706778826815226368
05:28:37.726057 | 200903 | ALLOC |     32.00 |                48.00 | 3585376 | 706778826815226368
05:28:37.726452 | 200902 | FREE  |     32.00 |                 0.00 | 3660568 |                N/A
05:28:37.726622 | 200903 | ALLOC |      4.00 |                52.00 | 3524689 | 706778826815226368
05:28:37.726632 | 200903 | ALLOC |      4.00 |                56.00 | 3524690 | 706778826815226368
05:28:37.726638 | 200903 | ALLOC |      4.00 |                60.00 | 3524691 | 706778826815226368
05:28:37.726642 | 200903 | ALLOC |      4.00 |                64.00 | 3524692 | 706778826815226368
05:28:37.726653 | 200903 | ALLOC |      4.00 |                68.00 | 3524693 | 706778826815226368
05:28:37.726669 | 200903 | ALLOC |      4.00 |                72.00 | 3524694 | 706778826815226368
05:28:37.726971 | 200903 | ALLOC |      4.00 |                76.00 | 3524695 | 706778826815226368
05:28:37.727862 | 200862 | ALLOC |      4.00 |                76.00 | 3524696 | 1026330485038806528
05:28:37.727923 | 200862 | ALLOC |      4.00 |                80.00 | 3524697 | 1026330485038806528
05:28:37.728624 | 8330  | ALLOC |      8.00 |                40.00 | 2853522 |                N/A
05:28:37.729287 | 8330  | ALLOC |      4.00 |                44.00 | 3548876 |                N/A
05:28:37.729290 | 8330  | ALLOC |      4.00 |                48.00 | 3524698 |                N/A
05:28:37.729503 | 8330  | ALLOC |      4.00 |                52.00 | 3524699 |                N/A
05:28:37.729754 | 8330  | ALLOC |      4.00 |                56.00 | 3524700 |                N/A
05:28:37.729972 | 8330  | ALLOC |      4.00 |                60.00 | 3524701 |                N/A
05:28:37.729985 | 8330  | ALLOC |      4.00 |                64.00 | 3524702 |                N/A
05:28:37.729988 | 8330  | ALLOC |      4.00 |                68.00 | 3524703 |                N/A
05:28:37.729991 | 8330  | ALLOC |      4.00 |                72.00 | 3524704 |                N/A
05:28:37.729994 | 8330  | ALLOC |      4.00 |                76.00 | 3524705 |                N/A
05:28:37.729997 | 8330  | ALLOC |      4.00 |                80.00 | 3524706 |                N/A
05:28:37.730011 | 8330  | ALLOC |      4.00 |                84.00 | 3524707 |                N/A
05:28:37.730077 | 8330  | ALLOC |      4.00 |                88.00 | 3524708 |                N/A
05:28:37.731122 | 200862 | ALLOC |      4.00 |                84.00 | 3524709 | 1026330485038806528
05:28:37.731198 | 200922 | ALLOC |      4.00 |                52.00 | 3524710 | 903922250823434368
05:28:37.734863 | 9977  | ALLOC |      4.00 |                 8.00 | 3152965 |                N/A
05:28:37.739874 | 200632 | FREE  |      4.00 |                80.00 | 3560954 | 386453419060398400
05:28:37.739879 | 200629 | FREE  |      4.00 |                76.00 | 3525986 | 546881539092688000
05:28:37.739881 | 200663 | FREE  |      4.00 |                92.00 | 3616718 | 555477447468886912
05:28:37.739904 | 200631 | FREE  |      4.00 |                88.00 | 3644008 | 1026330485038806528
05:28:37.739907 | 200798 | FREE  |      4.00 |                88.00 | 3567764 | 644551850738674432
05:28:37.739909 | 200632 | FREE  |      4.00 |                72.00 | 3220676 | 386453419060398400
05:28:37.739912 | 200798 | FREE  |      4.00 |                84.00 | 1259718 | 644551850738674432
05:28:37.779838 | 200663 | FREE  |     32.00 |                52.00 | 3561224 | 555477447468886912
05:28:37.779845 | 200699 | FREE  |     32.00 |                92.00 | 3359928 | 1144672601494410496
05:28:37.723336 | 200831 | ALLOC |      4.00 |                 4.00 | 3726552 | 710051034486130816
05:28:37.723381 | 200831 | ALLOC |     32.00 |                36.00 | 3328336 | 710051034486130816
05:28:37.723556 | 200631 | ALLOC |      4.00 |               100.00 | 3726553 | 1026330485038806528
05:28:37.723940 | 9312  | ALLOC |      4.00 |                 4.00 | 3698344 |                N/A
05:28:37.723960 | 9312  | ALLOC |      4.00 |                 8.00 | 3698345 |                N/A
05:28:37.724151 | 200831 | ALLOC |      4.00 |                40.00 | 3497727 | 710051034486130816
05:28:37.724248 | 200833 | FREE  |     32.00 |                 0.00 | 3653560 |                N/A
05:28:37.724372 | 200669 | ALLOC |      4.00 |               104.00 | 3728958 | 273078355749895200
05:28:37.724434 | 200831 | ALLOC |     32.00 |                72.00 | 3653560 | 710051034486130816
05:28:37.724504 | 200871 | ALLOC |     32.00 |                32.00 | 3628000 |                N/A
05:28:37.724603 | 200870 | ALLOC |      4.00 |                 4.00 | 3620275 | 764886907736861184
05:28:37.724608 | 200870 | ALLOC |      4.00 |                 8.00 | 3728959 | 764886907736861184
05:28:37.724631 | 200870 | ALLOC |      4.00 |                12.00 | 3728962 | 764886907736861184
05:28:37.724646 | 200870 | ALLOC |      4.00 |                16.00 | 3728963 | 764886907736861184
05:28:37.724670 | 200870 | ALLOC |      4.00 |                20.00 | 3728974 | 764886907736861184
05:28:37.724723 | 200877 | ALLOC |      4.00 |                 4.00 | 1259052 | 364767072889433600
05:28:37.724727 | 200877 | ALLOC |      4.00 |                 8.00 | 3728975 | 364767072889433600
05:28:37.724746 | 200877 | ALLOC |      4.00 |                12.00 | 3725176 | 364767072889433600
05:28:37.724760 | 200877 | ALLOC |      4.00 |                16.00 | 3725177 | 364767072889433600
05:28:37.724796 | 200877 | ALLOC |      4.00 |                20.00 | 3725398 | 364767072889433600
05:28:37.724809 | 200877 | ALLOC |      4.00 |                24.00 | 3725399 | 364767072889433600
05:28:37.724819 | 200877 | ALLOC |      4.00 |                28.00 | 3689812 | 364767072889433600
05:28:37.724851 | 200877 | ALLOC |      4.00 |                32.00 | 3689813 | 364767072889433600
05:28:37.724877 | 200871 | FREE  |     32.00 |                 0.00 | 3628000 |                N/A
05:28:37.724932 | 200883 | ALLOC |      4.00 |                 4.00 | 3652671 |                N/A
05:28:37.724937 | 200883 | ALLOC |      4.00 |                 8.00 | 3729042 |                N/A
05:28:37.724947 | 200883 | ALLOC |      4.00 |                12.00 | 3729043 |                N/A
05:28:37.724969 | 200883 | ALLOC |     32.00 |                44.00 | 3628000 |                N/A
05:28:37.725150 | 200877 | ALLOC |     32.00 |                64.00 | 3648608 | 364767072889433600
05:28:37.725226 | 200883 | FREE  |     32.00 |                 0.00 | 3628000 |                N/A
05:28:37.725285 | 200831 | ALLOC |      4.00 |                76.00 | 3583020 | 710051034486130816
05:28:37.725291 | 200854 | FREE  |      4.00 |                 0.00 | 3715571 |                N/A
05:28:37.725318 | 200831 | ALLOC |     32.00 |               108.00 | 3628000 | 710051034486130816
05:28:37.725474 | 200870 | ALLOC |      4.00 |                80.00 | 3497369 | 764886907736861184
05:28:37.725596 | 200896 | ALLOC |      4.00 |                 4.00 | 3715571 | 546881539092688000,809977241386262272,364767072889433600
05:28:37.725604 | 200896 | ALLOC |      4.00 |                 8.00 | 3729036 | 546881539092688000,809977241386262272,364767072889433600
05:28:37.725652 | 200896 | ALLOC |      4.00 |                12.00 | 3729037 | 546881539092688000,809977241386262272,364767072889433600
05:28:37.725658 | 200896 | ALLOC |      4.00 |                16.00 | 3724920 | 546881539092688000,809977241386262272,364767072889433600
05:28:37.725857 | 200896 | ALLOC |     32.00 |                48.00 | 3648616 | 546881539092688000,809977241386262272,364767072889433600
05:28:37.726001 | 200857 | ALLOC |      4.00 |                68.00 | 3724921 |  16721190419364752
05:28:37.726255 | 200900 | ALLOC |     32.00 |                64.00 | 3571056 | 241083423082069984
05:28:37.726591 | 200857 | ALLOC |      4.00 |                72.00 | 3698300 |  16721190419364752
05:28:37.726875 | 200906 | ALLOC |     32.00 |                48.00 | 3571064 | 273078355749895200
05:28:37.727066 | 200909 | ALLOC |     32.00 |                48.00 | 3617888 | 636835206775895168,241083423082069984
05:28:37.727511 | 200919 | ALLOC |      4.00 |                 4.00 | 3198373 | 636835206775895168
05:28:37.727515 | 200919 | ALLOC |      4.00 |                 8.00 | 3698301 | 636835206775895168
05:28:37.727530 | 200919 | ALLOC |      4.00 |                12.00 | 3724918 | 636835206775895168
05:28:37.727540 | 200919 | ALLOC |      4.00 |                16.00 | 3724919 | 636835206775895168
05:28:37.727552 | 200919 | ALLOC |     32.00 |                48.00 | 3617896 | 636835206775895168
05:28:37.727659 | 9312  | ALLOC |      4.00 |               428.00 | 3594874 |                N/A
05:28:37.727671 | 9312  | ALLOC |      4.00 |               432.00 | 3610609 |                N/A
05:28:37.727713 | 9312  | ALLOC |      4.00 |               436.00 | 3594875 |                N/A
05:28:37.727722 | 9312  | ALLOC |      4.00 |               440.00 | 3664570 |                N/A
05:28:37.730705 | 200919 | ALLOC |      4.00 |                52.00 | 3717743 | 636835206775895168
05:28:37.730710 | 200919 | ALLOC |      4.00 |                56.00 | 3717744 | 636835206775895168
05:28:37.730721 | 200919 | ALLOC |      4.00 |                60.00 | 3717745 | 636835206775895168
05:28:37.730740 | 200919 | ALLOC |      4.00 |                64.00 | 3717746 | 636835206775895168
05:28:37.730747 | 200883 | FREE  |      4.00 |                 0.00 | 3729043 |                N/A
05:28:37.739880 | 200630 | FREE  |      4.00 |                96.00 | 1520621 |  16721190419364752
05:28:37.739884 | 200717 | FREE  |      4.00 |                72.00 | 3625179 | 364767072889433600
05:28:37.739889 | 200676 | FREE  |      4.00 |                92.00 | 3623158 | 391200338986263424
05:28:37.739892 | 200756 | FREE  |      4.00 |                52.00 | 1853451 | 241083423082069984
05:28:37.749859 | 200832 | FREE  |      4.00 |               140.00 | 3221301 | 653174923090909184
05:28:37.749864 | 200831 | FREE  |      4.00 |               120.00 | 3497727 | 710051034486130816
05:28:37.749876 | 200848 | FREE  |      4.00 |                64.00 | 2091430 | 636835206775895168
05:28:37.749878 | 200831 | FREE  |      4.00 |               116.00 | 3583020 | 710051034486130816
05:28:37.749886 | 200663 | FREE  |      4.00 |                84.00 | 2083314 | 555477447468886912
05:28:37.749888 | 200870 | FREE  |      4.00 |               104.00 | 3497369 | 764886907736861184
05:28:37.796850 | 9979  | ALLOC |      4.00 |                 8.00 | 3715339 |                N/A
05:28:37.796859 | 9979  | ALLOC |      4.00 |                12.00 | 3715340 |                N/A
05:28:37.723729 | 200841 | ALLOC |      4.00 |                 4.00 | 3717884 |                N/A
05:28:37.723754 | 200841 | ALLOC |     32.00 |                36.00 | 3618648 |                N/A
05:28:37.723971 | 200841 | FREE  |     32.00 |                 0.00 | 3618648 |                N/A
05:28:37.724071 | 200857 | ALLOC |      4.00 |                 4.00 | 3574720 |  16721190419364752
05:28:37.724076 | 200857 | ALLOC |      4.00 |                 8.00 | 3717885 |  16721190419364752
05:28:37.724106 | 200857 | ALLOC |      4.00 |                12.00 | 3717886 |  16721190419364752
05:28:37.724165 | 200857 | ALLOC |      4.00 |                16.00 | 3717887 |  16721190419364752
05:28:37.724218 | 200857 | ALLOC |      4.00 |                20.00 | 3524928 |  16721190419364752
05:28:37.724236 | 200857 | ALLOC |      4.00 |                24.00 | 3524929 |  16721190419364752
05:28:37.724251 | 200857 | ALLOC |      4.00 |                28.00 | 3524930 |  16721190419364752
05:28:37.724286 | 200857 | ALLOC |      4.00 |                32.00 | 3524931 |  16721190419364752
05:28:37.724354 | 9312  | ALLOC |      4.00 |                12.00 | 3574721 |                N/A
05:28:37.724357 | 9312  | ALLOC |      4.00 |                16.00 | 3524932 |                N/A
05:28:37.724367 | 9312  | ALLOC |      4.00 |                20.00 | 3524933 |                N/A
05:28:37.724419 | 9312  | ALLOC |      4.00 |                24.00 | 3524934 |                N/A
05:28:37.724461 | 9312  | ALLOC |      4.00 |                28.00 | 3560046 |                N/A
05:28:37.724465 | 9312  | ALLOC |      4.00 |                32.00 | 3524935 |                N/A
05:28:37.724474 | 9312  | ALLOC |      4.00 |                36.00 | 3524936 |                N/A
05:28:37.724532 | 9312  | ALLOC |      4.00 |                40.00 | 3524937 |                N/A
05:28:37.724547 | 9312  | ALLOC |      4.00 |                44.00 | 3524938 |                N/A
05:28:37.724555 | 9312  | ALLOC |      4.00 |                48.00 | 3524939 |                N/A
05:28:37.724882 | 9312  | ALLOC |      4.00 |                52.00 | 3561833 |                N/A
05:28:37.724887 | 9312  | ALLOC |      4.00 |                56.00 | 3524940 |                N/A
05:28:37.724898 | 9312  | ALLOC |      4.00 |                60.00 | 3524941 |                N/A
05:28:37.724905 | 9312  | ALLOC |     32.00 |                92.00 | 3618648 |                N/A
05:28:37.724960 | 200857 | ALLOC |     32.00 |                64.00 | 3633880 |  16721190419364752
05:28:37.725011 | 9312  | ALLOC |      4.00 |                96.00 | 3524942 |                N/A
05:28:37.725029 | 9312  | ALLOC |      4.00 |               100.00 | 3524943 |                N/A
05:28:37.725039 | 9312  | ALLOC |      4.00 |               104.00 | 3524944 |                N/A
05:28:37.725102 | 9312  | ALLOC |      4.00 |               108.00 | 3524945 |                N/A
05:28:37.725117 | 9312  | ALLOC |      4.00 |               112.00 | 3550706 |                N/A
05:28:37.725121 | 9312  | ALLOC |      4.00 |               116.00 | 3524946 |                N/A
05:28:37.725130 | 9312  | ALLOC |      4.00 |               120.00 | 3524947 |                N/A
05:28:37.725219 | 200629 | ALLOC |      4.00 |                84.00 | 3524948 | 546881539092688000
05:28:37.725297 | 9312  | ALLOC |      4.00 |               124.00 | 3524949 |                N/A
05:28:37.725305 | 9312  | ALLOC |      4.00 |               128.00 | 3524950 |                N/A
05:28:37.725470 | 200632 | ALLOC |      4.00 |                88.00 | 3524951 | 386453419060398400
05:28:37.725777 | 200899 | ALLOC |      4.00 |                 4.00 | 3524952 | 87649271374118576,1144672601494410496
05:28:37.725785 | 200899 | ALLOC |      4.00 |                 8.00 | 3524953 | 87649271374118576,1144672601494410496
05:28:37.725828 | 200899 | ALLOC |      4.00 |                12.00 | 3524954 | 87649271374118576,1144672601494410496
05:28:37.725832 | 200899 | ALLOC |      4.00 |                16.00 | 3524955 | 87649271374118576,1144672601494410496
05:28:37.726047 | 200901 | ALLOC |      4.00 |                 4.00 | 3524956 | 653174923090909184,886041221535080576
05:28:37.726054 | 200901 | ALLOC |      4.00 |                 8.00 | 3524957 | 653174923090909184,886041221535080576
05:28:37.726125 | 200901 | ALLOC |      4.00 |                12.00 | 3524958 | 653174923090909184,886041221535080576
05:28:37.726131 | 200901 | ALLOC |      4.00 |                16.00 | 3524959 | 653174923090909184,886041221535080576
05:28:37.726297 | 200899 | ALLOC |     32.00 |                48.00 | 3616224 | 87649271374118576,1144672601494410496
05:28:37.726357 | 9621  | ALLOC |     32.00 |                96.00 | 3616248 |                N/A
05:28:37.726789 | 200912 | ALLOC |      4.00 |                 4.00 | 3633544 |  87649271374118576
05:28:37.726794 | 200912 | ALLOC |      4.00 |                 8.00 | 3524960 |  87649271374118576
05:28:37.726812 | 200912 | ALLOC |      4.00 |                12.00 | 3524961 |  87649271374118576
05:28:37.726824 | 200912 | ALLOC |      4.00 |                16.00 | 3524962 |  87649271374118576
05:28:37.726841 | 200912 | ALLOC |     32.00 |                48.00 | 3583840 |  87649271374118576
05:28:37.727375 | 200915 | ALLOC |      4.00 |                40.00 | 3524963 | 903922250823434368,391200338986263424
05:28:37.727454 | 9621  | ALLOC |     32.00 |               128.00 | 3583848 |                N/A
05:28:37.727772 | 200920 | ALLOC |      4.00 |                 4.00 | 3660566 | 710051034486130816
05:28:37.727775 | 200920 | ALLOC |      4.00 |                 8.00 | 3524964 | 710051034486130816
05:28:37.727789 | 200920 | ALLOC |      4.00 |                12.00 | 3524965 | 710051034486130816
05:28:37.727799 | 200920 | ALLOC |      4.00 |                16.00 | 3524966 | 710051034486130816
05:28:37.727811 | 200920 | ALLOC |     32.00 |                48.00 | 3616208 | 710051034486130816
05:28:37.727924 | 200922 | ALLOC |      4.00 |                 4.00 | 3557029 | 903922250823434368
05:28:37.727927 | 200922 | ALLOC |      4.00 |                 8.00 | 3524967 | 903922250823434368
05:28:37.727953 | 200922 | ALLOC |      4.00 |                12.00 | 3524968 | 903922250823434368
05:28:37.727963 | 200922 | ALLOC |      4.00 |                16.00 | 3524969 | 903922250823434368
05:28:37.727974 | 200922 | ALLOC |     32.00 |                48.00 | 3616216 | 903922250823434368
05:28:37.730154 | 200912 | ALLOC |      4.00 |                52.00 | 3665901 |  87649271374118576
05:28:37.730159 | 200912 | ALLOC |      4.00 |                56.00 | 3686072 |  87649271374118576
05:28:37.730170 | 200912 | ALLOC |      4.00 |                60.00 | 3327106 |  87649271374118576
05:28:37.730186 | 200912 | ALLOC |      4.00 |                64.00 | 3719237 |  87649271374118576
05:28:37.730952 | 200920 | ALLOC |      4.00 |                52.00 | 3686082 | 710051034486130816
05:28:37.743212 | 200717 | FREE  |      4.00 |                68.00 | 3549034 | 364767072889433600
05:28:37.743217 | 200729 | FREE  |      4.00 |               104.00 | 3561210 | 331213479527882560
05:28:37.748222 | 10197 | ALLOC |      4.00 |                36.00 | 3609405 |                N/A
05:28:37.748236 | 10197 | ALLOC |      4.00 |                40.00 | 3640946 |                N/A
05:28:37.723485 | 200837 | ALLOC |      4.00 |                 4.00 | 3715548 | 809977241386262272
05:28:37.723510 | 200837 | ALLOC |      4.00 |                 8.00 | 3715549 | 809977241386262272
05:28:37.723525 | 200837 | ALLOC |      4.00 |                12.00 | 3715550 | 809977241386262272
05:28:37.723560 | 200837 | ALLOC |      4.00 |                16.00 | 2894820 | 809977241386262272
05:28:37.723564 | 200837 | ALLOC |      4.00 |                20.00 | 3715551 | 809977241386262272
05:28:37.723572 | 200837 | ALLOC |      4.00 |                24.00 | 3524624 | 809977241386262272
05:28:37.723616 | 200837 | ALLOC |      4.00 |                28.00 | 3470677 | 809977241386262272
05:28:37.723619 | 200837 | ALLOC |      4.00 |                32.00 | 3524625 | 809977241386262272
05:28:37.723633 | 200837 | ALLOC |      4.00 |                36.00 | 3524626 | 809977241386262272
05:28:37.723640 | 200837 | ALLOC |     32.00 |                68.00 | 3645632 | 809977241386262272
05:28:37.723680 | 200837 | ALLOC |      4.00 |                72.00 | 3560409 | 809977241386262272
05:28:37.723684 | 200837 | ALLOC |      4.00 |                76.00 | 3524627 | 809977241386262272
05:28:37.723696 | 200837 | ALLOC |      8.00 |                84.00 | 3600096 | 809977241386262272
05:28:37.723703 | 200837 | ALLOC |      4.00 |                88.00 | 3524628 | 809977241386262272
05:28:37.723752 | 200847 | ALLOC |      4.00 |                 4.00 | 3524629 |                N/A
05:28:37.723775 | 200847 | ALLOC |     32.00 |                36.00 | 3597568 |                N/A
05:28:37.723960 | 200847 | FREE  |     32.00 |                 0.00 | 3597568 |                N/A
05:28:37.723984 | 200856 | ALLOC |      4.00 |                 4.00 | 3524630 |                N/A
05:28:37.724007 | 200856 | ALLOC |     32.00 |                36.00 | 3597568 |                N/A
05:28:37.724157 | 200856 | FREE  |     32.00 |                 0.00 | 3597568 |                N/A
05:28:37.724261 | 9429  | ALLOC |      4.00 |               424.00 | 3524631 |                N/A
05:28:37.724297 | 200837 | ALLOC |      4.00 |                92.00 | 2057804 | 809977241386262272
05:28:37.724305 | 200634 | FREE  |      4.00 |                 0.00 | 3746940 |                N/A
05:28:37.724307 | 200634 | FREE  |      4.00 |                 0.00 | 3746937 |                N/A
05:28:37.724309 | 200634 | FREE  |      4.00 |                 0.00 | 3746939 |                N/A
05:28:37.724310 | 200634 | FREE  |      4.00 |                 0.00 | 3746935 |                N/A
05:28:37.724313 | 200629 | FREE  |      4.00 |                84.00 | 3730837 | 546881539092688000
05:28:37.724314 | 200629 | FREE  |      4.00 |                80.00 | 3730836 | 546881539092688000
05:28:37.724375 | 9429  | ALLOC |      4.00 |               428.00 | 3730836 |                N/A
05:28:37.724419 | 9429  | ALLOC |      4.00 |               432.00 | 3730837 |                N/A
05:28:37.724435 | 9429  | ALLOC |      4.00 |               436.00 | 3746935 |                N/A
05:28:37.724444 | 9429  | ALLOC |      4.00 |               440.00 | 3746939 |                N/A
05:28:37.724451 | 200847 | FREE  |      4.00 |                 0.00 | 3524629 |                N/A
05:28:37.724508 | 200867 | ALLOC |     32.00 |                32.00 | 3597568 |                N/A
05:28:37.725077 | 200837 | ALLOC |     32.00 |               124.00 | 3660536 | 809977241386262272
05:28:37.725229 | 200867 | FREE  |     32.00 |                 0.00 | 3597568 |                N/A
05:28:37.725832 | 200900 | ALLOC |      4.00 |                 4.00 | 3524629 | 241083423082069984
05:28:37.725871 | 200900 | ALLOC |      4.00 |                 8.00 | 2057805 | 241083423082069984
05:28:37.725876 | 200900 | ALLOC |      4.00 |                12.00 | 3746937 | 241083423082069984
05:28:37.725896 | 200900 | ALLOC |      4.00 |                16.00 | 3746940 | 241083423082069984
05:28:37.725912 | 200900 | ALLOC |      4.00 |                20.00 | 3524632 | 241083423082069984
05:28:37.725963 | 200900 | ALLOC |      4.00 |                24.00 | 3524633 | 241083423082069984
05:28:37.725982 | 200900 | ALLOC |      4.00 |                28.00 | 3526836 | 241083423082069984
05:28:37.726017 | 200900 | ALLOC |      4.00 |                32.00 | 3526837 | 241083423082069984
05:28:37.726155 | 200837 | ALLOC |      4.00 |                96.00 | 3526838 | 809977241386262272
05:28:37.726186 | 200837 | ALLOC |      4.00 |               100.00 | 3526839 | 809977241386262272
05:28:37.726200 | 200837 | ALLOC |      4.00 |               104.00 | 3526840 | 809977241386262272
05:28:37.726235 | 200837 | ALLOC |      4.00 |               108.00 | 3526841 | 809977241386262272
05:28:37.726543 | 200631 | FREE  |      4.00 |                96.00 | 3548977 | 1026330485038806528
05:28:37.726546 | 200638 | FREE  |      4.00 |               100.00 | 2638174 | 886041221535080576
05:28:37.726695 | 200901 | ALLOC |     32.00 |                48.00 | 3597568 | 653174923090909184,886041221535080576
05:28:37.727173 | 200863 | ALLOC |      4.00 |               100.00 | 3526842 | 806621659014988672
05:28:37.727204 | 200863 | ALLOC |      4.00 |               104.00 | 3526843 | 806621659014988672
05:28:37.727217 | 200863 | ALLOC |      4.00 |               108.00 | 3526844 | 806621659014988672
05:28:37.727251 | 200863 | ALLOC |      4.00 |               112.00 | 3526845 | 806621659014988672
05:28:37.749859 | 200629 | FREE  |      4.00 |                68.00 | 3653539 | 546881539092688000
05:28:37.749864 | 200837 | FREE  |      4.00 |               104.00 | 2057804 | 809977241386262272
05:28:37.723517 | 200838 | ALLOC |      4.00 |                 4.00 | 3678897 |                N/A
05:28:37.723545 | 200838 | ALLOC |     32.00 |                36.00 | 3585392 |                N/A
05:28:37.723848 | 200798 | ALLOC |      4.00 |                88.00 | 3678898 | 644551850738674432
05:28:37.723876 | 200798 | ALLOC |      4.00 |                92.00 | 3678899 | 644551850738674432
05:28:37.723912 | 200853 | ALLOC |      4.00 |                 4.00 | 3678900 |                N/A
05:28:37.723939 | 200853 | ALLOC |     32.00 |                36.00 | 3556352 |                N/A
05:28:37.724102 | 200798 | ALLOC |      4.00 |                96.00 | 3678901 | 644551850738674432
05:28:37.724147 | 200798 | ALLOC |      4.00 |               100.00 | 3678902 | 644551850738674432
05:28:37.724271 | 200785 | ALLOC |      4.00 |                80.00 | 3678903 | 706778826815226368
05:28:37.724309 | 200785 | ALLOC |      4.00 |                84.00 | 3678904 | 706778826815226368
05:28:37.724321 | 200785 | ALLOC |      4.00 |                88.00 | 3678905 | 706778826815226368
05:28:37.724351 | 200785 | ALLOC |      4.00 |                92.00 | 3678906 | 706778826815226368
05:28:37.724430 | 200648 | ALLOC |     32.00 |               176.00 | 3606072 | 331213479527882560,636835206775895168,706778826815226368,1144672601494410496,555477447468886912,546881539092688000
05:28:37.724498 | 10394 | ALLOC |      4.00 |                32.00 | 3678907 |                N/A
05:28:37.724662 | 200878 | ALLOC |     32.00 |                32.00 | 3596000 |                N/A
05:28:37.724954 | 10079 | ALLOC |      4.00 |                16.00 | 3678908 |                N/A
05:28:37.725006 | 200878 | FREE  |     32.00 |                 0.00 | 3596000 |                N/A
05:28:37.725060 | 10079 | ALLOC |      4.00 |                20.00 | 3678909 |                N/A
05:28:37.725073 | 200879 | FREE  |     32.00 |                 0.00 | 3525864 |                N/A
05:28:37.725115 | 200853 | FREE  |     32.00 |                 0.00 | 3556352 |                N/A
05:28:37.725376 | 200893 | ALLOC |      4.00 |                 4.00 | 3605604 | 644551850738674432
05:28:37.725382 | 200893 | ALLOC |      4.00 |                 8.00 | 3527029 | 644551850738674432
05:28:37.725403 | 200893 | ALLOC |      4.00 |                12.00 | 3527030 | 644551850738674432
05:28:37.725418 | 200893 | ALLOC |      4.00 |                16.00 | 3527031 | 644551850738674432
05:28:37.725453 | 200893 | ALLOC |      4.00 |                20.00 | 3527032 | 644551850738674432
05:28:37.725466 | 200893 | ALLOC |      4.00 |                24.00 | 3527033 | 644551850738674432
05:28:37.725477 | 200893 | ALLOC |      4.00 |                28.00 | 3527034 | 644551850738674432
05:28:37.725505 | 200893 | ALLOC |      4.00 |                32.00 | 3527035 | 644551850738674432
05:28:37.725579 | 200848 | ALLOC |     32.00 |                80.00 | 3556352 | 636835206775895168
05:28:37.725720 | 9312  | ALLOC |      4.00 |               132.00 | 3527036 |                N/A
05:28:37.725736 | 9312  | ALLOC |      4.00 |               136.00 | 3605605 |                N/A
05:28:37.725741 | 9312  | ALLOC |      4.00 |               140.00 | 3527037 |                N/A
05:28:37.725753 | 9312  | ALLOC |      4.00 |               144.00 | 3527038 |                N/A
05:28:37.725841 | 9312  | ALLOC |      4.00 |               148.00 | 3527039 |                N/A
05:28:37.725906 | 9312  | ALLOC |      4.00 |               152.00 | 3526784 |                N/A
05:28:37.725918 | 9312  | ALLOC |      4.00 |               156.00 | 3526785 |                N/A
05:28:37.725926 | 9312  | ALLOC |     32.00 |               188.00 | 3525864 |                N/A
05:28:37.725998 | 9312  | ALLOC |      4.00 |               192.00 | 2641406 |                N/A
05:28:37.726002 | 9312  | ALLOC |      4.00 |               196.00 | 3526786 |                N/A
05:28:37.726012 | 9312  | ALLOC |      4.00 |               200.00 | 3526787 |                N/A
05:28:37.726125 | 200893 | ALLOC |     32.00 |                64.00 | 3596000 | 644551850738674432
05:28:37.726174 | 9312  | ALLOC |      4.00 |               204.00 | 3526788 |                N/A
05:28:37.726191 | 9312  | ALLOC |      4.00 |               208.00 | 3526789 |                N/A
05:28:37.726200 | 9312  | ALLOC |      4.00 |               212.00 | 3526790 |                N/A
05:28:37.726257 | 10197 | ALLOC |      4.00 |                 4.00 | 3548817 |                N/A
05:28:37.726262 | 10197 | ALLOC |      4.00 |                 8.00 | 3526791 |                N/A
05:28:37.726275 | 10197 | ALLOC |      4.00 |                12.00 | 3526792 |                N/A
05:28:37.726288 | 10197 | ALLOC |      4.00 |                16.00 | 3526793 |                N/A
05:28:37.726294 | 10197 | ALLOC |      4.00 |                20.00 | 3526794 |                N/A
05:28:37.726356 | 9312  | ALLOC |      4.00 |               216.00 | 3526795 |                N/A
05:28:37.726369 | 9312  | ALLOC |      4.00 |               220.00 | 3562527 |                N/A
05:28:37.726372 | 9312  | ALLOC |      4.00 |               224.00 | 3526796 |                N/A
05:28:37.726380 | 9312  | ALLOC |      4.00 |               228.00 | 3526797 |                N/A
05:28:37.726455 | 9312  | ALLOC |      4.00 |               232.00 | 3526798 |                N/A
05:28:37.726465 | 9312  | ALLOC |      4.00 |               236.00 | 3526799 |                N/A
05:28:37.726472 | 9312  | ALLOC |     32.00 |               268.00 | 3596008 |                N/A
05:28:37.726554 | 9312  | ALLOC |      4.00 |               272.00 | 3526800 |                N/A
05:28:37.726569 | 9312  | ALLOC |      4.00 |               276.00 | 3368348 |                N/A
05:28:37.726573 | 9312  | ALLOC |      4.00 |               280.00 | 3526801 |                N/A
05:28:37.726582 | 9312  | ALLOC |      4.00 |               284.00 | 3526802 |                N/A
05:28:37.726635 | 200909 | ALLOC |      4.00 |                 4.00 | 3526803 | 636835206775895168,241083423082069984
05:28:37.726642 | 200909 | ALLOC |      4.00 |                 8.00 | 3526804 | 636835206775895168,241083423082069984
05:28:37.726720 | 9312  | ALLOC |      4.00 |               288.00 | 3526805 |                N/A
05:28:37.726732 | 9312  | ALLOC |      4.00 |               292.00 | 3378398 |                N/A
05:28:37.726735 | 9312  | ALLOC |      4.00 |               296.00 | 3526806 |                N/A
05:28:37.726743 | 9312  | ALLOC |      4.00 |               300.00 | 3526807 |                N/A
05:28:37.726768 | 200909 | ALLOC |      4.00 |                12.00 | 3526808 | 636835206775895168,241083423082069984
05:28:37.726772 | 200909 | ALLOC |      4.00 |                16.00 | 3526809 | 636835206775895168,241083423082069984
05:28:37.726859 | 9312  | ALLOC |      4.00 |               304.00 | 3526810 |                N/A
05:28:37.726867 | 9312  | ALLOC |      4.00 |               308.00 | 3526811 |                N/A
05:28:37.726905 | 9312  | ALLOC |      4.00 |               312.00 | 3526812 |                N/A
05:28:37.726915 | 9312  | ALLOC |      4.00 |               316.00 | 3643731 |                N/A
05:28:37.726919 | 9312  | ALLOC |      4.00 |               320.00 | 3526813 |                N/A
05:28:37.726928 | 9312  | ALLOC |      4.00 |               324.00 | 3526814 |                N/A
05:28:37.726934 | 9312  | ALLOC |     32.00 |               356.00 | 3595984 |                N/A
05:28:37.727274 | 200905 | ALLOC |      4.00 |                52.00 | 3526815 | 546881539092688000
05:28:37.727483 | 10197 | ALLOC |      4.00 |                24.00 | 3526816 |                N/A
05:28:37.728398 | 200905 | ALLOC |      4.00 |                56.00 | 3526817 | 546881539092688000
05:28:37.728403 | 200905 | ALLOC |      4.00 |                60.00 | 3526818 | 546881539092688000
05:28:37.728417 | 200905 | ALLOC |      4.00 |                64.00 | 3526819 | 546881539092688000
05:28:37.728434 | 200905 | ALLOC |      4.00 |                68.00 | 3526820 | 546881539092688000
05:28:37.728671 | 200905 | ALLOC |      4.00 |                72.00 | 3526821 | 546881539092688000
05:28:37.728741 | 200905 | ALLOC |      4.00 |                76.00 | 3526822 | 546881539092688000
05:28:37.728855 | 10197 | ALLOC |      4.00 |                28.00 | 3526823 |                N/A
05:28:37.728865 | 10197 | ALLOC |      4.00 |                32.00 | 3526824 |                N/A
05:28:37.729022 | 200911 | ALLOC |      4.00 |                56.00 | 3526825 | 419530427290733440
05:28:37.729026 | 200911 | ALLOC |      4.00 |                60.00 | 3526826 | 419530427290733440
05:28:37.729036 | 200911 | ALLOC |      4.00 |                64.00 | 3526827 | 419530427290733440
05:28:37.729051 | 200911 | ALLOC |      4.00 |                68.00 | 3526828 | 419530427290733440
05:28:37.729295 | 200893 | ALLOC |      4.00 |                68.00 | 3526829 | 644551850738674432
05:28:37.729678 | 200910 | ALLOC |      4.00 |                76.00 | 3526830 | 391200338986263424
05:28:37.729991 | 200914 | ALLOC |      4.00 |                52.00 | 3526831 | 653174923090909184
05:28:37.729995 | 200914 | ALLOC |      4.00 |                56.00 | 3526832 | 653174923090909184
05:28:37.729998 | 200914 | ALLOC |      4.00 |                60.00 | 3526833 | 653174923090909184
05:28:37.730007 | 200914 | ALLOC |      4.00 |                64.00 | 3526834 | 653174923090909184
05:28:37.730022 | 200914 | ALLOC |      4.00 |                68.00 | 3526835 | 653174923090909184
05:28:37.743209 | 200638 | FREE  |      4.00 |                92.00 | 3497022 | 886041221535080576
05:28:37.743215 | 200778 | FREE  |      4.00 |               116.00 | 3558704 | 232095291636170656
05:28:37.743218 | 200723 | FREE  |      4.00 |               136.00 | 3220315 | 562017487517019520
05:28:37.743221 | 200638 | FREE  |      4.00 |                88.00 | 2040045 | 886041221535080576
05:28:37.743225 | 200760 | FREE  |      4.00 |                84.00 | 3558705 |  87649271374118576
05:28:37.743233 | 200629 | FREE  |      4.00 |                72.00 | 3583745 | 546881539092688000
05:28:37.743235 | 200630 | FREE  |      4.00 |                92.00 | 2924585 |  16721190419364752
05:28:37.743239 | 200785 | FREE  |      4.00 |                88.00 | 3558707 | 706778826815226368
05:28:37.743245 | 200669 | FREE  |      4.00 |               100.00 | 3633875 | 273078355749895200
05:28:37.743248 | 200663 | FREE  |      4.00 |                88.00 | 3611674 | 555477447468886912
05:28:37.743250 | 200785 | FREE  |      4.00 |                84.00 | 3550645 | 706778826815226368
05:28:37.806515 | 200798 | FREE  |     32.00 |                52.00 | 3558576 | 644551850738674432
05:28:37.723340 | 200717 | ALLOC |      4.00 |                76.00 | 3717828 | 364767072889433600
05:28:37.723437 | 200834 | ALLOC |     32.00 |                32.00 | 3597688 |                N/A
05:28:37.723632 | 200834 | FREE  |     32.00 |                 0.00 | 3597688 |                N/A
05:28:37.723673 | 200842 | ALLOC |      4.00 |                 4.00 | 3717829 |                N/A
05:28:37.723698 | 200842 | ALLOC |     32.00 |                36.00 | 3597688 |                N/A
05:28:37.723865 | 200842 | FREE  |     32.00 |                 0.00 | 3597688 |                N/A
05:28:37.723908 | 200852 | ALLOC |     32.00 |                32.00 | 3597688 |                N/A
05:28:37.724476 | 200760 | ALLOC |      4.00 |                76.00 | 3717830 |  87649271374118576
05:28:37.724514 | 200760 | ALLOC |      4.00 |                80.00 | 3717831 |  87649271374118576
05:28:37.724527 | 200760 | ALLOC |      4.00 |                84.00 | 3717832 |  87649271374118576
05:28:37.724561 | 200760 | ALLOC |      4.00 |                88.00 | 3717833 |  87649271374118576
05:28:37.724658 | 200707 | ALLOC |      4.00 |                92.00 | 3717834 | 419530427290733440
05:28:37.725135 | 200889 | ALLOC |     32.00 |                32.00 | 3585192 |                N/A
05:28:37.725423 | 200889 | FREE  |     32.00 |                 0.00 | 3585192 |                N/A
05:28:37.725534 | 200895 | ALLOC |     32.00 |                32.00 | 3585192 |                N/A
05:28:37.725624 | 200769 | ALLOC |      4.00 |                56.00 | 3717835 |                N/A
05:28:37.725636 | 200769 | ALLOC |      4.00 |                60.00 | 3717836 |                N/A
05:28:37.725848 | 200765 | ALLOC |      4.00 |                60.00 | 3717837 |                N/A
05:28:37.725852 | 200765 | ALLOC |      4.00 |                64.00 | 3717838 |                N/A
05:28:37.726157 | 200870 | ALLOC |      4.00 |                76.00 | 3595675 | 764886907736861184
05:28:37.726164 | 200870 | FREE  |      4.00 |                72.00 | 3524757 | 764886907736861184
05:28:37.726166 | 200870 | FREE  |      4.00 |                68.00 | 3524756 | 764886907736861184
05:28:37.726198 | 200870 | ALLOC |     32.00 |               100.00 | 3566288 | 764886907736861184
05:28:37.726322 | 200895 | FREE  |     32.00 |                 0.00 | 3585192 |                N/A
05:28:37.726483 | 200908 | ALLOC |      4.00 |                 4.00 | 3524756 | 644551850738674432,806621659014988672
05:28:37.726490 | 200908 | ALLOC |      4.00 |                 8.00 | 3524757 | 644551850738674432,806621659014988672
05:28:37.726540 | 200908 | ALLOC |      4.00 |                12.00 | 3717839 | 644551850738674432,806621659014988672
05:28:37.726545 | 200908 | ALLOC |      4.00 |                16.00 | 3717840 | 644551850738674432,806621659014988672
05:28:37.727024 | 200908 | ALLOC |     32.00 |                48.00 | 3585192 | 644551850738674432,806621659014988672
05:28:37.727130 | 200916 | ALLOC |      4.00 |                 4.00 | 1932371 | 562017487517019520
05:28:37.727134 | 200916 | ALLOC |      4.00 |                 8.00 | 3717841 | 562017487517019520
05:28:37.727148 | 200916 | ALLOC |      4.00 |                12.00 | 3717842 | 562017487517019520
05:28:37.727159 | 200916 | ALLOC |      4.00 |                16.00 | 3717843 | 562017487517019520
05:28:37.727188 | 200916 | ALLOC |      4.00 |                20.00 | 3717844 | 562017487517019520
05:28:37.727199 | 200916 | ALLOC |      4.00 |                24.00 | 3717845 | 562017487517019520
05:28:37.727209 | 200916 | ALLOC |      4.00 |                28.00 | 3717846 | 562017487517019520
05:28:37.727233 | 200916 | ALLOC |      4.00 |                32.00 | 3717847 | 562017487517019520
05:28:37.727376 | 200916 | ALLOC |     32.00 |                64.00 | 3566296 | 562017487517019520
05:28:37.727518 | 200918 | ALLOC |     32.00 |                32.00 | 3563152 | 562017487517019520
05:28:37.727537 | 200918 | ALLOC |      4.00 |                36.00 | 3717848 | 562017487517019520
05:28:37.728010 | 200923 | ALLOC |      4.00 |                 4.00 | 3571458 | 806621659014988672
05:28:37.728013 | 200923 | ALLOC |      4.00 |                 8.00 | 3717849 | 806621659014988672
05:28:37.728028 | 200923 | ALLOC |      4.00 |                12.00 | 3717850 | 806621659014988672
05:28:37.728038 | 200923 | ALLOC |      4.00 |                16.00 | 3717851 | 806621659014988672
05:28:37.728050 | 200923 | ALLOC |     32.00 |                48.00 | 3563160 | 806621659014988672
05:28:37.730361 | 200916 | ALLOC |      4.00 |                68.00 | 3717852 | 562017487517019520
05:28:37.730539 | 200916 | ALLOC |      4.00 |                72.00 | 3717853 | 562017487517019520
05:28:37.731184 | 200923 | ALLOC |      4.00 |                52.00 | 3717854 | 806621659014988672
05:28:37.731188 | 200923 | ALLOC |      4.00 |                56.00 | 3717855 | 806621659014988672
05:28:37.731192 | 200923 | ALLOC |      4.00 |                60.00 | 3717856 | 806621659014988672
05:28:37.746563 | 200923 | ALLOC |      4.00 |                64.00 | 3717857 | 806621659014988672
05:28:37.746594 | 200923 | ALLOC |      4.00 |                68.00 | 3717858 | 806621659014988672
05:28:37.749873 | 200723 | FREE  |      4.00 |               132.00 | 3459914 | 562017487517019520
05:28:37.749877 | 200832 | FREE  |      4.00 |               136.00 | 3609829 | 653174923090909184
05:28:37.749879 | 200870 | FREE  |      4.00 |               108.00 | 3595675 | 764886907736861184
05:28:37.723407 | 200833 | ALLOC |     32.00 |                32.00 | 3653560 |                N/A
05:28:37.723502 | 200638 | ALLOC |      4.00 |               112.00 | 2974536 | 886041221535080576
05:28:37.723591 | 200840 | ALLOC |      4.00 |                 4.00 | 1893558 |                N/A
05:28:37.723616 | 200840 | ALLOC |     32.00 |                36.00 | 3560280 |                N/A
05:28:37.723771 | 200840 | FREE  |     32.00 |                 0.00 | 3560280 |                N/A
05:28:37.723825 | 200849 | ALLOC |     32.00 |                32.00 | 3560280 |                N/A
05:28:37.724042 | 200849 | FREE  |     32.00 |                 0.00 | 3560280 |                N/A
05:28:37.724144 | 200859 | ALLOC |      4.00 |                 4.00 | 3602828 | 903922250823434368
05:28:37.724155 | 200859 | ALLOC |      4.00 |                 8.00 | 2264175 | 903922250823434368
05:28:37.724176 | 200859 | ALLOC |      4.00 |                12.00 | 2160065 | 903922250823434368
05:28:37.724188 | 200859 | ALLOC |      4.00 |                16.00 | 3068628 | 903922250823434368
05:28:37.724210 | 200846 | FREE  |     32.00 |                 0.00 | 3560648 |                N/A
05:28:37.724380 | 200859 | ALLOC |     32.00 |                48.00 | 3560648 | 903922250823434368
05:28:37.724456 | 200866 | ALLOC |     32.00 |                32.00 | 3560280 |                N/A
05:28:37.724699 | 200868 | FREE  |     32.00 |                 0.00 | 3585392 |                N/A
05:28:37.724809 | 200866 | FREE  |     32.00 |                 0.00 | 3560280 |                N/A
05:28:37.725137 | 200890 | ALLOC |     32.00 |                32.00 | 3560280 |                N/A
05:28:37.725201 | 200891 | ALLOC |      4.00 |                 4.00 | 3645564 | 273078355749895200
05:28:37.725205 | 200891 | ALLOC |      4.00 |                 8.00 | 2968661 | 273078355749895200
05:28:37.725224 | 200891 | ALLOC |      4.00 |                12.00 | 2952482 | 273078355749895200
05:28:37.725238 | 200891 | ALLOC |      4.00 |                16.00 | 3066989 | 273078355749895200
05:28:37.725256 | 200891 | ALLOC |      8.00 |                24.00 | 2657824 | 273078355749895200
05:28:37.725283 | 200891 | ALLOC |      4.00 |                28.00 | 2471832 | 273078355749895200
05:28:37.725297 | 200891 | ALLOC |      4.00 |                32.00 | 2979146 | 273078355749895200
05:28:37.725308 | 200891 | ALLOC |      4.00 |                36.00 | 3040268 | 273078355749895200
05:28:37.725334 | 200891 | ALLOC |      4.00 |                40.00 | 2941365 | 273078355749895200
05:28:37.725644 | 200891 | ALLOC |     32.00 |                72.00 | 3585392 | 273078355749895200
05:28:37.726059 | 200890 | FREE  |     32.00 |                 0.00 | 3560280 |                N/A
05:28:37.726697 | 8330  | ALLOC |     32.00 |                32.00 | 3560280 |                N/A
05:28:37.726918 | 200913 | ALLOC |      4.00 |                 4.00 | 3643666 | 232095291636170656
05:28:37.726922 | 200913 | ALLOC |      4.00 |                 8.00 | 2957687 | 232095291636170656
05:28:37.726931 | 200840 | FREE  |      4.00 |                 0.00 | 1893558 |                N/A
05:28:37.726950 | 200913 | ALLOC |      4.00 |                12.00 | 1893558 | 232095291636170656
05:28:37.726964 | 200913 | ALLOC |      4.00 |                16.00 | 2980020 | 232095291636170656
05:28:37.726980 | 200913 | ALLOC |     32.00 |                48.00 | 3618416 | 232095291636170656
05:28:37.727393 | 200913 | ALLOC |      4.00 |                52.00 | 2119794 | 232095291636170656
05:28:37.728825 | 200913 | ALLOC |      4.00 |                56.00 | 2916542 | 232095291636170656
05:28:37.728829 | 200913 | ALLOC |      4.00 |                60.00 | 3039115 | 232095291636170656
05:28:37.728841 | 200913 | ALLOC |      4.00 |                64.00 | 3051540 | 232095291636170656
05:28:37.728859 | 200913 | ALLOC |      4.00 |                68.00 | 3105082 | 232095291636170656
05:28:37.729065 | 200913 | ALLOC |      4.00 |                72.00 | 1771212 | 232095291636170656
05:28:37.729846 | 200891 | ALLOC |      4.00 |                76.00 | 1750036 | 273078355749895200
05:28:37.730219 | 8330  | ALLOC |      4.00 |                92.00 | 3027620 |                N/A
05:28:37.730379 | 8330  | ALLOC |      4.00 |                96.00 | 2209706 |                N/A
05:28:37.730578 | 8330  | ALLOC |      4.00 |               100.00 | 3110064 |                N/A
05:28:37.730739 | 8330  | ALLOC |      4.00 |               104.00 | 3137840 |                N/A
05:28:37.730956 | 8330  | ALLOC |      4.00 |               108.00 | 1878592 |                N/A
05:28:37.731159 | 8330  | ALLOC |      4.00 |               112.00 | 2952409 |                N/A
05:28:37.739864 | 200649 | FREE  |      4.00 |               136.00 | 3645624 | 644551850738674432,562017487517019520,273078355749895200,16721190419364752,903922250823434368
05:28:37.739868 | 200648 | FREE  |      4.00 |               172.00 | 3526142 | 331213479527882560,636835206775895168,706778826815226368,1144672601494410496,555477447468886912,546881539092688000
05:28:37.747027 | 8330  | ALLOC |      4.00 |               116.00 | 3693766 |                N/A
05:28:37.723568 | 200839 | ALLOC |      4.00 |                 4.00 | 3668318 |                N/A
05:28:37.723594 | 200839 | ALLOC |     32.00 |                36.00 | 3561608 |                N/A
05:28:37.723831 | 200720 | ALLOC |      4.00 |                72.00 | 3595709 | 232095291636170656,809977241386262272,886041221535080576
05:28:37.723838 | 200720 | ALLOC |      4.00 |                76.00 | 3668315 | 232095291636170656,809977241386262272,886041221535080576
05:28:37.723851 | 200720 | ALLOC |      4.00 |                80.00 | 3524745 | 232095291636170656,809977241386262272,886041221535080576
05:28:37.723888 | 200720 | ALLOC |      4.00 |                84.00 | 3618149 | 232095291636170656,809977241386262272,886041221535080576
05:28:37.723892 | 200720 | ALLOC |      4.00 |                88.00 | 3524746 | 232095291636170656,809977241386262272,886041221535080576
05:28:37.723907 | 200720 | ALLOC |      4.00 |                92.00 | 3524747 | 232095291636170656,809977241386262272,886041221535080576
05:28:37.723915 | 200720 | ALLOC |     32.00 |               124.00 | 3557168 | 232095291636170656,809977241386262272,886041221535080576
05:28:37.723961 | 200846 | ALLOC |      4.00 |                 4.00 | 3524748 |                N/A
05:28:37.723988 | 200846 | ALLOC |     32.00 |                36.00 | 3560648 |                N/A
05:28:37.724317 | 200839 | FREE  |     32.00 |                 0.00 | 3561608 |                N/A
05:28:37.724426 | 200863 | ALLOC |      4.00 |                 4.00 | 3524749 | 806621659014988672
05:28:37.724450 | 200863 | ALLOC |      4.00 |                 8.00 | 2040719 | 806621659014988672
05:28:37.724453 | 200863 | ALLOC |      4.00 |                12.00 | 3524750 | 806621659014988672
05:28:37.724464 | 200863 | ALLOC |      8.00 |                20.00 | 1101432 | 806621659014988672
05:28:37.724475 | 200863 | ALLOC |      4.00 |                24.00 | 3524751 | 806621659014988672
05:28:37.724544 | 200863 | ALLOC |     32.00 |                56.00 | 3561608 | 806621659014988672
05:28:37.724655 | 200864 | ALLOC |      4.00 |                 4.00 | 3627916 |                N/A
05:28:37.724680 | 200864 | ALLOC |      4.00 |                 8.00 | 3524752 |                N/A
05:28:37.724696 | 200864 | ALLOC |      4.00 |                12.00 | 3524753 |                N/A
05:28:37.724714 | 200864 | ALLOC |     32.00 |                44.00 | 3606032 |                N/A
05:28:37.724751 | 200876 | ALLOC |      4.00 |                 4.00 | 3578883 |                N/A
05:28:37.724755 | 200876 | ALLOC |      4.00 |                 8.00 | 3524754 |                N/A
05:28:37.724774 | 200876 | ALLOC |     32.00 |                40.00 | 3606040 |                N/A
05:28:37.724801 | 200870 | ALLOC |      4.00 |                24.00 | 3524755 | 764886907736861184
05:28:37.724847 | 200870 | ALLOC |      4.00 |                28.00 | 3524756 | 764886907736861184
05:28:37.724855 | 200870 | ALLOC |      4.00 |                32.00 | 3524757 | 764886907736861184
05:28:37.724877 | 200870 | ALLOC |      4.00 |                36.00 | 3524758 | 764886907736861184
05:28:37.724885 | 200870 | ALLOC |      4.00 |                40.00 | 3524759 | 764886907736861184
05:28:37.724891 | 200870 | ALLOC |     32.00 |                72.00 | 3621440 | 764886907736861184
05:28:37.725028 | 200864 | FREE  |     32.00 |                 0.00 | 3606032 |                N/A
05:28:37.725080 | 200876 | FREE  |     32.00 |                 0.00 | 3606040 |                N/A
05:28:37.725126 | 10234 | ALLOC |      4.00 |                28.00 | 3524760 |                N/A
05:28:37.725131 | 10234 | ALLOC |      4.00 |                32.00 | 3524761 |                N/A
05:28:37.725165 | 200837 | FREE  |      4.00 |               120.00 | 3715550 | 809977241386262272
05:28:37.725168 | 200837 | FREE  |      4.00 |               116.00 | 3715549 | 809977241386262272
05:28:37.725181 | 200837 | FREE  |      4.00 |               112.00 | 3524628 | 809977241386262272
05:28:37.725183 | 200837 | FREE  |      4.00 |               108.00 | 3524627 | 809977241386262272
05:28:37.725197 | 200736 | FREE  |      4.00 |                 0.00 | 3724738 |                N/A
05:28:37.725199 | 200723 | FREE  |      4.00 |               148.00 | 3727154 | 562017487517019520
05:28:37.725201 | 200723 | FREE  |      4.00 |               144.00 | 3727159 | 562017487517019520
05:28:37.725232 | 200841 | FREE  |      4.00 |                 0.00 | 3717884 |                N/A
05:28:37.725235 | 200837 | FREE  |      4.00 |               104.00 | 3524624 | 809977241386262272
05:28:37.725236 | 200837 | FREE  |      4.00 |               100.00 | 3715551 | 809977241386262272
05:28:37.725260 | 200870 | ALLOC |      4.00 |                76.00 | 3328601 | 764886907736861184
05:28:37.725269 | 200856 | FREE  |      4.00 |                 0.00 | 3524630 |                N/A
05:28:37.725483 | 200778 | ALLOC |      4.00 |               108.00 | 3524630 | 232095291636170656
05:28:37.725521 | 200778 | ALLOC |      4.00 |               112.00 | 3715551 | 232095291636170656
05:28:37.725537 | 200778 | ALLOC |      4.00 |               116.00 | 3524624 | 232095291636170656
05:28:37.725573 | 200778 | ALLOC |      4.00 |               120.00 | 3717884 | 232095291636170656
05:28:37.725717 | 200829 | ALLOC |      4.00 |               100.00 | 3727159 |                N/A
05:28:37.725728 | 200839 | FREE  |      4.00 |                 0.00 | 3668318 |                N/A
05:28:37.725731 | 200720 | FREE  |      4.00 |               120.00 | 3668315 | 232095291636170656,809977241386262272,886041221535080576
05:28:37.725733 | 200720 | FREE  |      4.00 |               116.00 | 3524745 | 232095291636170656,809977241386262272,886041221535080576
05:28:37.725735 | 200846 | FREE  |      4.00 |                 0.00 | 3524748 |                N/A
05:28:37.725737 | 200870 | FREE  |      4.00 |                76.00 | 3524758 | 764886907736861184
05:28:37.725739 | 200870 | FREE  |      4.00 |                72.00 | 3524759 | 764886907736861184
05:28:37.725744 | 200829 | ALLOC |      4.00 |               104.00 | 3524759 |                N/A
05:28:37.725857 | 10234 | ALLOC |      4.00 |                36.00 | 3524758 |                N/A
05:28:37.725886 | 200863 | ALLOC |      4.00 |                60.00 | 3597357 | 806621659014988672
05:28:37.725892 | 200842 | FREE  |      4.00 |                 0.00 | 3717829 |                N/A
05:28:37.725894 | 200837 | FREE  |      4.00 |                96.00 | 3524626 | 809977241386262272
05:28:37.725895 | 200837 | FREE  |      4.00 |                92.00 | 3524625 | 809977241386262272
05:28:37.726153 | 200859 | ALLOC |     32.00 |                80.00 | 3606040 | 903922250823434368
05:28:37.726308 | 200831 | ALLOC |      4.00 |               112.00 | 3524625 | 710051034486130816
05:28:37.726341 | 200831 | ALLOC |      4.00 |               116.00 | 3524626 | 710051034486130816
05:28:37.726356 | 200831 | ALLOC |      4.00 |               120.00 | 3717829 | 710051034486130816
05:28:37.726395 | 200831 | ALLOC |      4.00 |               124.00 | 3524748 | 710051034486130816
05:28:37.726707 | 200863 | ALLOC |      4.00 |                64.00 | 3525739 | 806621659014988672
05:28:37.726721 | 200803 | FREE  |      4.00 |                 0.00 | 3679365 |                N/A
05:28:37.726724 | 200798 | FREE  |      4.00 |                96.00 | 3697894 | 644551850738674432
05:28:37.726726 | 200798 | FREE  |      4.00 |                92.00 | 3697891 | 644551850738674432
05:28:37.726756 | 200863 | ALLOC |     32.00 |                96.00 | 3606032 | 806621659014988672
05:28:37.727014 | 10394 | ALLOC |      4.00 |                36.00 | 3697891 |                N/A
05:28:37.727026 | 10394 | ALLOC |      4.00 |                40.00 | 3697894 |                N/A
05:28:37.727085 | 200859 | ALLOC |      4.00 |                84.00 | 3679365 | 903922250823434368
05:28:37.727106 | 200859 | ALLOC |      4.00 |                88.00 | 3524745 | 903922250823434368
05:28:37.727121 | 200859 | ALLOC |      4.00 |                92.00 | 3668315 | 903922250823434368
05:28:37.727162 | 200859 | ALLOC |      4.00 |                96.00 | 3668318 | 903922250823434368
05:28:37.749863 | 200848 | FREE  |      4.00 |                68.00 | 3563217 | 636835206775895168
05:28:37.749868 | 200870 | FREE  |      4.00 |               112.00 | 3328601 | 764886907736861184
05:28:37.749874 | 200837 | FREE  |      4.00 |               100.00 | 3560409 | 809977241386262272
05:28:37.749877 | 200863 | FREE  |      4.00 |               108.00 | 3597357 | 806621659014988672
05:28:37.749883 | 200631 | FREE  |      4.00 |                84.00 | 3559596 | 1026330485038806528
05:28:37.749885 | 200863 | FREE  |      4.00 |               104.00 | 3525739 | 806621659014988672
05:28:37.723242 | 9429  | ALLOC |      4.00 |               360.00 | 3290726 |                N/A
05:28:37.723262 | 9429  | ALLOC |      4.00 |               364.00 | 3290727 |                N/A
05:28:37.723272 | 9429  | ALLOC |      4.00 |               368.00 | 3290728 |                N/A
05:28:37.723335 | 9429  | ALLOC |      4.00 |               372.00 | 3222541 |                N/A
05:28:37.723339 | 9429  | ALLOC |      4.00 |               376.00 | 3290729 |                N/A
05:28:37.723347 | 9429  | ALLOC |      4.00 |               380.00 | 3290730 |                N/A
05:28:37.723401 | 9429  | ALLOC |      4.00 |               384.00 | 3290731 |                N/A
05:28:37.723415 | 9429  | ALLOC |      4.00 |               388.00 | 3290732 |                N/A
05:28:37.723423 | 9429  | ALLOC |      4.00 |               392.00 | 3290733 |                N/A
05:28:37.723721 | 9429  | ALLOC |      4.00 |               396.00 | 3290734 |                N/A
05:28:37.723741 | 9429  | ALLOC |      4.00 |               400.00 | 3290735 |                N/A
05:28:37.723752 | 9429  | ALLOC |      4.00 |               404.00 | 3290736 |                N/A
05:28:37.723855 | 200850 | ALLOC |      4.00 |                 4.00 | 3550744 | 562017487517019520
05:28:37.723860 | 200850 | ALLOC |      4.00 |                 8.00 | 3290737 | 562017487517019520
05:28:37.723885 | 200850 | ALLOC |      4.00 |                12.00 | 3290738 | 562017487517019520
05:28:37.723908 | 200850 | ALLOC |      4.00 |                16.00 | 3290739 | 562017487517019520
05:28:37.723925 | 200850 | ALLOC |      4.00 |                20.00 | 3290740 | 562017487517019520
05:28:37.723933 | 200850 | ALLOC |      4.00 |                24.00 | 3290741 | 562017487517019520
05:28:37.723950 | 200850 | ALLOC |      4.00 |                28.00 | 3290742 | 562017487517019520
05:28:37.723957 | 200850 | ALLOC |      4.00 |                32.00 | 3290743 | 562017487517019520
05:28:37.723982 | 200850 | ALLOC |      4.00 |                36.00 | 3290744 | 562017487517019520
05:28:37.723996 | 200850 | ALLOC |     32.00 |                68.00 | 3620176 | 562017487517019520
05:28:37.724554 | 200874 | ALLOC |      4.00 |                 4.00 | 3550745 |                N/A
05:28:37.724581 | 200874 | ALLOC |      4.00 |                 8.00 | 3290745 |                N/A
05:28:37.724600 | 200874 | ALLOC |      4.00 |                12.00 | 3290746 |                N/A
05:28:37.724628 | 200874 | ALLOC |     32.00 |                44.00 | 3620168 |                N/A
05:28:37.724769 | 200874 | FREE  |     32.00 |                 0.00 | 3620168 |                N/A
05:28:37.724835 | 200880 | ALLOC |      4.00 |                 4.00 | 3290747 |                N/A
05:28:37.724856 | 200880 | ALLOC |     32.00 |                36.00 | 3620168 |                N/A
05:28:37.725063 | 200678 | ALLOC |     32.00 |               132.00 | 3620160 | 386453419060398400,653174923090909184,764886907736861184,87649271374118576,364767072889433600
05:28:37.725366 | 200888 | FREE  |     32.00 |                 0.00 | 3597688 |                N/A
05:28:37.725597 | 200880 | FREE  |     32.00 |                 0.00 | 3620168 |                N/A
05:28:37.725634 | 200898 | ALLOC |     32.00 |                32.00 | 3620168 |                N/A
05:28:37.726252 | 200848 | ALLOC |      4.00 |                84.00 | 3290748 | 636835206775895168
05:28:37.726285 | 200848 | ALLOC |      4.00 |                88.00 | 3290749 | 636835206775895168
05:28:37.726303 | 200848 | ALLOC |      4.00 |                92.00 | 3290750 | 636835206775895168
05:28:37.726338 | 200848 | ALLOC |      4.00 |                96.00 | 3290751 | 636835206775895168
05:28:37.726448 | 200907 | ALLOC |      4.00 |                 4.00 | 3526174 | 386453419060398400
05:28:37.726457 | 200907 | ALLOC |      4.00 |                 8.00 | 3526899 | 386453419060398400
05:28:37.726477 | 200907 | ALLOC |      4.00 |                12.00 | 3526900 | 386453419060398400
05:28:37.726491 | 200907 | ALLOC |      4.00 |                16.00 | 3526901 | 386453419060398400
05:28:37.726520 | 200907 | ALLOC |     32.00 |                48.00 | 3597688 | 386453419060398400
05:28:37.729643 | 200907 | ALLOC |      4.00 |                52.00 | 3042195 | 386453419060398400
05:28:37.729648 | 200907 | ALLOC |      4.00 |                56.00 | 3359397 | 386453419060398400
05:28:37.729658 | 200907 | ALLOC |      4.00 |                60.00 | 3359398 | 386453419060398400
05:28:37.729674 | 200907 | ALLOC |      4.00 |                64.00 | 3435115 | 386453419060398400
05:28:37.729773 | 200907 | ALLOC |      8.00 |                72.00 | 3591568 | 386453419060398400
05:28:37.779841 | 200648 | FREE  |     32.00 |               140.00 | 3599448 | 331213479527882560,636835206775895168,706778826815226368,1144672601494410496,555477447468886912,546881539092688000
05:28:37.779850 | 200760 | FREE  |     32.00 |                52.00 | 3597576 |  87649271374118576
05:28:37.729488 | 200910 | ALLOC |      4.00 |                72.00 | 3733931 | 391200338986263424
05:28:37.730499 | 200917 | ALLOC |      4.00 |                52.00 | 3733932 | 809977241386262272
05:28:37.730504 | 200917 | ALLOC |      4.00 |                56.00 | 3733933 | 809977241386262272
05:28:37.730518 | 200917 | ALLOC |      4.00 |                60.00 | 3733934 | 809977241386262272
05:28:37.730524 | 200917 | ALLOC |      4.00 |                64.00 | 3733935 | 809977241386262272
05:28:37.730537 | 200917 | ALLOC |      4.00 |                68.00 | 3733936 | 809977241386262272
05:28:38.079946 | 10079 | ALLOC |      4.00 |                24.00 | 2472853 |                N/A
05:28:38.079997 | 10079 | ALLOC |      4.00 |                28.00 | 3729239 |                N/A
05:28:38.245357 | 9888  | ALLOC |      4.00 |                 4.00 | 3268888 |                N/A
05:28:38.320292 | 9886  | ALLOC |      4.00 |                 4.00 | 3679394 |                N/A
05:28:38.323219 | 10084 | ALLOC |      4.00 |               100.00 | 3679392 |                N/A
05:28:38.323252 | 10084 | ALLOC |      4.00 |               104.00 | 3693777 |                N/A
05:28:38.323263 | 10084 | ALLOC |      4.00 |               108.00 | 3750699 |                N/A
05:28:38.323270 | 10084 | ALLOC |      4.00 |               112.00 | 3750700 |                N/A
05:28:38.323275 | 10084 | ALLOC |      4.00 |               116.00 | 3750701 |                N/A
05:28:38.323279 | 10084 | ALLOC |      4.00 |               120.00 | 3750702 |                N/A
05:28:38.323283 | 10084 | ALLOC |      4.00 |               124.00 | 3750703 |                N/A
05:28:38.323288 | 10084 | ALLOC |      4.00 |               128.00 | 3750704 |                N/A
05:28:38.323294 | 10084 | ALLOC |      4.00 |               132.00 | 3750705 |                N/A
05:28:38.323350 | 10084 | ALLOC |      4.00 |               136.00 | 3750706 |                N/A
05:28:38.323355 | 10084 | ALLOC |      4.00 |               140.00 | 3750707 |                N/A
05:28:38.323360 | 10084 | ALLOC |      4.00 |               144.00 | 3750708 |                N/A
05:28:38.323365 | 10084 | ALLOC |      4.00 |               148.00 | 3750709 |                N/A
05:28:38.323369 | 10084 | ALLOC |      4.00 |               152.00 | 3750710 |                N/A
05:28:38.323374 | 10084 | ALLOC |      4.00 |               156.00 | 3750711 |                N/A
05:28:38.323378 | 10084 | ALLOC |      4.00 |               160.00 | 3750712 |                N/A
05:28:38.323383 | 10084 | ALLOC |      4.00 |               164.00 | 3693771 |                N/A
05:28:38.323497 | 10084 | ALLOC |      4.00 |               168.00 | 3679391 |                N/A
05:28:38.323505 | 10084 | ALLOC |      4.00 |               172.00 | 3153412 |                N/A
05:28:38.323512 | 10084 | ALLOC |      4.00 |               176.00 | 3750698 |                N/A
05:28:38.323518 | 10084 | ALLOC |      4.00 |               180.00 | 3750697 |                N/A
05:28:38.323525 | 10084 | ALLOC |      4.00 |               184.00 | 3750696 |                N/A
05:28:38.323532 | 10084 | ALLOC |      4.00 |               188.00 | 3750695 |                N/A
05:28:38.323539 | 10084 | ALLOC |      4.00 |               192.00 | 3750694 |                N/A
05:28:38.323546 | 10084 | ALLOC |      4.00 |               196.00 | 3750693 |                N/A
05:28:38.323553 | 10084 | ALLOC |      4.00 |               200.00 | 3750692 |                N/A
05:28:38.323592 | 10084 | ALLOC |      4.00 |               204.00 | 3750691 |                N/A
05:28:38.323630 | 10084 | ALLOC |      4.00 |               208.00 | 3750690 |                N/A
05:28:38.323659 | 10084 | ALLOC |      4.00 |               212.00 | 3750689 |                N/A
05:28:38.323965 | 10084 | ALLOC |      4.00 |               216.00 | 3750688 |                N/A
05:28:38.323225 | 10100 | ALLOC |      4.00 |                64.00 | 3752209 |                N/A
05:28:38.323240 | 10100 | ALLOC |      4.00 |                68.00 | 3752210 |                N/A
05:28:38.323249 | 10100 | ALLOC |      4.00 |                72.00 | 3752211 |                N/A
05:28:38.323258 | 10100 | ALLOC |      4.00 |                76.00 | 3752212 |                N/A
05:28:38.323279 | 10100 | ALLOC |      4.00 |                80.00 | 3752056 |                N/A
05:28:38.323285 | 10100 | ALLOC |      4.00 |                84.00 | 3752057 |                N/A
05:28:38.323290 | 10100 | ALLOC |      4.00 |                88.00 | 3752058 |                N/A
05:28:38.323295 | 10100 | ALLOC |      4.00 |                92.00 | 3752059 |                N/A
05:28:38.323302 | 10100 | ALLOC |      4.00 |                96.00 | 3752060 |                N/A
05:28:38.323365 | 10100 | ALLOC |      4.00 |               100.00 | 3752061 |                N/A
05:28:38.323371 | 10100 | ALLOC |      4.00 |               104.00 | 3752062 |                N/A
05:28:38.323376 | 10100 | ALLOC |      4.00 |               108.00 | 3752063 |                N/A
05:28:38.323382 | 10100 | ALLOC |      4.00 |               112.00 | 3752064 |                N/A
05:28:38.323387 | 10100 | ALLOC |      4.00 |               116.00 | 3752065 |                N/A
05:28:38.323392 | 10100 | ALLOC |      4.00 |               120.00 | 3752066 |                N/A
05:28:38.323397 | 10100 | ALLOC |      4.00 |               124.00 | 3752067 |                N/A
05:28:38.323401 | 10100 | ALLOC |      4.00 |               128.00 | 3752068 |                N/A
05:28:38.323490 | 10100 | ALLOC |      4.00 |               132.00 | 3752069 |                N/A
05:28:38.323495 | 10100 | ALLOC |      4.00 |               136.00 | 3752070 |                N/A
05:28:38.323499 | 10100 | ALLOC |      4.00 |               140.00 | 3752071 |                N/A
05:28:38.323504 | 10100 | ALLOC |      4.00 |               144.00 | 3752072 |                N/A
05:28:38.323508 | 10100 | ALLOC |      4.00 |               148.00 | 3752073 |                N/A
05:28:38.323512 | 10100 | ALLOC |      4.00 |               152.00 | 3752074 |                N/A
05:28:38.323517 | 10100 | ALLOC |      4.00 |               156.00 | 3752075 |                N/A
05:28:38.323521 | 10100 | ALLOC |      4.00 |               160.00 | 3752076 |                N/A
05:28:38.323525 | 10100 | ALLOC |      4.00 |               164.00 | 3752077 |                N/A
05:28:38.323558 | 10100 | ALLOC |      4.00 |               168.00 | 3752213 |                N/A
05:28:38.323582 | 10100 | ALLOC |      4.00 |               172.00 | 3752214 |                N/A
05:28:38.323601 | 10100 | ALLOC |      4.00 |               176.00 | 3752215 |                N/A
05:28:38.323822 | 10100 | ALLOC |      4.00 |               180.00 | 3752216 |                N/A
05:28:38.623203 | 200637 | FREE  |      8.00 |                 0.00 | 3472226 |                N/A
05:28:39.277792 | 10333 | ALLOC |      4.00 |                40.00 | 2039179 |                N/A
05:28:39.323301 | 10084 | ALLOC |      4.00 |               220.00 | 3691181 |                N/A
05:28:39.323279 | 10100 | ALLOC |      4.00 |               184.00 | 3678542 |                N/A
05:28:39.324569 | 10084 | ALLOC |      4.00 |               224.00 | 3021105 |                N/A
05:28:39.324578 | 10084 | ALLOC |      4.00 |               228.00 | 1756085 |                N/A
05:28:39.324584 | 10084 | ALLOC |      4.00 |               232.00 | 2957744 |                N/A
05:28:39.324589 | 10084 | ALLOC |      4.00 |               236.00 | 3611078 |                N/A
05:28:39.324594 | 10084 | ALLOC |      4.00 |               240.00 | 2472856 |                N/A
05:28:39.324598 | 10084 | ALLOC |      4.00 |               244.00 | 3524711 |                N/A
05:28:39.324603 | 10084 | ALLOC |      4.00 |               248.00 | 3057754 |                N/A
05:28:39.324608 | 10084 | ALLOC |      4.00 |               252.00 | 3016820 |                N/A
05:28:39.324612 | 10084 | ALLOC |      4.00 |               256.00 | 3249457 |                N/A
05:28:39.324618 | 10084 | ALLOC |      4.00 |               260.00 | 3021453 |                N/A
05:28:39.324622 | 10084 | ALLOC |      4.00 |               264.00 | 3699168 |                N/A
05:28:39.324627 | 10084 | ALLOC |      4.00 |               268.00 | 3541429 |                N/A
05:28:39.324631 | 10084 | ALLOC |      4.00 |               272.00 | 1462633 |                N/A
05:28:39.324636 | 10084 | ALLOC |      4.00 |               276.00 | 3253905 |                N/A
05:28:39.324640 | 10084 | ALLOC |      4.00 |               280.00 | 3688561 |                N/A
05:28:39.324645 | 10084 | ALLOC |      4.00 |               284.00 | 3631034 |                N/A
05:28:39.324650 | 10084 | ALLOC |      4.00 |               288.00 | 2241382 |                N/A
05:28:39.324654 | 10084 | ALLOC |      4.00 |               292.00 | 3504897 |                N/A
05:28:39.324659 | 10084 | ALLOC |      4.00 |               296.00 | 3557604 |                N/A
05:28:39.324702 | 10084 | ALLOC |      4.00 |               300.00 | 3636739 |                N/A
05:28:39.324706 | 10084 | ALLOC |      4.00 |               304.00 | 3495792 |                N/A
05:28:39.324711 | 10084 | ALLOC |      4.00 |               308.00 | 3057256 |                N/A
05:28:39.324771 | 10084 | ALLOC |      4.00 |               312.00 | 2479542 |                N/A
05:28:39.324820 | 10084 | ALLOC |      4.00 |               316.00 | 2501250 |                N/A
05:28:39.324866 | 10084 | ALLOC |      4.00 |               320.00 | 3511541 |                N/A
05:28:39.324911 | 10084 | ALLOC |      4.00 |               324.00 | 3511542 |                N/A
05:28:39.324930 | 10084 | ALLOC |      4.00 |               328.00 | 1944098 |                N/A
05:28:39.324977 | 10084 | ALLOC |      4.00 |               332.00 | 1508370 |                N/A
05:28:39.325036 | 10084 | ALLOC |      4.00 |               336.00 | 1571637 |                N/A
05:28:39.325087 | 10084 | ALLOC |      4.00 |               340.00 | 3667932 |                N/A
05:28:39.325162 | 10084 | ALLOC |      4.00 |               344.00 | 3538054 |                N/A
05:28:39.325219 | 10084 | ALLOC |      4.00 |               348.00 | 3539539 |                N/A
05:28:39.325284 | 10084 | ALLOC |      4.00 |               352.00 | 2218082 |                N/A
05:28:39.325337 | 10084 | ALLOC |      4.00 |               356.00 | 2891906 |                N/A
05:28:39.325353 | 10084 | ALLOC |      4.00 |               360.00 | 3076637 |                N/A
05:28:39.325357 | 10084 | ALLOC |      4.00 |               364.00 | 3666097 |                N/A
05:28:39.325394 | 10084 | ALLOC |      4.00 |               368.00 | 1296479 |                N/A
05:28:39.325464 | 10084 | ALLOC |      4.00 |               372.00 | 3595106 |                N/A
05:28:39.325518 | 10084 | ALLOC |      4.00 |               376.00 | 3595107 |                N/A
05:28:39.325613 | 10084 | ALLOC |      4.00 |               380.00 | 3125396 |                N/A
05:28:39.325913 | 10084 | ALLOC |      4.00 |               384.00 | 3125397 |                N/A
05:28:39.326185 | 10084 | ALLOC |      4.00 |               388.00 | 3677596 |                N/A
05:28:39.326189 | 10084 | ALLOC |      4.00 |               392.00 | 3677597 |                N/A
05:28:39.326425 | 10084 | ALLOC |      4.00 |               396.00 | 3273384 |                N/A
05:28:39.326611 | 10084 | ALLOC |      4.00 |               400.00 | 1375731 |                N/A
05:28:39.326616 | 10084 | ALLOC |      4.00 |               404.00 | 3707556 |                N/A
05:28:39.326837 | 10084 | ALLOC |      4.00 |               408.00 | 1298011 |                N/A
05:28:39.327091 | 10084 | ALLOC |      4.00 |               412.00 | 3247396 |                N/A
05:28:39.327131 | 10084 | ALLOC |      4.00 |               416.00 | 2964391 |                N/A
05:28:39.327171 | 10084 | ALLOC |      4.00 |               420.00 | 3722748 |                N/A
05:28:39.327317 | 10084 | ALLOC |     16.00 |               436.00 | 3717736 |                N/A
05:28:39.327338 | 10084 | ALLOC |      4.00 |               440.00 | 3257643 |                N/A
05:28:39.327344 | 10084 | ALLOC |      4.00 |               444.00 | 3666067 |                N/A
05:28:39.327432 | 10084 | FREE  |     16.00 |               428.00 | 3745892 |                N/A
05:28:39.327435 | 10084 | FREE  |      4.00 |               424.00 | 3725226 |                N/A
05:28:39.327437 | 10084 | FREE  |      4.00 |               420.00 | 3250836 |                N/A
05:28:40.030221 | 10197 | ALLOC |      4.00 |                44.00 | 3730896 |                N/A
05:28:40.066772 | 10394 | ALLOC |      4.00 |                44.00 | 3715100 |                N/A
05:28:40.066794 | 10394 | ALLOC |      4.00 |                48.00 | 3725516 |                N/A
05:28:40.324070 | 10100 | ALLOC |      4.00 |               188.00 | 2221728 |                N/A
05:28:40.324137 | 10100 | ALLOC |      4.00 |               192.00 | 3683938 |                N/A
05:28:40.324247 | 10100 | ALLOC |      4.00 |               196.00 | 2999450 |                N/A
05:28:40.324409 | 10100 | ALLOC |      4.00 |               200.00 | 3030286 |                N/A
05:28:40.324732 | 10123 | ALLOC |      4.00 |               108.00 | 3687011 |                N/A
05:28:40.324725 | 10100 | ALLOC |      4.00 |               204.00 | 1395084 |                N/A
05:28:40.324748 | 10100 | ALLOC |      4.00 |               208.00 | 3525023 |                N/A
05:28:40.324770 | 10100 | ALLOC |      4.00 |               212.00 | 3516828 |                N/A
05:28:40.324889 | 10100 | ALLOC |      4.00 |               216.00 | 3719555 |                N/A
05:28:40.324899 | 10100 | ALLOC |      4.00 |               220.00 | 3333692 |                N/A
05:28:40.324908 | 10100 | ALLOC |      4.00 |               224.00 | 3512251 |                N/A
05:28:40.324913 | 10100 | ALLOC |      4.00 |               228.00 | 3512156 |                N/A
05:28:40.324918 | 10100 | ALLOC |      4.00 |               232.00 | 3512514 |                N/A
05:28:40.324922 | 10100 | ALLOC |      4.00 |               236.00 | 3710522 |                N/A
05:28:40.324936 | 10100 | ALLOC |      4.00 |               240.00 | 3682507 |                N/A
05:28:40.324940 | 10100 | ALLOC |      4.00 |               244.00 | 3682504 |                N/A
05:28:40.324945 | 10100 | ALLOC |      4.00 |               248.00 | 2958100 |                N/A
05:28:40.324949 | 10100 | ALLOC |      4.00 |               252.00 | 3750795 |                N/A
05:28:40.324954 | 10100 | ALLOC |      4.00 |               256.00 | 2050363 |                N/A
05:28:40.324958 | 10100 | ALLOC |      4.00 |               260.00 | 2232705 |                N/A
05:28:40.324963 | 10100 | ALLOC |      4.00 |               264.00 | 2994504 |                N/A
05:28:40.324968 | 10100 | ALLOC |      4.00 |               268.00 | 2980471 |                N/A
05:28:40.324972 | 10100 | ALLOC |      4.00 |               272.00 | 3570542 |                N/A
05:28:40.324977 | 10100 | ALLOC |      4.00 |               276.00 | 3698381 |                N/A
05:28:40.324981 | 10100 | ALLOC |      4.00 |               280.00 | 2252728 |                N/A
05:28:40.324986 | 10100 | ALLOC |      4.00 |               284.00 | 3725322 |                N/A
05:28:40.324991 | 10100 | ALLOC |      4.00 |               288.00 | 1874020 |                N/A
05:28:40.324999 | 10100 | ALLOC |      4.00 |               292.00 | 2908652 |                N/A
05:28:40.325003 | 10100 | ALLOC |      4.00 |               296.00 | 3578259 |                N/A
05:28:40.325037 | 10100 | ALLOC |      4.00 |               300.00 | 3710514 |                N/A
05:28:40.325041 | 10100 | ALLOC |      4.00 |               304.00 | 3710706 |                N/A
05:28:40.325227 | 10100 | ALLOC |      4.00 |               308.00 | 2191661 |                N/A
05:28:40.325451 | 10100 | ALLOC |      4.00 |               312.00 | 3640610 |                N/A
05:28:40.324886 | 10128 | ALLOC |      4.00 |                32.00 | 3724312 |                N/A
05:28:40.325509 | 10100 | ALLOC |      4.00 |               316.00 | 3724718 |                N/A
05:28:40.325575 | 10100 | ALLOC |      4.00 |               320.00 | 2775237 |                N/A
05:28:40.325625 | 10100 | ALLOC |      4.00 |               324.00 | 3716319 |                N/A
05:28:40.325640 | 10100 | ALLOC |      4.00 |               328.00 | 1296551 |                N/A
05:28:40.325644 | 10100 | ALLOC |      4.00 |               332.00 | 3333818 |                N/A
05:28:40.325682 | 10100 | ALLOC |      4.00 |               336.00 | 3726389 |                N/A
05:28:40.325752 | 10100 | ALLOC |      4.00 |               340.00 | 3733828 |                N/A
05:28:40.325806 | 10100 | ALLOC |      4.00 |               344.00 | 3291093 |                N/A
05:28:40.325898 | 10100 | ALLOC |      4.00 |               348.00 | 3729224 |                N/A
05:28:40.326197 | 10100 | ALLOC |      4.00 |               352.00 | 3524862 |                N/A
05:28:40.326472 | 10100 | ALLOC |      4.00 |               356.00 | 3726369 |                N/A
05:28:40.326477 | 10100 | ALLOC |      4.00 |               360.00 | 3020941 |                N/A
05:28:40.326749 | 10100 | ALLOC |      4.00 |               364.00 | 3264362 |                N/A
05:28:40.326923 | 10100 | ALLOC |      4.00 |               368.00 | 2950735 |                N/A
05:28:40.326928 | 10100 | ALLOC |      4.00 |               372.00 | 3696805 |                N/A
05:28:40.327158 | 10100 | ALLOC |      4.00 |               376.00 | 2188789 |                N/A
05:28:40.327316 | 10124 | ALLOC |     16.00 |                48.00 | 3594932 |                N/A
05:28:40.327334 | 10124 | ALLOC |      4.00 |                52.00 | 3683232 |                N/A
05:28:40.327340 | 10124 | ALLOC |      4.00 |                56.00 | 3679283 |                N/A
05:28:40.327425 | 10124 | FREE  |     16.00 |                40.00 | 3670480 |                N/A
05:28:40.327429 | 10124 | FREE  |      4.00 |                36.00 | 3707158 |                N/A
05:28:40.327431 | 10124 | FREE  |      4.00 |                32.00 | 3698654 |                N/A
05:28:40.327502 | 10100 | ALLOC |      4.00 |               388.00 | 3698654 |                N/A
05:28:40.327400 | 10123 | ALLOC |     16.00 |               124.00 | 3678320 |                N/A
05:28:40.327420 | 10123 | ALLOC |      8.00 |               132.00 | 3525010 |                N/A
05:28:40.327427 | 10123 | ALLOC |      4.00 |               136.00 | 3108946 |                N/A
05:28:40.327492 | 10123 | FREE  |     16.00 |               120.00 | 3710312 |                N/A
05:28:40.327495 | 10123 | FREE  |      8.00 |               112.00 | 2961582 |                N/A
05:28:40.327497 | 10123 | FREE  |      4.00 |               108.00 | 3722703 |                N/A
05:28:40.327399 | 10100 | ALLOC |      4.00 |               380.00 | 3587973 |                N/A
05:28:40.327439 | 10100 | ALLOC |      4.00 |               384.00 | 3587836 |                N/A
05:28:40.327339 | 10129 | ALLOC |     16.00 |                76.00 | 3659584 |                N/A
05:28:40.327368 | 10129 | ALLOC |      4.00 |                80.00 | 3746436 |                N/A
05:28:40.327374 | 10129 | ALLOC |      4.00 |                84.00 | 2071951 |                N/A
05:28:40.327443 | 10129 | FREE  |     16.00 |                68.00 | 3733660 |                N/A
05:28:40.327446 | 10129 | FREE  |      4.00 |                64.00 | 2423769 |                N/A
05:28:40.327449 | 10129 | FREE  |      4.00 |                60.00 | 2969356 |                N/A
05:28:40.327454 | 10128 | ALLOC |     16.00 |                48.00 | 3595096 |                N/A
05:28:40.327475 | 10128 | ALLOC |      4.00 |                52.00 | 3720469 |                N/A
05:28:40.327480 | 10128 | ALLOC |      4.00 |                56.00 | 3752637 |                N/A
05:28:40.327553 | 10128 | FREE  |     16.00 |                40.00 | 3653748 |                N/A
05:28:40.327562 | 10128 | FREE  |      4.00 |                36.00 | 3021375 |                N/A
05:28:40.327566 | 10128 | FREE  |      4.00 |                32.00 | 1862687 |                N/A
05:28:40.327634 | 10100 | ALLOC |     16.00 |               404.00 | 3670480 |                N/A
05:28:40.327648 | 10100 | ALLOC |      4.00 |               408.00 | 3707158 |                N/A
05:28:40.327653 | 10100 | ALLOC |      4.00 |               412.00 | 3055169 |                N/A
05:28:40.327719 | 10100 | FREE  |     16.00 |               396.00 | 3726360 |                N/A
05:28:40.327723 | 10100 | FREE  |      4.00 |               392.00 | 1297364 |                N/A
05:28:40.327725 | 10100 | FREE  |      4.00 |               388.00 | 3679498 |                N/A
05:28:41.547043 | 200699 | FREE  |      8.00 |                84.00 | 3659962 | 1144672601494410496
05:28:41.946517 | 200720 | FREE  |     32.00 |                84.00 | 3557168 | 232095291636170656,809977241386262272,886041221535080576
05:28:42.058135 | 10234 | ALLOC |      4.00 |                40.00 | 1382865 |                N/A
05:28:42.058147 | 10234 | ALLOC |      4.00 |                44.00 | 3751150 |                N/A
05:28:42.058174 | 10234 | ALLOC |      4.00 |                48.00 | 3751164 |                N/A
05:28:42.058197 | 10234 | ALLOC |      4.00 |                52.00 | 3686199 |                N/A
05:28:44.603176 | 200631 | FREE  |      8.00 |                76.00 | 3606606 | 1026330485038806528
05:28:44.603183 | 9360  | FREE  |      8.00 |                36.00 | 3471436 |                N/A
05:28:44.979843 | 200650 | FREE  |     32.00 |                76.00 | 3644168 | 710051034486130816,419530427290733440,806621659014988672,391200338986263424,1026330485038806528,241083423082069984
05:28:44.979849 | 200832 | FREE  |     32.00 |               104.00 | 2853976 | 653174923090909184
05:28:45.876620 | 200659 | FREE  |      8.00 |                48.00 | 3561974 | 653174923090909184,806621659014988672,331213479527882560,232095291636170656,273078355749895200,886041221535080576,636835206775895168,555477447468886912,546881539092688000
05:28:46.336243 | 10293 | ALLOC |      4.00 |                36.00 | 3020682 |                N/A
05:28:46.569857 | 200711 | FREE  |      8.00 |                64.00 | 3549116 | 331213479527882560,16721190419364752,706778826815226368,364767072889433600
05:28:46.863192 | 200676 | FREE  |      8.00 |                84.00 | 3556890 | 391200338986263424
05:28:47.736110 | 200631 | FREE  |     32.00 |                 0.00 | 3652784 | 1026330485038806528
05:28:47.736836 | 200729 | FREE  |     32.00 |                 0.00 | 3550296 | 331213479527882560
05:28:47.738562 | 200630 | FREE  |     32.00 |                 0.00 | 3625592 |  16721190419364752
05:28:47.739496 | 200785 | FREE  |     32.00 |                 0.00 | 3615784 | 706778826815226368
05:28:47.740027 | 200717 | FREE  |     32.00 |                 0.00 | 3558928 | 364767072889433600
05:28:47.750074 | 200707 | FREE  |     32.00 |                 0.00 | 3627936 | 419530427290733440
05:28:47.752662 | 200832 | FREE  |     32.00 |                 0.00 | 3630064 | 653174923090909184
05:28:47.752704 | 200723 | FREE  |     32.00 |                 0.00 | 3621712 | 562017487517019520
05:28:47.752839 | 200848 | FREE  |     32.00 |                 0.00 | 3556352 | 636835206775895168
05:28:47.752704 | 200632 | ALLOC |      4.00 |                76.00 | 3220191 | 386453419060398400
05:28:47.752742 | 200853 | FREE  |      4.00 |                 0.00 | 3678900 |                N/A
05:28:47.752747 | 200848 | FREE  |      4.00 |                60.00 | 3527012 | 636835206775895168
05:28:47.752751 | 200848 | FREE  |      4.00 |                56.00 | 3527011 | 636835206775895168
05:28:47.752811 | 200632 | FREE  |     32.00 |                 0.00 | 3597592 | 386453419060398400
05:28:47.757225 | 200760 | ALLOC |      4.00 |                56.00 | 3561244 |  87649271374118576
05:28:47.757250 | 200880 | FREE  |      4.00 |                 0.00 | 3290747 |                N/A
05:28:47.757253 | 200870 | FREE  |      4.00 |                 0.00 | 3524755 | 764886907736861184
05:28:47.757255 | 200870 | FREE  |      4.00 |                 0.00 | 3728974 | 764886907736861184
05:28:47.757295 | 200760 | FREE  |     32.00 |                 0.00 | 3574144 |  87649271374118576
05:28:47.756896 | 200837 | FREE  |     32.00 |                 0.00 | 3660536 | 809977241386262272
05:28:47.756833 | 200676 | FREE  |     32.00 |                 0.00 | 3597584 | 391200338986263424
05:28:47.757215 | 200669 | FREE  |     32.00 |                 0.00 | 3550968 | 273078355749895200
05:28:47.756867 | 200638 | FREE  |     32.00 |                 0.00 | 3560400 | 886041221535080576
05:28:47.757160 | 200663 | FREE  |     32.00 |                 0.00 | 3657336 | 555477447468886912
05:28:47.757135 | 200863 | FREE  |     32.00 |                 0.00 | 3606032 | 806621659014988672
05:28:47.756931 | 200838 | FREE  |      4.00 |                 0.00 | 3678897 |                N/A
05:28:47.756934 | 200832 | FREE  |      4.00 |                 0.00 | 3290842 | 653174923090909184
05:28:47.756937 | 200832 | FREE  |      4.00 |                 0.00 | 3290841 | 653174923090909184
05:28:47.756990 | 200831 | FREE  |     32.00 |                 0.00 | 3628000 | 710051034486130816
05:28:47.757185 | 200798 | FREE  |     32.00 |                 0.00 | 3643680 | 644551850738674432
05:28:47.757012 | 200756 | FREE  |     32.00 |                 0.00 | 3620216 | 241083423082069984
05:28:47.756919 | 200870 | FREE  |     32.00 |                 0.00 | 3566288 | 764886907736861184
05:28:47.756769 | 200629 | FREE  |     32.00 |                 0.00 | 3660512 | 546881539092688000
05:28:47.757081 | 200778 | FREE  |     32.00 |                 0.00 | 2581272 | 232095291636170656
05:28:47.756737 | 200699 | FREE  |     32.00 |                 0.00 | 3558816 | 1144672601494410496
05:28:47.757053 | 200859 | FREE  |     32.00 |                 0.00 | 3606040 | 903922250823434368
05:28:47.796506 | 200837 | FREE  |      4.00 |                 0.00 | 3470677 | 809977241386262272
05:28:47.796511 | 200832 | FREE  |      4.00 |                 0.00 | 3643688 | 653174923090909184
05:28:47.796514 | 200760 | FREE  |      4.00 |                 0.00 | 3561244 |  87649271374118576
05:28:47.803195 | 200638 | FREE  |      4.00 |                 0.00 | 2040476 | 886041221535080576
05:28:47.803206 | 200848 | FREE  |      4.00 |                 0.00 | 1532424 | 636835206775895168
05:28:47.803209 | 200632 | FREE  |      4.00 |                 0.00 | 3220191 | 386453419060398400
05:28:47.826514 | 9429  | FREE  |     32.00 |               408.00 | 3561848 |                N/A
05:28:47.839842 | 200676 | FREE  |     32.00 |                 0.00 | 3620856 | 391200338986263424
05:28:47.843189 | 9429  | FREE  |     32.00 |               376.00 | 3597616 |                N/A
05:28:47.866531 | 9429  | FREE  |     32.00 |               344.00 | 3545632 |                N/A
05:28:48.676544 | 200678 | FREE  |     32.00 |               100.00 | 3620160 | 386453419060398400,653174923090909184,764886907736861184,87649271374118576,364767072889433600
05:28:49.324732 | 10084 | ALLOC |      4.00 |               424.00 | 3666102 |                N/A
05:28:49.324742 | 10084 | ALLOC |      4.00 |               428.00 | 3517789 |                N/A
05:28:49.327543 | 10084 | ALLOC |     16.00 |               444.00 | 3453936 |                N/A
05:28:49.327579 | 10084 | ALLOC |      4.00 |               448.00 | 2994811 |                N/A
05:28:49.327586 | 10084 | ALLOC |      4.00 |               452.00 | 3153439 |                N/A
05:28:49.327680 | 10084 | FREE  |     16.00 |               436.00 | 3717736 |                N/A
05:28:49.327683 | 10084 | FREE  |      4.00 |               432.00 | 3257643 |                N/A
05:28:49.327685 | 10084 | FREE  |      4.00 |               428.00 | 3666067 |                N/A
05:28:50.324702 | 10123 | ALLOC |      4.00 |               112.00 | 1935842 |                N/A
05:28:50.325587 | 10129 | ALLOC |      4.00 |                64.00 | 3713329 |                N/A
05:28:50.327388 | 10128 | ALLOC |     16.00 |                48.00 | 3733796 |                N/A
05:28:50.327427 | 10128 | ALLOC |      4.00 |                52.00 | 3085280 |                N/A
05:28:50.327434 | 10128 | ALLOC |      4.00 |                56.00 | 3698036 |                N/A
05:28:50.327518 | 10128 | FREE  |     16.00 |                40.00 | 3595096 |                N/A
05:28:50.327521 | 10128 | FREE  |      4.00 |                36.00 | 3720469 |                N/A
05:28:50.327523 | 10128 | FREE  |      4.00 |                32.00 | 3752637 |                N/A
05:28:50.327405 | 10123 | ALLOC |     16.00 |               128.00 | 3717736 |                N/A
05:28:50.327428 | 10123 | ALLOC |      8.00 |               136.00 | 3062112 |                N/A
05:28:50.327435 | 10123 | ALLOC |      4.00 |               140.00 | 2807655 |                N/A
05:28:50.327519 | 10123 | FREE  |     16.00 |               124.00 | 3678320 |                N/A
05:28:50.327522 | 10123 | FREE  |      8.00 |               116.00 | 3525010 |                N/A
05:28:50.327524 | 10123 | FREE  |      4.00 |               112.00 | 3108946 |                N/A
05:28:50.327461 | 10100 | ALLOC |     16.00 |               404.00 | 3668360 |                N/A
05:28:50.327488 | 10100 | ALLOC |      4.00 |               408.00 | 3120740 |                N/A
05:28:50.327494 | 10100 | ALLOC |      4.00 |               412.00 | 3697917 |                N/A
05:28:50.327564 | 10100 | FREE  |     16.00 |               396.00 | 3670480 |                N/A
05:28:50.327567 | 10100 | FREE  |      4.00 |               392.00 | 3707158 |                N/A
05:28:50.327569 | 10100 | FREE  |      4.00 |               388.00 | 3055169 |                N/A
05:28:50.328372 | 10124 | ALLOC |     16.00 |                48.00 | 3726360 |                N/A
05:28:50.328399 | 10124 | ALLOC |      4.00 |                52.00 | 1679407 |                N/A
05:28:50.328405 | 10124 | ALLOC |      4.00 |                56.00 | 1755117 |                N/A
05:28:50.328466 | 10124 | FREE  |     16.00 |                40.00 | 3594932 |                N/A
05:28:50.328469 | 10124 | FREE  |      4.00 |                36.00 | 3683232 |                N/A
05:28:50.328471 | 10124 | FREE  |      4.00 |                32.00 | 3679283 |                N/A
05:28:50.328402 | 10129 | ALLOC |     16.00 |                80.00 | 3733660 |                N/A
05:28:50.328420 | 10129 | ALLOC |      4.00 |                84.00 | 3524985 |                N/A
05:28:50.328426 | 10129 | ALLOC |      4.00 |                88.00 | 3675446 |                N/A
05:28:50.328490 | 10129 | FREE  |     16.00 |                72.00 | 3659584 |                N/A
05:28:50.328493 | 10129 | FREE  |      4.00 |                68.00 | 3746436 |                N/A
05:28:50.328495 | 10129 | FREE  |      4.00 |                64.00 | 2071951 |                N/A
