TIMESTAMP             | TID   | EVENT | SIZE (KB) | CURRENT TID RSS (KB) | PFN | Request-ID | Req-Param
------------------------------------------------------------------------------------------------------------------------------------------------
06:15:06.401246 | 208275 | ALLOC |     32.00 |                32.00 | 3618536 | ComposePost_seq0_8443d3bae3c86841 | 623657488676140544
06:15:06.400912 | 208277 | ALLOC |      4.00 |                 4.00 | 3873734 | ComposePost_seq0_8443d3bae3c86841 | 623657488676140544
06:15:06.400946 | 208277 | ALLOC |     32.00 |                36.00 | 3583096 | ComposePost_seq0_8443d3bae3c86841 | 623657488676140544
06:15:06.401327 | 208277 | FREE  |     32.00 |                 0.00 | 3583096 | ComposePost_seq0_8443d3bae3c86841 | 623657488676140544
06:15:06.401633 | 208283 | ALLOC |      4.00 |                 4.00 | 3873735 | ComposePost_seq0_effbf065c1aec4c8 | 245996811938174976
06:15:06.401662 | 208283 | ALLOC |     32.00 |                36.00 | 3583096 | ComposePost_seq0_effbf065c1aec4c8 | 245996811938174976
06:15:06.401720 | 208286 | ALLOC |     32.00 |                32.00 | 3220848 | ComposeText_seq0_e81ab3f9a247d8b2 | 245996811938174976
06:15:06.400880 | 208276 | ALLOC |      4.00 |                 4.00 | 3929874 | ComposePost_seq0_8443d3bae3c86841 | 623657488676140544
06:15:06.400919 | 208276 | ALLOC |     32.00 |                36.00 | 3606256 | ComposePost_seq0_8443d3bae3c86841 | 623657488676140544
06:15:06.401722 | 208285 | ALLOC |      4.00 |                 4.00 | 3929739 | ComposePost_seq0_effbf065c1aec4c8 | 245996811938174976
06:15:06.401750 | 208285 | ALLOC |     32.00 |                36.00 | 3583160 | ComposePost_seq0_effbf065c1aec4c8 | 245996811938174976
06:15:06.402034 | 208285 | FREE  |     32.00 |                 0.00 | 3583160 | ComposePost_seq0_effbf065c1aec4c8 | 245996811938174976
06:15:06.401389 | 208280 | ALLOC |      4.00 |                 4.00 | 3015099 | ComposePost_seq0_effbf065c1aec4c8 | 245996811938174976
06:15:06.401396 | 208280 | ALLOC |      4.00 |                 8.00 | 3873357 | ComposePost_seq0_effbf065c1aec4c8 | 245996811938174976
06:15:06.401411 | 208280 | ALLOC |      4.00 |                12.00 | 3873358 | ComposePost_seq0_effbf065c1aec4c8 | 245996811938174976
06:15:06.401446 | 208280 | ALLOC |      4.00 |                16.00 | 3622956 | ComposePost_seq0_effbf065c1aec4c8 | 245996811938174976
06:15:06.401451 | 208280 | ALLOC |      4.00 |                20.00 | 3873359 | ComposePost_seq0_effbf065c1aec4c8 | 245996811938174976
06:15:06.401461 | 208280 | ALLOC |      4.00 |                24.00 | 3873360 | ComposePost_seq0_effbf065c1aec4c8 | 245996811938174976
06:15:06.401494 | 208280 | ALLOC |      4.00 |                28.00 | 1519966 | ComposePost_seq0_effbf065c1aec4c8 | 245996811938174976
06:15:06.401499 | 208280 | ALLOC |      4.00 |                32.00 | 3873361 | ComposePost_seq0_effbf065c1aec4c8 | 245996811938174976
06:15:06.401508 | 208280 | ALLOC |      4.00 |                36.00 | 3873362 | ComposePost_seq0_effbf065c1aec4c8 | 245996811938174976
06:15:06.401242 | 208279 | ALLOC |     32.00 |                32.00 | 3550296 | ComposeText_seq0_667851b6c99b35ce | 623657488676140544
06:15:06.401648 | 208279 | FREE  |     32.00 |                 0.00 | 3550296 | ComposeText_seq0_667851b6c99b35ce | 623657488676140544
06:15:06.400798 | 208273 | ALLOC |      4.00 |                 4.00 | 4248469 | ComposePost_seq0_8443d3bae3c86841 | 623657488676140544
06:15:06.400815 | 208273 | ALLOC |      4.00 |                 8.00 | 4248470 | ComposePost_seq0_8443d3bae3c86841 | 623657488676140544
06:15:06.400858 | 208273 | ALLOC |      4.00 |                12.00 | 4248471 | ComposePost_seq0_8443d3bae3c86841 | 623657488676140544
06:15:06.400869 | 208273 | ALLOC |      4.00 |                16.00 | 4248472 | ComposePost_seq0_8443d3bae3c86841 | 623657488676140544
06:15:06.401451 | 208282 | ALLOC |     32.00 |                32.00 | 3604512 | ComposePost_seq0_effbf065c1aec4c8 | 245996811938174976
06:15:06.400815 | 208274 | ALLOC |     32.00 |                32.00 | 3560256 | ComposePost_seq0_8443d3bae3c86841 | 623657488676140544
06:15:06.402159 | 208282 | FREE  |     32.00 |                 0.00 | 3604512 | ComposePost_seq0_effbf065c1aec4c8 | 245996811938174976
06:15:06.401505 | 208284 | ALLOC |      4.00 |                 4.00 | 3929379 | ComposePost_seq0_effbf065c1aec4c8 | 245996811938174976
06:15:06.401540 | 208284 | ALLOC |     32.00 |                36.00 | 2090520 | ComposePost_seq0_effbf065c1aec4c8 | 245996811938174976
06:15:06.401734 | 208287 | ALLOC |     32.00 |                32.00 | 3574744 | ComposeText_seq0_e81ab3f9a247d8b2 | 245996811938174976
06:15:06.401742 | 208284 | FREE  |     32.00 |                 0.00 | 2090520 | ComposePost_seq0_effbf065c1aec4c8 | 245996811938174976
06:15:06.402959 | 208278 | ALLOC |     32.00 |                32.00 | 3556632 | ComposeText_seq0_667851b6c99b35ce | 623657488676140544
06:15:06.403267 | 208278 | FREE  |     32.00 |                 0.00 | 3556632 | ComposeText_seq0_667851b6c99b35ce | 623657488676140544
06:15:06.406621 | 208354 | ALLOC |     32.00 |                32.00 | 2866672 | ComposeText_seq0_9f1ca1612419b7a0 | 879394336510968704
06:15:06.406675 | 208355 | ALLOC |     32.00 |                32.00 | 3565576 | ComposeText_seq0_c97408d655e178a6 | 707743704306764544
06:15:06.406730 | 208357 | ALLOC |     32.00 |                32.00 | 3556632 | ComposeText_seq0_c97408d655e178a6 | 707743704306764544
06:15:06.406870 | 208354 | FREE  |     32.00 |                 0.00 | 2866672 | ComposeText_seq0_9f1ca1612419b7a0 | 879394336510968704
06:15:06.406913 | 208355 | FREE  |     32.00 |                 0.00 | 3565576 | ComposeText_seq0_c97408d655e178a6 | 707743704306764544
06:15:06.408413 | 208357 | FREE  |     32.00 |                 0.00 | 3556632 | ComposeText_seq0_c97408d655e178a6 | 707743704306764544
06:15:06.411461 | 208439 | ALLOC |     32.00 |                32.00 | 3556632 | ComposePost_seq0_203f8f363238ac17 | 537894054951923328
06:15:06.411656 | 208439 | FREE  |     32.00 |                 0.00 | 3556632 | ComposePost_seq0_203f8f363238ac17 | 537894054951923328
06:15:06.411695 | 208423 | ALLOC |      4.00 |                60.00 | 1859824 | ComposePost_seq0_203f8f363238ac17 | 537894054951923328
06:15:06.411701 | 208402 | FREE  |      4.00 |                44.00 | 4251696 | ComposePost_seq0_ee469bd5f1dabd82 | 502908273795594752
06:15:06.411703 | 208402 | FREE  |      4.00 |                40.00 | 4251695 | ComposePost_seq0_ee469bd5f1dabd82 | 502908273795594752
06:15:06.411724 | 208423 | ALLOC |      4.00 |                64.00 | 2866999 | ComposePost_seq0_203f8f363238ac17 | 537894054951923328
06:15:06.411734 | 208327 | FREE  |      4.00 |                 0.00 | 3929482 | ComposePost_seq0_65263f1f049eb769 | 879394336510968704
06:15:06.411737 | 208327 | FREE  |      4.00 |                 0.00 | 3929480 | ComposePost_seq0_65263f1f049eb769 | 879394336510968704
06:15:06.411740 | 208327 | FREE  |      4.00 |                 0.00 | 3929481 | ComposePost_seq0_65263f1f049eb769 | 879394336510968704
06:15:06.411742 | 208327 | FREE  |      4.00 |                 0.00 | 3929479 | ComposePost_seq0_65263f1f049eb769 | 879394336510968704
06:15:06.411745 | 208323 | FREE  |      4.00 |                60.00 | 3719385 | ComposePost_seq0_65263f1f049eb769 | 879394336510968704
06:15:06.411747 | 208323 | FREE  |      4.00 |                56.00 | 4031248 | ComposePost_seq0_65263f1f049eb769 | 879394336510968704
06:15:06.411763 | 208423 | ALLOC |      4.00 |                68.00 | 3467584 | ComposePost_seq0_203f8f363238ac17 | 537894054951923328
06:15:06.411769 | 208305 | FREE  |      4.00 |                 0.00 | 4251117 | ComposePost_seq0_5fc5cdb205b30785 | 224918157079723552
06:15:06.411772 | 208305 | FREE  |      4.00 |                 0.00 | 4251115 | ComposePost_seq0_5fc5cdb205b30785 | 224918157079723552
06:15:06.411775 | 208305 | FREE  |      4.00 |                 0.00 | 4251116 | ComposePost_seq0_5fc5cdb205b30785 | 224918157079723552
06:15:06.411777 | 208305 | FREE  |      4.00 |                 0.00 | 4251114 | ComposePost_seq0_5fc5cdb205b30785 | 224918157079723552
06:15:06.411779 | 208296 | FREE  |      4.00 |                32.00 | 3929474 | ComposePost_seq0_5fc5cdb205b30785 | 224918157079723552
06:15:06.411782 | 208296 | FREE  |      4.00 |                28.00 | 3929469 | ComposePost_seq0_5fc5cdb205b30785 | 224918157079723552
06:15:06.411800 | 208423 | ALLOC |      4.00 |                72.00 | 3467499 | ComposePost_seq0_203f8f363238ac17 | 537894054951923328
06:15:06.411806 | 208342 | FREE  |      4.00 |                 0.00 | 4251693 | ComposePost_seq0_c44979ad70427147 | 256439429708275104
06:15:06.411808 | 208342 | FREE  |      4.00 |                 0.00 | 4251691 | ComposePost_seq0_c44979ad70427147 | 256439429708275104
06:15:06.411812 | 208342 | FREE  |      4.00 |                 0.00 | 4251692 | ComposePost_seq0_c44979ad70427147 | 256439429708275104
06:15:06.411814 | 208342 | FREE  |      4.00 |                 0.00 | 4251690 | ComposePost_seq0_c44979ad70427147 | 256439429708275104
06:15:06.411862 | 208417 | FREE  |     32.00 |                 0.00 | 3568488 | ComposePost_seq0_e47438eb1e22721a | 880946326915043584
06:15:06.411885 | 208413 | ALLOC |      4.00 |                40.00 | 3643691 | ComposePost_seq0_e47438eb1e22721a | 880946326915043584
06:15:06.411892 | 208297 | FREE  |      4.00 |                 0.00 | 3929473 | ComposePost_seq0_50be28a7c7d87e1c | 707743704306764544
06:15:06.411895 | 208297 | FREE  |      4.00 |                 0.00 | 3929471 | ComposePost_seq0_50be28a7c7d87e1c | 707743704306764544
06:15:06.411897 | 208297 | FREE  |      4.00 |                 0.00 | 3929472 | ComposePost_seq0_50be28a7c7d87e1c | 707743704306764544
06:15:06.411900 | 208297 | FREE  |      4.00 |                 0.00 | 3929470 | ComposePost_seq0_50be28a7c7d87e1c | 707743704306764544
06:15:06.411902 | 208295 | FREE  |      4.00 |                44.00 | 4251387 | ComposePost_seq0_50be28a7c7d87e1c | 707743704306764544
06:15:06.411905 | 208295 | FREE  |      4.00 |                40.00 | 4251386 | ComposePost_seq0_50be28a7c7d87e1c | 707743704306764544
06:15:06.412036 | 208444 | ALLOC |      4.00 |                 4.00 | 4251386 | WriteUserTimeline_seq0_9c7b768f9d31ed44 | 925552882500430592
06:15:06.412043 | 208444 | ALLOC |      4.00 |                 8.00 | 4251387 | WriteUserTimeline_seq0_9c7b768f9d31ed44 | 925552882500430592
06:15:06.412077 | 208444 | ALLOC |     32.00 |                40.00 | 3568488 | WriteUserTimeline_seq0_9c7b768f9d31ed44 | 925552882500430592
06:15:06.412466 | 208413 | ALLOC |      4.00 |                44.00 | 3929470 | ComposePost_seq0_e47438eb1e22721a | 880946326915043584
06:15:06.412500 | 208413 | ALLOC |      4.00 |                48.00 | 3929472 | ComposePost_seq0_e47438eb1e22721a | 880946326915043584
06:15:06.412514 | 208413 | ALLOC |      4.00 |                52.00 | 3929471 | ComposePost_seq0_e47438eb1e22721a | 880946326915043584
06:15:06.412803 | 208423 | ALLOC |     32.00 |               100.00 | 3556632 | ComposePost_seq0_203f8f363238ac17 | 537894054951923328
06:15:06.412869 | 208413 | ALLOC |      4.00 |                56.00 | 3929473 | ComposePost_seq0_e47438eb1e22721a | 880946326915043584
06:15:06.413033 | 208464 | ALLOC |      4.00 |                 4.00 | 4251690 | ComposePost_seq0_6edc587933f94905 | 820099444343046144
06:15:06.413119 | 208464 | ALLOC |      4.00 |                 8.00 | 4251692 | ComposePost_seq0_6edc587933f94905 | 820099444343046144
06:15:06.413129 | 208464 | ALLOC |      4.00 |                12.00 | 4251691 | ComposePost_seq0_6edc587933f94905 | 820099444343046144
06:15:06.413235 | 208470 | ALLOC |     32.00 |                32.00 | 3565576 | WriteHomeTimeline_seq0_8c5769a9a0292433 | 925552882500430592
06:15:06.418957 | 208464 | FREE  |      4.00 |                72.00 | 4251692 | ComposePost_seq0_6edc587933f94905 | 820099444343046144
06:15:06.418961 | 208464 | FREE  |      4.00 |                68.00 | 4251691 | ComposePost_seq0_6edc587933f94905 | 820099444343046144
06:15:06.456261 | 208281 | FREE  |      4.00 |                72.00 | 4076882 | ComposePost_seq0_fd27dad4ead2b6a3 | 425182569067808320
06:15:06.456266 | 208423 | FREE  |      4.00 |                92.00 | 1859824 | ComposePost_seq0_203f8f363238ac17 | 537894054951923328
06:15:06.456268 | 208303 | FREE  |      4.00 |                44.00 | 3617973 | ComposePost_seq0_b9b3c6c7e997f3e4 | 1036287228257293056
06:15:06.456271 | 208323 | FREE  |      4.00 |                36.00 | 3606218 | ComposePost_seq0_65263f1f049eb769 | 879394336510968704
06:15:06.456273 | 208423 | FREE  |      4.00 |                88.00 | 2866999 | ComposePost_seq0_203f8f363238ac17 | 537894054951923328
06:15:06.456276 | 208295 | FREE  |      4.00 |                56.00 | 3591574 | ComposePost_seq0_50be28a7c7d87e1c | 707743704306764544
06:15:06.456278 | 208296 | FREE  |      4.00 |                44.00 | 3162087 | ComposePost_seq0_5fc5cdb205b30785 | 224918157079723552
06:15:06.456281 | 208423 | FREE  |      4.00 |                84.00 | 3467584 | ComposePost_seq0_203f8f363238ac17 | 537894054951923328
06:15:06.456283 | 208313 | FREE  |      4.00 |                36.00 | 3605507 | ComposePost_seq0_c44979ad70427147 | 256439429708275104
06:15:06.456285 | 208313 | FREE  |      4.00 |                32.00 | 3617974 | ComposePost_seq0_c44979ad70427147 | 256439429708275104
06:15:06.456287 | 208423 | FREE  |      4.00 |                80.00 | 3467499 | ComposePost_seq0_203f8f363238ac17 | 537894054951923328
06:15:06.456290 | 208295 | FREE  |      4.00 |                52.00 | 3656974 | ComposePost_seq0_50be28a7c7d87e1c | 707743704306764544
06:15:06.456292 | 208413 | FREE  |      4.00 |                84.00 | 3643691 | ComposePost_seq0_e47438eb1e22721a | 880946326915043584
06:15:06.406410 | 208275 | FREE  |     32.00 |                 0.00 | 3618536 | ComposePost_seq0_8443d3bae3c86841 | 623657488676140544
06:15:06.407204 | 208362 | ALLOC |     32.00 |                32.00 | 3618536 | ComposeText_seq0_464226a3d9b95679 | 1036287228257293056
06:15:06.407277 | 208361 | ALLOC |     32.00 |                32.00 | 3620184 | ComposePost_seq0_8443d3bae3c86841 | 623657488676140544
06:15:06.407343 | 208358 | ALLOC |     32.00 |                32.00 | 3583712 | ComposePost_seq0_65263f1f049eb769 | 879394336510968704
06:15:06.407576 | 208358 | FREE  |     32.00 |                 0.00 | 3583712 | ComposePost_seq0_65263f1f049eb769 | 879394336510968704
06:15:06.410118 | 208409 | ALLOC |     32.00 |                32.00 | 3583712 | ComposePost_seq0_ee469bd5f1dabd82 | 502908273795594752
06:15:06.410174 | 208410 | ALLOC |     32.00 |                32.00 | 3467776 | ComposePost_seq0_ee469bd5f1dabd82 | 502908273795594752
06:15:06.410550 | 208410 | FREE  |     32.00 |                 0.00 | 3467776 | ComposePost_seq0_ee469bd5f1dabd82 | 502908273795594752
06:15:06.411035 | 208430 | ALLOC |      4.00 |                 4.00 | 4035827 | WriteUserTimeline_seq0_2571eabd1a1d5f70 | 906889968282656000
06:15:06.411042 | 208430 | ALLOC |      4.00 |                 8.00 | 3697588 | WriteUserTimeline_seq0_2571eabd1a1d5f70 | 906889968282656000
06:15:06.411075 | 208430 | ALLOC |     32.00 |                40.00 | 3467776 | WriteUserTimeline_seq0_2571eabd1a1d5f70 | 906889968282656000
06:15:06.414072 | 208477 | ALLOC |     32.00 |                32.00 | 3648656 | WriteHomeTimeline_seq0_f8f7ee9a274b8688 | 537894054951923328
06:15:06.415472 | 208487 | ALLOC |     32.00 |                32.00 | 3619960 | WriteHomeTimeline_seq0_6792559beee96c4e | 783436030923807232
06:15:06.416912 | 208506 | ALLOC |     32.00 |                32.00 | 3583720 | ComposePost_seq0_996206b8835275fe | 801071469348323712
06:15:06.417868 | 208508 | ALLOC |     32.00 |                32.00 | 3648648 | GetFollowers_seq0_5239d6979eed6ce0 | 438655555353970304
06:15:06.418062 | 208510 | ALLOC |     32.00 |                32.00 | 3629448 | ComposePost_seq0_ab6d607346fa57fd | 482063560448735232
06:15:06.418328 | 208513 | ALLOC |     32.00 |                32.00 | 3546048 | ComposeText_seq0_9fb8f37829d1b698 | 482063560448735232
06:15:06.418337 | 208510 | FREE  |     32.00 |                 0.00 | 3629448 | ComposePost_seq0_ab6d607346fa57fd | 482063560448735232
06:15:06.420382 | 208518 | ALLOC |     32.00 |                32.00 | 3603216 | ComposePost_seq0_824374300f947436 | 369412278488325056
06:15:06.421033 | 208518 | FREE  |     32.00 |                 0.00 | 3603216 | ComposePost_seq0_824374300f947436 | 369412278488325056
06:15:06.421150 | 208523 | FREE  |     32.00 |                 0.00 | 3379128 | ComposePost_seq0_824374300f947436 | 369412278488325056
06:15:06.402722 | 208280 | ALLOC |      8.00 |                44.00 | 3368826 | ComposePost_seq0_effbf065c1aec4c8 | 245996811938174976
06:15:06.402794 | 208280 | ALLOC |      4.00 |                48.00 | 3661032 | ComposePost_seq0_effbf065c1aec4c8 | 245996811938174976
06:15:06.402839 | 208280 | ALLOC |      4.00 |                52.00 | 3599380 | ComposePost_seq0_effbf065c1aec4c8 | 245996811938174976
06:15:06.402866 | 208280 | ALLOC |      4.00 |                56.00 | 3223509 | ComposePost_seq0_effbf065c1aec4c8 | 245996811938174976
06:15:06.402911 | 208280 | ALLOC |      4.00 |                60.00 | 1734077 | ComposePost_seq0_effbf065c1aec4c8 | 245996811938174976
06:15:06.402942 | 208283 | FREE  |     32.00 |                 0.00 | 3583096 | ComposePost_seq0_effbf065c1aec4c8 | 245996811938174976
06:15:06.403402 | 208291 | ALLOC |     32.00 |                32.00 | 3583096 | ComposePost_seq0_fd27dad4ead2b6a3 | 425182569067808320
06:15:06.403547 | 208292 | ALLOC |     32.00 |                32.00 | 3556856 | ComposePost_seq0_fd27dad4ead2b6a3 | 425182569067808320
06:15:06.404829 | 208301 | ALLOC |     32.00 |                32.00 | 2647240 | ComposeText_seq0_64d574c61f103ca2 | 17857845171417736
06:15:06.405033 | 208317 | ALLOC |     32.00 |                32.00 | 3378264 | ComposeMedia_seq0_1f17f3f5ab36a3f3 | 17857845171417736
06:15:06.405147 | 208298 | FREE  |     32.00 |                 0.00 | 3604512 | ComposeText_seq0_997028fdec56ed70 | 425182569067808320
06:15:06.405217 | 208323 | ALLOC |      4.00 |                 4.00 | 3606218 | ComposePost_seq0_65263f1f049eb769 | 879394336510968704
06:15:06.405224 | 208323 | ALLOC |      4.00 |                 8.00 | 4031248 | ComposePost_seq0_65263f1f049eb769 | 879394336510968704
06:15:06.405258 | 208323 | ALLOC |      4.00 |                12.00 | 3719385 | ComposePost_seq0_65263f1f049eb769 | 879394336510968704
06:15:06.405294 | 208323 | ALLOC |      4.00 |                16.00 | 2091857 | ComposePost_seq0_65263f1f049eb769 | 879394336510968704
06:15:06.405300 | 208323 | ALLOC |      4.00 |                20.00 | 3802865 | ComposePost_seq0_65263f1f049eb769 | 879394336510968704
06:15:06.405319 | 208323 | ALLOC |      4.00 |                24.00 | 3992724 | ComposePost_seq0_65263f1f049eb769 | 879394336510968704
06:15:06.405532 | 208326 | ALLOC |      4.00 |                 4.00 | 3992725 | ComposeText_seq0_58f8b9dcb3219366 | 224918157079723552
06:15:06.405544 | 208326 | ALLOC |      4.00 |                 8.00 | 3001012 | ComposeText_seq0_58f8b9dcb3219366 | 224918157079723552
06:15:06.405602 | 208333 | ALLOC |      4.00 |                 4.00 | 3807107 | ComposeText_seq0_58f8b9dcb3219366 | 224918157079723552
06:15:06.405640 | 208333 | ALLOC |      4.00 |                 8.00 | 3781885 | ComposeText_seq0_58f8b9dcb3219366 | 224918157079723552
06:15:06.405647 | 208333 | ALLOC |      4.00 |                12.00 | 3752169 | ComposeText_seq0_58f8b9dcb3219366 | 224918157079723552
06:15:06.405941 | 208338 | ALLOC |     32.00 |                32.00 | 3604512 | ComposeUniqueId_seq0_31f1d869e3a3c3ae | 707743704306764544
06:15:06.406052 | 208340 | ALLOC |     32.00 |                32.00 | 3562016 | ComposeUniqueId_seq0_d6b3d9c7632fcfdb | 17857845171417736
06:15:06.407493 | 208311 | FREE  |      4.00 |                 0.00 | 4251419 | ComposePost_seq0_707a69ea4f36fd3a | 17857845171417736
06:15:06.407496 | 208311 | FREE  |      4.00 |                 0.00 | 4251417 | ComposePost_seq0_707a69ea4f36fd3a | 17857845171417736
06:15:06.407498 | 208311 | FREE  |      4.00 |                 0.00 | 4251418 | ComposePost_seq0_707a69ea4f36fd3a | 17857845171417736
06:15:06.407501 | 208283 | FREE  |      4.00 |                 0.00 | 3873735 | ComposePost_seq0_effbf065c1aec4c8 | 245996811938174976
06:15:06.407517 | 208289 | FREE  |      4.00 |                24.00 | 4251287 | ComposePost_seq0_707a69ea4f36fd3a | 17857845171417736
06:15:06.407519 | 208289 | FREE  |      4.00 |                20.00 | 4251273 | ComposePost_seq0_707a69ea4f36fd3a | 17857845171417736
06:15:06.407529 | 208313 | ALLOC |      4.00 |                52.00 | 3565586 | ComposePost_seq0_c44979ad70427147 | 256439429708275104
06:15:06.407535 | 208296 | FREE  |      4.00 |                56.00 | 4251807 | ComposePost_seq0_5fc5cdb205b30785 | 224918157079723552
06:15:06.407537 | 208296 | FREE  |      4.00 |                52.00 | 4251806 | ComposePost_seq0_5fc5cdb205b30785 | 224918157079723552
06:15:06.407550 | 208313 | ALLOC |      4.00 |                56.00 | 3545731 | ComposePost_seq0_c44979ad70427147 | 256439429708275104
06:15:06.407556 | 208318 | FREE  |      4.00 |                 0.00 | 4251672 | ComposePost_seq0_5fc5cdb205b30785 | 224918157079723552
06:15:06.407558 | 208318 | FREE  |      4.00 |                 0.00 | 4251670 | ComposePost_seq0_5fc5cdb205b30785 | 224918157079723552
06:15:06.407560 | 208318 | FREE  |      4.00 |                 0.00 | 4251671 | ComposePost_seq0_5fc5cdb205b30785 | 224918157079723552
06:15:06.407562 | 208318 | FREE  |      4.00 |                 0.00 | 4251669 | ComposePost_seq0_5fc5cdb205b30785 | 224918157079723552
06:15:06.407564 | 208296 | FREE  |      4.00 |                48.00 | 4251809 | ComposePost_seq0_5fc5cdb205b30785 | 224918157079723552
06:15:06.407566 | 208296 | FREE  |      4.00 |                44.00 | 4251808 | ComposePost_seq0_5fc5cdb205b30785 | 224918157079723552
06:15:06.408484 | 208387 | ALLOC |     32.00 |                32.00 | 3589512 | ComposeText_seq0_bb20ab64f4af23a8 | 906889968282656000
06:15:06.408643 | 208387 | FREE  |     32.00 |                 0.00 | 3589512 | ComposeText_seq0_bb20ab64f4af23a8 | 906889968282656000
06:15:06.408847 | 208390 | ALLOC |     32.00 |                32.00 | 3589512 | StorePost_seq0_1af4ee98e6a89512 | 17857845171417736
06:15:06.409486 | 208374 | ALLOC |      4.00 |                 8.00 | 3573390 | ComposePost_seq0_9881eb134d0202ee | 906889968282656000
06:15:06.409494 | 208324 | FREE  |      4.00 |                 0.00 | 4251824 | ComposePost_seq0_b9b3c6c7e997f3e4 | 1036287228257293056
06:15:06.409497 | 208324 | FREE  |      4.00 |                 0.00 | 4251822 | ComposePost_seq0_b9b3c6c7e997f3e4 | 1036287228257293056
06:15:06.409499 | 208324 | FREE  |      4.00 |                 0.00 | 4251823 | ComposePost_seq0_b9b3c6c7e997f3e4 | 1036287228257293056
06:15:06.409502 | 208324 | FREE  |      4.00 |                 0.00 | 4251820 | ComposePost_seq0_b9b3c6c7e997f3e4 | 1036287228257293056
06:15:06.409504 | 208303 | FREE  |      4.00 |                48.00 | 4251816 | ComposePost_seq0_b9b3c6c7e997f3e4 | 1036287228257293056
06:15:06.409506 | 208303 | FREE  |      4.00 |                44.00 | 4251815 | ComposePost_seq0_b9b3c6c7e997f3e4 | 1036287228257293056
06:15:06.409534 | 208295 | FREE  |      4.00 |                44.00 | 4251812 | ComposePost_seq0_50be28a7c7d87e1c | 707743704306764544
06:15:06.409536 | 208295 | FREE  |      4.00 |                40.00 | 4251805 | ComposePost_seq0_50be28a7c7d87e1c | 707743704306764544
06:15:06.409581 | 208374 | ALLOC |      4.00 |                12.00 | 2014538 | ComposePost_seq0_9881eb134d0202ee | 906889968282656000
06:15:06.409586 | 208295 | FREE  |      4.00 |                36.00 | 4251416 | ComposePost_seq0_50be28a7c7d87e1c | 707743704306764544
06:15:06.409589 | 208295 | FREE  |      4.00 |                32.00 | 4251388 | ComposePost_seq0_50be28a7c7d87e1c | 707743704306764544
06:15:06.409665 | 208376 | ALLOC |      8.00 |                20.00 | 3595338 | ComposePost_seq0_6f02fb0d94fd1b3d | 31315600037345160
06:15:06.409676 | 208376 | ALLOC |      4.00 |                24.00 | 2924801 | ComposePost_seq0_6f02fb0d94fd1b3d | 31315600037345160
06:15:06.409695 | 208376 | ALLOC |      4.00 |                28.00 | 4251388 | ComposePost_seq0_6f02fb0d94fd1b3d | 31315600037345160
06:15:06.409710 | 208376 | ALLOC |      4.00 |                32.00 | 4251416 | ComposePost_seq0_6f02fb0d94fd1b3d | 31315600037345160
06:15:06.409908 | 206746 | ALLOC |      4.00 |                 4.00 | 4251805 | WriteUserTimeline_seq0_5be61321b65b3b11 | 566096028095250496
06:15:06.409985 | 208406 | ALLOC |      4.00 |                 4.00 | 4251812 | ComposePost_seq0_ced7ab160f8a1336 | 783436030923807232
06:15:06.410014 | 208406 | ALLOC |     32.00 |                36.00 | 3573096 | ComposePost_seq0_ced7ab160f8a1336 | 783436030923807232
06:15:06.410328 | 208408 | FREE  |     32.00 |                 0.00 | 3378320 | ComposeText_seq0_539d3510e43807d8 | 783436030923807232
06:15:06.410540 | 208416 | ALLOC |     32.00 |                32.00 | 3378320 | ComposeText_seq0_75413b765cdea8e8 | 502908273795594752
06:15:06.410549 | 208406 | FREE  |     32.00 |                 0.00 | 3573096 | ComposePost_seq0_ced7ab160f8a1336 | 783436030923807232
06:15:06.410700 | 208423 | ALLOC |      4.00 |                 4.00 | 4251815 | ComposePost_seq0_203f8f363238ac17 | 537894054951923328
06:15:06.410728 | 208423 | ALLOC |      4.00 |                 8.00 | 4251816 | ComposePost_seq0_203f8f363238ac17 | 537894054951923328
06:15:06.410738 | 208423 | ALLOC |      4.00 |                12.00 | 4251820 | ComposePost_seq0_203f8f363238ac17 | 537894054951923328
06:15:06.410746 | 208423 | ALLOC |     32.00 |                44.00 | 3573096 | ComposePost_seq0_203f8f363238ac17 | 537894054951923328
06:15:06.410780 | 208423 | ALLOC |      4.00 |                48.00 | 3597416 | ComposePost_seq0_203f8f363238ac17 | 537894054951923328
06:15:06.410784 | 208423 | ALLOC |      4.00 |                52.00 | 4251823 | ComposePost_seq0_203f8f363238ac17 | 537894054951923328
06:15:06.410835 | 208425 | ALLOC |     32.00 |                32.00 | 3648560 | ComposePost_seq0_09a4129648cda8f5 | 475022991964950720
06:15:06.411138 | 208433 | ALLOC |      4.00 |                 4.00 | 3795881 | ComposePost_seq0_203f8f363238ac17 | 537894054951923328
06:15:06.411166 | 208433 | ALLOC |     32.00 |                36.00 | 3559680 | ComposePost_seq0_203f8f363238ac17 | 537894054951923328
06:15:06.411299 | 208433 | FREE  |     32.00 |                 0.00 | 3559680 | ComposePost_seq0_203f8f363238ac17 | 537894054951923328
06:15:06.411344 | 208434 | FREE  |     32.00 |                 0.00 | 3566360 | ComposeText_seq0_744e9191cb411bba | 880946326915043584
06:15:06.413575 | 208472 | ALLOC |     32.00 |                32.00 | 3328384 | WriteHomeTimeline_seq0_2c05745e8dede1ca | 31315600037345160
06:15:06.414466 | 208481 | ALLOC |     32.00 |                32.00 | 3566360 | ComposePost_seq0_92aeacaeb8822d40 | 438655555353970304
06:15:06.414759 | 208472 | ALLOC |      4.00 |                36.00 | 3687798 | WriteHomeTimeline_seq0_2c05745e8dede1ca | 31315600037345160
06:15:06.414836 | 208484 | ALLOC |     32.00 |                32.00 | 3559680 | ComposePost_seq0_7e2c197e1ed7ec34 | 484046191706175360
06:15:06.414929 | 208485 | ALLOC |     32.00 |                32.00 | 3579640 | ComposePost_seq0_6edc587933f94905 | 820099444343046144
06:15:06.415718 | 208481 | FREE  |     32.00 |                 0.00 | 3566360 | ComposePost_seq0_92aeacaeb8822d40 | 438655555353970304
06:15:06.415747 | 208494 | ALLOC |      4.00 |                12.00 | 3454144 | ComposePost_seq0_bab4150af43174ec | 224088125984358432
06:15:06.415800 | 208494 | ALLOC |      4.00 |                16.00 | 3359761 | ComposePost_seq0_bab4150af43174ec | 224088125984358432
06:15:06.415806 | 208494 | ALLOC |      4.00 |                20.00 | 3268802 | ComposePost_seq0_bab4150af43174ec | 224088125984358432
06:15:06.415819 | 208376 | FREE  |      4.00 |                72.00 | 4251388 | ComposePost_seq0_6f02fb0d94fd1b3d | 31315600037345160
06:15:06.415822 | 208376 | FREE  |      4.00 |                68.00 | 4251416 | ComposePost_seq0_6f02fb0d94fd1b3d | 31315600037345160
06:15:06.415825 | 206746 | FREE  |      4.00 |                 0.00 | 4251805 | WriteUserTimeline_seq0_5be61321b65b3b11 | 566096028095250496
06:15:06.415828 | 208406 | FREE  |      4.00 |                 0.00 | 4251812 | ComposePost_seq0_ced7ab160f8a1336 | 783436030923807232
06:15:06.415831 | 208423 | FREE  |      4.00 |               108.00 | 4251823 | ComposePost_seq0_203f8f363238ac17 | 537894054951923328
06:15:06.415833 | 208433 | FREE  |      4.00 |                 0.00 | 3795881 | ComposePost_seq0_203f8f363238ac17 | 537894054951923328
06:15:06.415846 | 208494 | ALLOC |      4.00 |                24.00 | 3795880 | ComposePost_seq0_bab4150af43174ec | 224088125984358432
06:15:06.415854 | 208494 | ALLOC |     32.00 |                56.00 | 3566360 | ComposePost_seq0_bab4150af43174ec | 224088125984358432
06:15:06.415914 | 208485 | FREE  |     32.00 |                 0.00 | 3579640 | ComposePost_seq0_6edc587933f94905 | 820099444343046144
06:15:06.415958 | 208464 | ALLOC |     32.00 |                76.00 | 3579640 | ComposePost_seq0_6edc587933f94905 | 820099444343046144
06:15:06.417668 | 208507 | ALLOC |     32.00 |                32.00 | 3661208 | GetFollowers_seq0_a99bcf4bd0fff660 | 820099444343046144
06:15:06.417747 | 208507 | ALLOC |      4.00 |                36.00 | 3795881 | GetFollowers_seq0_a99bcf4bd0fff660 | 820099444343046144
06:15:06.417999 | 208281 | ALLOC |     32.00 |                76.00 | 3618096 | ComposePost_seq0_ab6d607346fa57fd | 482063560448735232
06:15:06.418105 | 208511 | ALLOC |     32.00 |                32.00 | 3556744 | ComposePost_seq0_ab6d607346fa57fd | 482063560448735232
06:15:06.418285 | 208511 | FREE  |     32.00 |                 0.00 | 3556744 | ComposePost_seq0_ab6d607346fa57fd | 482063560448735232
06:15:06.418339 | 208514 | ALLOC |     32.00 |                32.00 | 3556744 | ComposeText_seq0_9fb8f37829d1b698 | 482063560448735232
06:15:06.418566 | 208514 | FREE  |     32.00 |                 0.00 | 3556744 | ComposeText_seq0_9fb8f37829d1b698 | 482063560448735232
06:15:06.436281 | 208280 | FREE  |      4.00 |                72.00 | 3661032 | ComposePost_seq0_effbf065c1aec4c8 | 245996811938174976
06:15:06.436293 | 208280 | FREE  |      4.00 |                68.00 | 3599380 | ComposePost_seq0_effbf065c1aec4c8 | 245996811938174976
06:15:06.436297 | 208280 | FREE  |      4.00 |                64.00 | 3223509 | ComposePost_seq0_effbf065c1aec4c8 | 245996811938174976
06:15:06.436301 | 208280 | FREE  |      4.00 |                60.00 | 1734077 | ComposePost_seq0_effbf065c1aec4c8 | 245996811938174976
06:15:06.436349 | 208293 | FREE  |      4.00 |                44.00 | 3550668 | ComposePost_seq0_e1ecb42156ff855f | 566096028095250496
06:15:06.436353 | 208313 | FREE  |      4.00 |                52.00 | 3565586 | ComposePost_seq0_c44979ad70427147 | 256439429708275104
06:15:06.436356 | 208296 | FREE  |      4.00 |                56.00 | 3617948 | ComposePost_seq0_5fc5cdb205b30785 | 224918157079723552
06:15:06.436359 | 208313 | FREE  |      4.00 |                48.00 | 3545731 | ComposePost_seq0_c44979ad70427147 | 256439429708275104
06:15:06.436366 | 208296 | FREE  |      4.00 |                48.00 | 3617947 | ComposePost_seq0_5fc5cdb205b30785 | 224918157079723552
06:15:06.436369 | 208374 | FREE  |      4.00 |                52.00 | 3573390 | ComposePost_seq0_9881eb134d0202ee | 906889968282656000
06:15:06.456250 | 208295 | FREE  |      4.00 |                64.00 | 3598302 | ComposePost_seq0_50be28a7c7d87e1c | 707743704306764544
06:15:06.456256 | 208374 | FREE  |      4.00 |                48.00 | 2014538 | ComposePost_seq0_9881eb134d0202ee | 906889968282656000
06:15:06.403384 | 208289 | ALLOC |      4.00 |                 4.00 | 3598086 | ComposePost_seq0_707a69ea4f36fd3a | 17857845171417736
06:15:06.403392 | 208289 | ALLOC |      4.00 |                 8.00 | 4251273 | ComposePost_seq0_707a69ea4f36fd3a | 17857845171417736
06:15:06.403471 | 208289 | ALLOC |      4.00 |                12.00 | 4251287 | ComposePost_seq0_707a69ea4f36fd3a | 17857845171417736
06:15:06.403526 | 208289 | ALLOC |      4.00 |                16.00 | 3598087 | ComposePost_seq0_707a69ea4f36fd3a | 17857845171417736
06:15:06.403530 | 208289 | ALLOC |      4.00 |                20.00 | 4251289 | ComposePost_seq0_707a69ea4f36fd3a | 17857845171417736
06:15:06.403547 | 208289 | ALLOC |      8.00 |                28.00 | 3574682 | ComposePost_seq0_707a69ea4f36fd3a | 17857845171417736
06:15:06.403814 | 208300 | ALLOC |      4.00 |                 4.00 | 4251648 | ComposeText_seq0_64d574c61f103ca2 | 17857845171417736
06:15:06.403851 | 208300 | ALLOC |      4.00 |                 8.00 | 4251649 | ComposeText_seq0_64d574c61f103ca2 | 17857845171417736
06:15:06.403857 | 208300 | ALLOC |      4.00 |                12.00 | 4251650 | ComposeText_seq0_64d574c61f103ca2 | 17857845171417736
06:15:06.403929 | 208286 | FREE  |     32.00 |                 0.00 | 3220848 | ComposeText_seq0_e81ab3f9a247d8b2 | 245996811938174976
06:15:06.404326 | 208300 | ALLOC |     32.00 |                44.00 | 3220848 | ComposeText_seq0_64d574c61f103ca2 | 17857845171417736
06:15:06.404438 | 208289 | ALLOC |      4.00 |                32.00 | 4251663 | ComposePost_seq0_707a69ea4f36fd3a | 17857845171417736
06:15:06.404716 | 208289 | ALLOC |      4.00 |                36.00 | 3660552 | ComposePost_seq0_707a69ea4f36fd3a | 17857845171417736
06:15:06.404724 | 208289 | ALLOC |      4.00 |                40.00 | 4251664 | ComposePost_seq0_707a69ea4f36fd3a | 17857845171417736
06:15:06.404738 | 208289 | ALLOC |      4.00 |                44.00 | 4251665 | ComposePost_seq0_707a69ea4f36fd3a | 17857845171417736
06:15:06.404982 | 208318 | ALLOC |      4.00 |                 4.00 | 4251669 | ComposePost_seq0_5fc5cdb205b30785 | 224918157079723552
06:15:06.405043 | 208318 | ALLOC |      4.00 |                 8.00 | 4251670 | ComposePost_seq0_5fc5cdb205b30785 | 224918157079723552
06:15:06.405064 | 208318 | ALLOC |      4.00 |                12.00 | 4251671 | ComposePost_seq0_5fc5cdb205b30785 | 224918157079723552
06:15:06.405095 | 208318 | ALLOC |      4.00 |                16.00 | 4251672 | ComposePost_seq0_5fc5cdb205b30785 | 224918157079723552
06:15:06.405128 | 208300 | FREE  |     32.00 |                 0.00 | 3220848 | ComposeText_seq0_64d574c61f103ca2 | 17857845171417736
06:15:06.405298 | 208318 | ALLOC |     32.00 |                48.00 | 3220848 | ComposePost_seq0_5fc5cdb205b30785 | 224918157079723552
06:15:06.405352 | 208329 | ALLOC |      4.00 |                 4.00 | 4251673 | ComposePost_seq0_65263f1f049eb769 | 879394336510968704
06:15:06.405450 | 208330 | ALLOC |     32.00 |                32.00 | 3550720 | ComposeText_seq0_c596bf42316a747f | 566096028095250496
06:15:06.405584 | 208331 | ALLOC |     32.00 |                32.00 | 3560000 | ComposeText_seq0_c596bf42316a747f | 566096028095250496
06:15:06.405656 | 208330 | FREE  |     32.00 |                 0.00 | 3550720 | ComposeText_seq0_c596bf42316a747f | 566096028095250496
06:15:06.405795 | 208337 | ALLOC |     32.00 |                32.00 | 3550720 | ComposeText_seq0_58f8b9dcb3219366 | 224918157079723552
06:15:06.405803 | 208331 | FREE  |     32.00 |                 0.00 | 3560000 | ComposeText_seq0_c596bf42316a747f | 566096028095250496
06:15:06.405941 | 208339 | ALLOC |     32.00 |                32.00 | 3560000 | ComposeMedia_seq0_ce3e9c72a4897917 | 224918157079723552
06:15:06.406138 | 208342 | ALLOC |      4.00 |                 4.00 | 4251690 | ComposePost_seq0_c44979ad70427147 | 256439429708275104
06:15:06.406197 | 208342 | ALLOC |      4.00 |                 8.00 | 4251691 | ComposePost_seq0_c44979ad70427147 | 256439429708275104
06:15:06.406214 | 208342 | ALLOC |      4.00 |                12.00 | 4251692 | ComposePost_seq0_c44979ad70427147 | 256439429708275104
06:15:06.406251 | 208342 | ALLOC |      4.00 |                16.00 | 4251693 | ComposePost_seq0_c44979ad70427147 | 256439429708275104
06:15:06.406470 | 208342 | ALLOC |     32.00 |                48.00 | 3606992 | ComposePost_seq0_c44979ad70427147 | 256439429708275104
06:15:06.406529 | 208350 | ALLOC |     32.00 |                32.00 | 3653248 | ComposeText_seq0_9f1ca1612419b7a0 | 879394336510968704
06:15:06.406655 | 208356 | ALLOC |      4.00 |                 4.00 | 4251694 | ComposePost_seq0_65263f1f049eb769 | 879394336510968704
06:15:06.406679 | 208356 | ALLOC |     32.00 |                36.00 | 3566360 | ComposePost_seq0_65263f1f049eb769 | 879394336510968704
06:15:06.406926 | 208360 | FREE  |     32.00 |                 0.00 | 3604520 | ComposeText_seq0_464226a3d9b95679 | 1036287228257293056
06:15:06.407022 | 208309 | FREE  |     32.00 |                 0.00 | 3565864 | ComposePost_seq0_707a69ea4f36fd3a | 17857845171417736
06:15:06.407043 | 208356 | FREE  |     32.00 |                 0.00 | 3566360 | ComposePost_seq0_65263f1f049eb769 | 879394336510968704
06:15:06.407086 | 208364 | ALLOC |     32.00 |                32.00 | 3566360 | ComposeText_seq0_109227509f0ea79d | 256439429708275104
06:15:06.407724 | 208361 | FREE  |     32.00 |                 0.00 | 3620184 | ComposePost_seq0_8443d3bae3c86841 | 623657488676140544
06:15:06.408514 | 208385 | ALLOC |     32.00 |                32.00 | 3620184 | StorePost_seq0_d3b5a175196ac090 | 224918157079723552
06:15:06.410040 | 208402 | ALLOC |      4.00 |                 4.00 | 3795878 | ComposePost_seq0_ee469bd5f1dabd82 | 502908273795594752
06:15:06.410112 | 208402 | ALLOC |      4.00 |                 8.00 | 4251695 | ComposePost_seq0_ee469bd5f1dabd82 | 502908273795594752
06:15:06.410128 | 208402 | ALLOC |      4.00 |                12.00 | 4251696 | ComposePost_seq0_ee469bd5f1dabd82 | 502908273795594752
06:15:06.410139 | 208402 | ALLOC |     32.00 |                44.00 | 3660848 | ComposePost_seq0_ee469bd5f1dabd82 | 502908273795594752
06:15:06.410202 | 208407 | ALLOC |     32.00 |                32.00 | 3565864 | ComposeText_seq0_539d3510e43807d8 | 783436030923807232
06:15:06.410271 | 9429  | ALLOC |      4.00 |                52.00 | 4251697 | - | -
06:15:06.410281 | 9429  | ALLOC |      4.00 |                56.00 | 4251698 | - | -
06:15:06.410520 | 9429  | ALLOC |      4.00 |                60.00 | 4251699 | - | -
06:15:06.410531 | 9429  | ALLOC |      4.00 |                64.00 | 4251700 | - | -
06:15:06.410603 | 9429  | ALLOC |      4.00 |                68.00 | 4251701 | - | -
06:15:06.410613 | 9429  | ALLOC |      4.00 |                72.00 | 4251702 | - | -
06:15:06.410621 | 9429  | ALLOC |     32.00 |               104.00 | 3604520 | - | -
06:15:06.410806 | 208416 | FREE  |     32.00 |                 0.00 | 3378320 | ComposeText_seq0_75413b765cdea8e8 | 502908273795594752
06:15:06.410836 | 208424 | ALLOC |     32.00 |                32.00 | 3378320 | ComposePost_seq0_09a4129648cda8f5 | 475022991964950720
06:15:06.410954 | 208429 | ALLOC |     32.00 |                32.00 | 3570736 | ComposeText_seq0_5edb743a61d3ed1c | 475022991964950720
06:15:06.411125 | 208429 | FREE  |     32.00 |                 0.00 | 3570736 | ComposeText_seq0_5edb743a61d3ed1c | 475022991964950720
06:15:06.411175 | 208435 | ALLOC |     32.00 |                32.00 | 3570736 | ComposeText_seq0_744e9191cb411bba | 880946326915043584
06:15:06.411270 | 208427 | FREE  |     32.00 |                 0.00 | 3583488 | ComposePost_seq0_203f8f363238ac17 | 537894054951923328
06:15:06.412381 | 208445 | ALLOC |     32.00 |                36.00 | 3583488 | GetFollowers_seq0_8de1865c558f80f2 | 566096028095250496
06:15:06.412471 | 208448 | ALLOC |      4.00 |                 4.00 | 4251728 | WriteUserTimeline_seq0_9d2a34ccde64eea2 | 224918157079723552
06:15:06.412478 | 208448 | ALLOC |      4.00 |                 8.00 | 4251729 | WriteUserTimeline_seq0_9d2a34ccde64eea2 | 224918157079723552
06:15:06.412505 | 208448 | ALLOC |     32.00 |                40.00 | 3556448 | WriteUserTimeline_seq0_9d2a34ccde64eea2 | 224918157079723552
06:15:06.412813 | 208452 | ALLOC |     32.00 |                36.00 | 3560328 | GetFollowers_seq0_ebc6a76be906f2f7 | 879394336510968704
06:15:06.413261 | 208448 | ALLOC |      4.00 |                44.00 | 4251730 | WriteUserTimeline_seq0_9d2a34ccde64eea2 | 224918157079723552
06:15:06.414847 | 208466 | FREE  |     32.00 |                 0.00 | 3470376 | ComposePost_seq0_6edc587933f94905 | 820099444343046144
06:15:06.416987 | 8330  | ALLOC |      4.00 |                 4.00 | 4251754 | - | -
06:15:06.417067 | 8330  | ALLOC |      4.00 |                 8.00 | 4251755 | - | -
06:15:06.417762 | 8330  | ALLOC |      4.00 |                12.00 | 4251756 | - | -
06:15:06.418031 | 8330  | ALLOC |      4.00 |                16.00 | 4251757 | - | -
06:15:06.418037 | 8330  | ALLOC |      4.00 |                20.00 | 4251758 | - | -
06:15:06.418041 | 8330  | ALLOC |      4.00 |                24.00 | 4251759 | - | -
06:15:06.418046 | 8330  | ALLOC |      4.00 |                28.00 | 4251760 | - | -
06:15:06.418050 | 8330  | ALLOC |      4.00 |                32.00 | 4251761 | - | -
06:15:06.418095 | 8330  | ALLOC |      4.00 |                36.00 | 4251762 | - | -
06:15:06.418899 | 8330  | ALLOC |      4.00 |                40.00 | 4251763 | - | -
06:15:06.418913 | 8330  | ALLOC |      4.00 |                44.00 | 3444530 | - | -
06:15:06.418917 | 8330  | ALLOC |      4.00 |                48.00 | 4108756 | - | -
06:15:06.418921 | 8330  | ALLOC |      4.00 |                52.00 | 3120622 | - | -
06:15:06.418925 | 8330  | ALLOC |      4.00 |                56.00 | 3454157 | - | -
06:15:06.419204 | 208502 | ALLOC |      4.00 |                84.00 | 3674811 | WriteHomeTimeline_seq0_7442d31d08fc8dbf | 17857845171417736
06:15:06.419805 | 208517 | ALLOC |     32.00 |                32.00 | 3470376 | ComposePost_seq0_824374300f947436 | 369412278488325056
06:15:06.420631 | 8330  | ALLOC |      4.00 |                60.00 | 4230639 | - | -
06:15:06.420651 | 8330  | ALLOC |      4.00 |                64.00 | 4204505 | - | -
06:15:06.404380 | 208276 | FREE  |     32.00 |                 0.00 | 3606256 | ComposePost_seq0_8443d3bae3c86841 | 623657488676140544
06:15:06.407123 | 208365 | ALLOC |     32.00 |                32.00 | 3550776 | ComposeText_seq0_109227509f0ea79d | 256439429708275104
06:15:06.407394 | 208365 | FREE  |     32.00 |                 0.00 | 3550776 | ComposeText_seq0_109227509f0ea79d | 256439429708275104
06:15:06.407460 | 208353 | FREE  |     32.00 |                 0.00 | 3625280 | ComposePost_seq0_fd27dad4ead2b6a3 | 425182569067808320
06:15:06.407622 | 208281 | ALLOC |     32.00 |                52.00 | 3625280 | ComposePost_seq0_fd27dad4ead2b6a3 | 425182569067808320
06:15:06.407837 | 208293 | ALLOC |      4.00 |                20.00 | 4089586 | ComposePost_seq0_e1ecb42156ff855f | 566096028095250496
06:15:06.407844 | 208319 | FREE  |      4.00 |                 0.00 | 4251423 | ComposePost_seq0_5fc5cdb205b30785 | 224918157079723552
06:15:06.407847 | 208319 | FREE  |      4.00 |                 0.00 | 4251421 | ComposePost_seq0_5fc5cdb205b30785 | 224918157079723552
06:15:06.407849 | 208319 | FREE  |      4.00 |                 0.00 | 4251422 | ComposePost_seq0_5fc5cdb205b30785 | 224918157079723552
06:15:06.407852 | 208319 | FREE  |      4.00 |                 0.00 | 4251420 | ComposePost_seq0_5fc5cdb205b30785 | 224918157079723552
06:15:06.407854 | 208296 | FREE  |      4.00 |                40.00 | 4251811 | ComposePost_seq0_5fc5cdb205b30785 | 224918157079723552
06:15:06.407856 | 208296 | FREE  |      4.00 |                36.00 | 4251810 | ComposePost_seq0_5fc5cdb205b30785 | 224918157079723552
06:15:06.407875 | 208293 | ALLOC |      4.00 |                24.00 | 4089587 | ComposePost_seq0_e1ecb42156ff855f | 566096028095250496
06:15:06.407881 | 208329 | FREE  |      4.00 |                 0.00 | 4251673 | ComposePost_seq0_65263f1f049eb769 | 879394336510968704
06:15:06.407883 | 208323 | FREE  |      4.00 |                36.00 | 3992724 | ComposePost_seq0_65263f1f049eb769 | 879394336510968704
06:15:06.407885 | 208323 | FREE  |      4.00 |                32.00 | 3802865 | ComposePost_seq0_65263f1f049eb769 | 879394336510968704
06:15:06.408076 | 208376 | ALLOC |      4.00 |                 4.00 | 3802865 | ComposePost_seq0_6f02fb0d94fd1b3d | 31315600037345160
06:15:06.408125 | 208379 | ALLOC |     32.00 |                32.00 | 3550776 | ComposePost_seq0_9881eb134d0202ee | 906889968282656000
06:15:06.408157 | 208366 | FREE  |     32.00 |                 0.00 | 3560256 | ComposePost_seq0_c44979ad70427147 | 256439429708275104
06:15:06.408174 | 208380 | ALLOC |      4.00 |                 4.00 | 3992724 | ComposePost_seq0_49cb0115b0e811e3 | 925552882500430592
06:15:06.408196 | 208380 | ALLOC |     32.00 |                36.00 | 3560256 | ComposePost_seq0_49cb0115b0e811e3 | 925552882500430592
06:15:06.408249 | 208313 | ALLOC |     32.00 |                88.00 | 3602816 | ComposePost_seq0_c44979ad70427147 | 256439429708275104
06:15:06.408436 | 208376 | ALLOC |      4.00 |                 8.00 | 4251673 | ComposePost_seq0_6f02fb0d94fd1b3d | 31315600037345160
06:15:06.410465 | 206684 | ALLOC |      8.00 |                 8.00 | 3497102 | WriteHomeTimeline_seq0_653aa32b336aea40 | 425182569067808320
06:15:06.410898 | 208374 | ALLOC |     32.00 |                56.00 | 3579192 | ComposePost_seq0_9881eb134d0202ee | 906889968282656000
06:15:06.411996 | 208295 | ALLOC |     32.00 |                72.00 | 3519648 | ComposePost_seq0_50be28a7c7d87e1c | 707743704306764544
06:15:06.413027 | 208458 | ALLOC |      4.00 |                 4.00 | 4069673 | WriteUserTimeline_seq0_77cef78471f2de01 | 1036287228257293056
06:15:06.413035 | 208458 | ALLOC |      4.00 |                 8.00 | 4251810 | WriteUserTimeline_seq0_77cef78471f2de01 | 1036287228257293056
06:15:06.413065 | 208458 | ALLOC |     32.00 |                40.00 | 3631592 | WriteUserTimeline_seq0_77cef78471f2de01 | 1036287228257293056
06:15:06.415147 | 208482 | ALLOC |     32.00 |                32.00 | 3561392 | WriteHomeTimeline_seq0_396991e1734664f3 | 475022991964950720
06:15:06.415949 | 208491 | ALLOC |     32.00 |                32.00 | 3497496 | ComposePost_seq0_996206b8835275fe | 801071469348323712
06:15:06.416257 | 208491 | FREE  |     32.00 |                 0.00 | 3497496 | ComposePost_seq0_996206b8835275fe | 801071469348323712
06:15:06.416752 | 208503 | ALLOC |      4.00 |                36.00 | 3752168 | WriteHomeTimeline_seq0_f1e1b0cd85cd2845 | 502908273795594752
06:15:06.418028 | 208509 | ALLOC |     32.00 |                32.00 | 3497496 | ComposePost_seq0_ab6d607346fa57fd | 482063560448735232
06:15:06.418981 | 208516 | FREE  |     32.00 |                 0.00 | 3497496 | ComposePost_seq0_ab6d607346fa57fd | 482063560448735232
06:15:06.420420 | 208380 | FREE  |      4.00 |                 0.00 | 3992724 | ComposePost_seq0_49cb0115b0e811e3 | 925552882500430592
06:15:06.456282 | 208296 | FREE  |      4.00 |                40.00 | 3617949 | ComposePost_seq0_5fc5cdb205b30785 | 224918157079723552
06:15:06.456286 | 208293 | FREE  |      4.00 |                36.00 | 4089586 | ComposePost_seq0_e1ecb42156ff855f | 566096028095250496
06:15:06.456289 | 208323 | FREE  |      4.00 |                32.00 | 2091857 | ComposePost_seq0_65263f1f049eb769 | 879394336510968704
06:15:06.456292 | 208293 | FREE  |      4.00 |                32.00 | 4089587 | ComposePost_seq0_e1ecb42156ff855f | 566096028095250496
06:15:06.404279 | 208304 | ALLOC |     32.00 |                32.00 | 3437344 | ComposeUserMentions_seq0_337272ece8bd9bd1 | 425182569067808320
06:15:06.412487 | 208455 | ALLOC |      4.00 |                 4.00 | 4252962 | ComposePost_seq0_7e2c197e1ed7ec34 | 484046191706175360
06:15:06.412520 | 208455 | ALLOC |     32.00 |                36.00 | 3561880 | ComposePost_seq0_7e2c197e1ed7ec34 | 484046191706175360
06:15:06.412671 | 208457 | ALLOC |     32.00 |                32.00 | 3618080 | ComposePost_seq0_7e2c197e1ed7ec34 | 484046191706175360
06:15:06.412868 | 208457 | FREE  |     32.00 |                 0.00 | 3618080 | ComposePost_seq0_7e2c197e1ed7ec34 | 484046191706175360
06:15:06.412878 | 208455 | FREE  |     32.00 |                 0.00 | 3561880 | ComposePost_seq0_7e2c197e1ed7ec34 | 484046191706175360
06:15:06.415466 | 208492 | ALLOC |     32.00 |                32.00 | 3618080 | ComposePost_seq0_996206b8835275fe | 801071469348323712
06:15:06.415770 | 208492 | FREE  |     32.00 |                 0.00 | 3618080 | ComposePost_seq0_996206b8835275fe | 801071469348323712
06:15:06.418387 | 208427 | FREE  |      4.00 |                 0.00 | 4252710 | ComposePost_seq0_203f8f363238ac17 | 537894054951923328
06:15:06.418391 | 208423 | FREE  |      4.00 |               104.00 | 4251820 | ComposePost_seq0_203f8f363238ac17 | 537894054951923328
06:15:06.418393 | 208423 | FREE  |      4.00 |               100.00 | 4251816 | ComposePost_seq0_203f8f363238ac17 | 537894054951923328
06:15:06.418409 | 208494 | ALLOC |      4.00 |                60.00 | 3629837 | ComposePost_seq0_bab4150af43174ec | 224088125984358432
06:15:06.418416 | 208456 | FREE  |      4.00 |                 0.00 | 3865243 | ComposePost_seq0_92aeacaeb8822d40 | 438655555353970304
06:15:06.418420 | 208447 | FREE  |      4.00 |               108.00 | 3865242 | ComposePost_seq0_92aeacaeb8822d40 | 438655555353970304
06:15:06.418422 | 208447 | FREE  |      4.00 |               104.00 | 3865241 | ComposePost_seq0_92aeacaeb8822d40 | 438655555353970304
06:15:06.420199 | 208520 | ALLOC |     32.00 |                32.00 | 3565664 | ComposePost_seq0_824374300f947436 | 369412278488325056
06:15:06.420507 | 208520 | FREE  |     32.00 |                 0.00 | 3565664 | ComposePost_seq0_824374300f947436 | 369412278488325056
06:15:06.456276 | 208447 | FREE  |      4.00 |               100.00 | 1149363 | ComposePost_seq0_92aeacaeb8822d40 | 438655555353970304
06:15:06.456282 | 208494 | FREE  |      4.00 |                92.00 | 3629837 | ComposePost_seq0_bab4150af43174ec | 224088125984358432
06:15:06.404321 | 208305 | ALLOC |      4.00 |                 4.00 | 4251114 | ComposePost_seq0_5fc5cdb205b30785 | 224918157079723552
06:15:06.404397 | 208305 | ALLOC |      4.00 |                 8.00 | 4251115 | ComposePost_seq0_5fc5cdb205b30785 | 224918157079723552
06:15:06.404420 | 208305 | ALLOC |      4.00 |                12.00 | 4251116 | ComposePost_seq0_5fc5cdb205b30785 | 224918157079723552
06:15:06.404453 | 208305 | ALLOC |      4.00 |                16.00 | 4251117 | ComposePost_seq0_5fc5cdb205b30785 | 224918157079723552
06:15:06.404665 | 208310 | ALLOC |     32.00 |                32.00 | 3630040 | ComposePost_seq0_50be28a7c7d87e1c | 707743704306764544
06:15:06.404987 | 208314 | ALLOC |      4.00 |                 4.00 | 4251118 | ComposePost_seq0_707a69ea4f36fd3a | 17857845171417736
06:15:06.405051 | 208305 | ALLOC |     32.00 |                48.00 | 3378320 | ComposePost_seq0_5fc5cdb205b30785 | 224918157079723552
06:15:06.405239 | 208314 | ALLOC |      4.00 |                 8.00 | 4251119 | ComposePost_seq0_707a69ea4f36fd3a | 17857845171417736
06:15:06.405245 | 208314 | ALLOC |      4.00 |                12.00 | 4251120 | ComposePost_seq0_707a69ea4f36fd3a | 17857845171417736
06:15:06.405288 | 208314 | ALLOC |      4.00 |                16.00 | 4251121 | ComposePost_seq0_707a69ea4f36fd3a | 17857845171417736
06:15:06.405541 | 9429  | ALLOC |      4.00 |                 4.00 | 4251122 | - | -
06:15:06.405562 | 9429  | ALLOC |      4.00 |                 8.00 | 4251123 | - | -
06:15:06.405694 | 208335 | ALLOC |     32.00 |                32.00 | 3623056 | ComposeCreatorWithUserId_seq0_f07f68d473a4e030 | 17857845171417736
06:15:06.405832 | 208334 | ALLOC |      4.00 |                 4.00 | 4251124 | ComposePost_seq0_49cb0115b0e811e3 | 925552882500430592
06:15:06.405938 | 208314 | ALLOC |     32.00 |                48.00 | 3459696 | ComposePost_seq0_707a69ea4f36fd3a | 17857845171417736
06:15:06.406434 | 208314 | FREE  |      4.00 |                 0.00 | 4251118 | ComposePost_seq0_707a69ea4f36fd3a | 17857845171417736
06:15:06.406437 | 208314 | FREE  |      4.00 |                 0.00 | 4251119 | ComposePost_seq0_707a69ea4f36fd3a | 17857845171417736
06:15:06.406439 | 208314 | FREE  |      4.00 |                 0.00 | 4251120 | ComposePost_seq0_707a69ea4f36fd3a | 17857845171417736
06:15:06.406441 | 208314 | FREE  |      4.00 |                 0.00 | 4251121 | ComposePost_seq0_707a69ea4f36fd3a | 17857845171417736
06:15:06.407136 | 208314 | FREE  |     32.00 |                 0.00 | 3459696 | ComposePost_seq0_707a69ea4f36fd3a | 17857845171417736
06:15:06.408038 | 208371 | ALLOC |     32.00 |                32.00 | 3379080 | ComposeText_seq0_1d004708b245006d | 925552882500430592
06:15:06.408105 | 208377 | ALLOC |     32.00 |                32.00 | 3645960 | ComposePost_seq0_9881eb134d0202ee | 906889968282656000
06:15:06.408266 | 208378 | ALLOC |     32.00 |                32.00 | 3625288 | ComposePost_seq0_9881eb134d0202ee | 906889968282656000
06:15:06.408731 | 206745 | ALLOC |      4.00 |                 4.00 | 4252477 | WriteUserTimeline_seq0_9f43dfde0e54cd9d | 245996811938174976
06:15:06.409018 | 208367 | FREE  |     32.00 |                 0.00 | 3548928 | ComposePost_seq0_49cb0115b0e811e3 | 925552882500430592
06:15:06.409033 | 208378 | FREE  |     32.00 |                 0.00 | 3625288 | ComposePost_seq0_9881eb134d0202ee | 906889968282656000
06:15:06.409066 | 208381 | FREE  |     32.00 |                 0.00 | 3621144 | ComposePost_seq0_49cb0115b0e811e3 | 925552882500430592
06:15:06.409093 | 9429  | ALLOC |      4.00 |                32.00 | 3904586 | - | -
06:15:06.409117 | 208377 | FREE  |     32.00 |                 0.00 | 3645960 | ComposePost_seq0_9881eb134d0202ee | 906889968282656000
06:15:06.409131 | 208376 | ALLOC |      4.00 |                12.00 | 4252478 | ComposePost_seq0_6f02fb0d94fd1b3d | 31315600037345160
06:15:06.409208 | 208379 | FREE  |     32.00 |                 0.00 | 3550776 | ComposePost_seq0_9881eb134d0202ee | 906889968282656000
06:15:06.409237 | 9429  | ALLOC |      4.00 |                36.00 | 4252479 | - | -
06:15:06.409249 | 208368 | FREE  |     32.00 |                 0.00 | 3646240 | ComposePost_seq0_5fc5cdb205b30785 | 224918157079723552
06:15:06.409266 | 208372 | FREE  |     32.00 |                 0.00 | 3566360 | ComposePost_seq0_e1ecb42156ff855f | 566096028095250496
06:15:06.409285 | 208375 | FREE  |     32.00 |                 0.00 | 3568488 | ComposePost_seq0_9881eb134d0202ee | 906889968282656000
06:15:06.409294 | 208380 | FREE  |     32.00 |                 0.00 | 3560256 | ComposePost_seq0_49cb0115b0e811e3 | 925552882500430592
06:15:06.409656 | 9429  | ALLOC |      4.00 |                44.00 | 4252480 | - | -
06:15:06.409682 | 9429  | ALLOC |      4.00 |                48.00 | 4252481 | - | -
06:15:06.409745 | 208403 | ALLOC |      4.00 |                 4.00 | 4252482 | ComposePost_seq0_ced7ab160f8a1336 | 783436030923807232
06:15:06.409771 | 208403 | ALLOC |     32.00 |                36.00 | 3560256 | ComposePost_seq0_ced7ab160f8a1336 | 783436030923807232
06:15:06.409883 | 208404 | ALLOC |      4.00 |                 4.00 | 4252483 | ComposePost_seq0_6f02fb0d94fd1b3d | 31315600037345160
06:15:06.409907 | 208404 | ALLOC |     32.00 |                36.00 | 3568488 | ComposePost_seq0_6f02fb0d94fd1b3d | 31315600037345160
06:15:06.410120 | 208403 | FREE  |     32.00 |                 0.00 | 3560256 | ComposePost_seq0_ced7ab160f8a1336 | 783436030923807232
06:15:06.410167 | 208404 | FREE  |     32.00 |                 0.00 | 3568488 | ComposePost_seq0_6f02fb0d94fd1b3d | 31315600037345160
06:15:06.410633 | 208417 | ALLOC |     32.00 |                32.00 | 3568488 | ComposePost_seq0_e47438eb1e22721a | 880946326915043584
06:15:06.410696 | 208422 | ALLOC |     32.00 |                32.00 | 3560256 | ComposePost_seq0_09a4129648cda8f5 | 475022991964950720
06:15:06.410957 | 208428 | ALLOC |     32.00 |                32.00 | 3566360 | ComposeText_seq0_5edb743a61d3ed1c | 475022991964950720
06:15:06.411111 | 208428 | FREE  |     32.00 |                 0.00 | 3566360 | ComposeText_seq0_5edb743a61d3ed1c | 475022991964950720
06:15:06.411227 | 208434 | ALLOC |     32.00 |                32.00 | 3566360 | ComposeText_seq0_744e9191cb411bba | 880946326915043584
06:15:06.411361 | 208352 | ALLOC |      4.00 |                52.00 | 3904585 | ComposeText_seq0_744e9191cb411bba | 880946326915043584
06:15:06.411369 | 208299 | FREE  |      4.00 |                 0.00 | 4248487 | ComposeText_seq0_997028fdec56ed70 | 425182569067808320
06:15:06.411372 | 208299 | FREE  |      4.00 |                 0.00 | 4248486 | ComposeText_seq0_997028fdec56ed70 | 425182569067808320
06:15:06.411374 | 208299 | FREE  |      4.00 |                 0.00 | 4248485 | ComposeText_seq0_997028fdec56ed70 | 425182569067808320
06:15:06.411445 | 208437 | ALLOC |     32.00 |                32.00 | 3646240 | ComposePost_seq0_ced7ab160f8a1336 | 783436030923807232
06:15:06.413132 | 208459 | FREE  |     32.00 |                 0.00 | 3648560 | ComposeText_seq0_f4dda00d839effd8 | 484046191706175360
06:15:06.413165 | 208469 | ALLOC |      4.00 |                 4.00 | 3788921 | ComposePost_seq0_6edc587933f94905 | 820099444343046144
06:15:06.413191 | 208469 | ALLOC |     32.00 |                36.00 | 3648560 | ComposePost_seq0_6edc587933f94905 | 820099444343046144
06:15:06.413343 | 208469 | FREE  |     32.00 |                 0.00 | 3648560 | ComposePost_seq0_6edc587933f94905 | 820099444343046144
06:15:06.415065 | 9312  | ALLOC |     32.00 |                96.00 | 3640248 | - | -
06:15:06.415139 | 208486 | ALLOC |     32.00 |                32.00 | 3648560 | WriteHomeTimeline_seq0_2c475c92778c52c4 | 224918157079723552
06:15:06.415439 | 208480 | ALLOC |      4.00 |                36.00 | 3830188 | WriteHomeTimeline_seq0_8cdc65a40f802b80 | 707743704306764544
06:15:06.416002 | 208486 | ALLOC |      4.00 |                36.00 | 3736257 | WriteHomeTimeline_seq0_2c475c92778c52c4 | 224918157079723552
06:15:06.416395 | 208486 | ALLOC |      4.00 |                40.00 | 3021737 | WriteHomeTimeline_seq0_2c475c92778c52c4 | 224918157079723552
06:15:06.416814 | 208487 | ALLOC |      4.00 |                36.00 | 3029919 | WriteHomeTimeline_seq0_6792559beee96c4e | 783436030923807232
06:15:06.420580 | 206745 | FREE  |      4.00 |                 0.00 | 4252477 | WriteUserTimeline_seq0_9f43dfde0e54cd9d | 245996811938174976
06:15:06.420585 | 208403 | FREE  |      4.00 |                 0.00 | 4252482 | ComposePost_seq0_ced7ab160f8a1336 | 783436030923807232
06:15:06.420588 | 208404 | FREE  |      4.00 |                 0.00 | 4252483 | ComposePost_seq0_6f02fb0d94fd1b3d | 31315600037345160
06:15:06.420591 | 208469 | FREE  |      4.00 |                 0.00 | 3788921 | ComposePost_seq0_6edc587933f94905 | 820099444343046144
06:15:06.454851 | 9977  | ALLOC |      4.00 |                 4.00 | 1934156 | - | -
06:15:06.454861 | 9977  | ALLOC |      4.00 |                 8.00 | 1764802 | - | -
06:15:06.456305 | 208352 | FREE  |      4.00 |                80.00 | 3904585 | ComposeText_seq0_744e9191cb411bba | 880946326915043584
06:15:06.403976 | 208288 | ALLOC |     32.00 |                32.00 | 3583160 | ComposePost_seq0_effbf065c1aec4c8 | 245996811938174976
06:15:06.404292 | 208293 | ALLOC |      4.00 |                12.00 | 3929741 | ComposePost_seq0_e1ecb42156ff855f | 566096028095250496
06:15:06.404415 | 208306 | ALLOC |      4.00 |                 4.00 | 3929742 | ComposePost_seq0_e1ecb42156ff855f | 566096028095250496
06:15:06.404469 | 208306 | ALLOC |      4.00 |                 8.00 | 3929743 | ComposePost_seq0_e1ecb42156ff855f | 566096028095250496
06:15:06.404627 | 208312 | ALLOC |      4.00 |                 4.00 | 3929744 | ComposePost_seq0_e1ecb42156ff855f | 566096028095250496
06:15:06.404648 | 208312 | ALLOC |      4.00 |                 8.00 | 3929745 | ComposePost_seq0_e1ecb42156ff855f | 566096028095250496
06:15:06.404701 | 208312 | ALLOC |      4.00 |                12.00 | 3929746 | ComposePost_seq0_e1ecb42156ff855f | 566096028095250496
06:15:06.404751 | 208306 | ALLOC |      4.00 |                12.00 | 3929747 | ComposePost_seq0_e1ecb42156ff855f | 566096028095250496
06:15:06.404785 | 208306 | ALLOC |      4.00 |                16.00 | 3929748 | ComposePost_seq0_e1ecb42156ff855f | 566096028095250496
06:15:06.404858 | 208293 | ALLOC |      4.00 |                16.00 | 3550668 | ComposePost_seq0_e1ecb42156ff855f | 566096028095250496
06:15:06.404997 | 208316 | ALLOC |     32.00 |                32.00 | 3574376 | ComposeUserMentions_seq0_09955b7dd0757189 | 17857845171417736
06:15:06.405093 | 208315 | ALLOC |      4.00 |                 4.00 | 3929749 | ComposePost_seq0_5fc5cdb205b30785 | 224918157079723552
06:15:06.405121 | 208315 | ALLOC |     32.00 |                36.00 | 3572976 | ComposePost_seq0_5fc5cdb205b30785 | 224918157079723552
06:15:06.405157 | 208301 | FREE  |     32.00 |                 0.00 | 2647240 | ComposeText_seq0_64d574c61f103ca2 | 17857845171417736
06:15:06.405244 | 208312 | ALLOC |     32.00 |                44.00 | 2647240 | ComposePost_seq0_e1ecb42156ff855f | 566096028095250496
06:15:06.405619 | 208332 | ALLOC |      4.00 |                 4.00 | 3929750 | ComposePost_seq0_e1ecb42156ff855f | 566096028095250496
06:15:06.405676 | 208332 | ALLOC |      4.00 |                 8.00 | 3929751 | ComposePost_seq0_e1ecb42156ff855f | 566096028095250496
06:15:06.405683 | 208332 | ALLOC |      4.00 |                12.00 | 3929752 | ComposePost_seq0_e1ecb42156ff855f | 566096028095250496
06:15:06.405727 | 208332 | ALLOC |      4.00 |                16.00 | 3929753 | ComposePost_seq0_e1ecb42156ff855f | 566096028095250496
06:15:06.405988 | 208337 | FREE  |     32.00 |                 0.00 | 3550720 | ComposeText_seq0_58f8b9dcb3219366 | 224918157079723552
06:15:06.406155 | 208332 | ALLOC |     32.00 |                48.00 | 3550720 | ComposePost_seq0_e1ecb42156ff855f | 566096028095250496
06:15:06.406430 | 208289 | FREE  |      4.00 |                40.00 | 4251665 | ComposePost_seq0_707a69ea4f36fd3a | 17857845171417736
06:15:06.406433 | 208289 | FREE  |      4.00 |                36.00 | 4251664 | ComposePost_seq0_707a69ea4f36fd3a | 17857845171417736
06:15:06.406524 | 208332 | FREE  |     32.00 |                 0.00 | 3550720 | ComposePost_seq0_e1ecb42156ff855f | 566096028095250496
06:15:06.407033 | 208315 | FREE  |     32.00 |                 0.00 | 3572976 | ComposePost_seq0_5fc5cdb205b30785 | 224918157079723552
06:15:06.407329 | 208342 | FREE  |     32.00 |                 0.00 | 3606992 | ComposePost_seq0_c44979ad70427147 | 256439429708275104
06:15:06.407609 | 208349 | FREE  |      4.00 |                 0.00 | 4251444 | ComposePost_seq0_c44979ad70427147 | 256439429708275104
06:15:06.408469 | 208386 | ALLOC |     32.00 |                32.00 | 3595872 | ComposeText_seq0_bb20ab64f4af23a8 | 906889968282656000
06:15:06.408815 | 208386 | FREE  |     32.00 |                 0.00 | 3595872 | ComposeText_seq0_bb20ab64f4af23a8 | 906889968282656000
06:15:06.409250 | 208369 | FREE  |     32.00 |                 0.00 | 3468160 | ComposePost_seq0_65263f1f049eb769 | 879394336510968704
06:15:06.410593 | 208419 | ALLOC |      4.00 |                 4.00 | 4069674 | ComposePost_seq0_09a4129648cda8f5 | 475022991964950720
06:15:06.410639 | 208419 | ALLOC |     32.00 |                36.00 | 3557280 | ComposePost_seq0_09a4129648cda8f5 | 475022991964950720
06:15:06.411066 | 208432 | ALLOC |     32.00 |                32.00 | 3595736 | ComposeText_seq0_90ecf387bcc0def6 | 537894054951923328
06:15:06.411437 | 208293 | FREE  |      4.00 |                52.00 | 3929741 | ComposePost_seq0_e1ecb42156ff855f | 566096028095250496
06:15:06.411440 | 208306 | FREE  |      4.00 |                 0.00 | 3929742 | ComposePost_seq0_e1ecb42156ff855f | 566096028095250496
06:15:06.411443 | 208306 | FREE  |      4.00 |                 0.00 | 3929743 | ComposePost_seq0_e1ecb42156ff855f | 566096028095250496
06:15:06.411446 | 208312 | FREE  |      4.00 |                 0.00 | 3929744 | ComposePost_seq0_e1ecb42156ff855f | 566096028095250496
06:15:06.411449 | 208312 | FREE  |      4.00 |                 0.00 | 3929745 | ComposePost_seq0_e1ecb42156ff855f | 566096028095250496
06:15:06.411452 | 208312 | FREE  |      4.00 |                 0.00 | 3929746 | ComposePost_seq0_e1ecb42156ff855f | 566096028095250496
06:15:06.411455 | 208306 | FREE  |      4.00 |                 0.00 | 3929747 | ComposePost_seq0_e1ecb42156ff855f | 566096028095250496
06:15:06.411458 | 208306 | FREE  |      4.00 |                 0.00 | 3929748 | ComposePost_seq0_e1ecb42156ff855f | 566096028095250496
06:15:06.411460 | 208315 | FREE  |      4.00 |                 0.00 | 3929749 | ComposePost_seq0_5fc5cdb205b30785 | 224918157079723552
06:15:06.411463 | 208332 | FREE  |      4.00 |                 0.00 | 3929750 | ComposePost_seq0_e1ecb42156ff855f | 566096028095250496
06:15:06.411466 | 208332 | FREE  |      4.00 |                 0.00 | 3929751 | ComposePost_seq0_e1ecb42156ff855f | 566096028095250496
06:15:06.411469 | 208332 | FREE  |      4.00 |                 0.00 | 3929752 | ComposePost_seq0_e1ecb42156ff855f | 566096028095250496
06:15:06.411471 | 208332 | FREE  |      4.00 |                 0.00 | 3929753 | ComposePost_seq0_e1ecb42156ff855f | 566096028095250496
06:15:06.412187 | 208446 | ALLOC |      4.00 |                 4.00 | 3929757 | WriteUserTimeline_seq0_327d80b2a2664815 | 707743704306764544
06:15:06.412194 | 208446 | ALLOC |      4.00 |                 8.00 | 3929758 | WriteUserTimeline_seq0_327d80b2a2664815 | 707743704306764544
06:15:06.412228 | 208446 | ALLOC |     32.00 |                40.00 | 3633936 | WriteUserTimeline_seq0_327d80b2a2664815 | 707743704306764544
06:15:06.412875 | 208461 | ALLOC |     32.00 |                32.00 | 3220624 | ComposeText_seq0_f4dda00d839effd8 | 484046191706175360
06:15:06.413207 | 208463 | ALLOC |      4.00 |                 4.00 | 3929759 | WriteUserTimeline_seq0_a9b11b3e788e7604 | 783436030923807232
06:15:06.413214 | 208463 | ALLOC |      4.00 |                 8.00 | 3929760 | WriteUserTimeline_seq0_a9b11b3e788e7604 | 783436030923807232
06:15:06.413243 | 208463 | ALLOC |     32.00 |                40.00 | 3468160 | WriteUserTimeline_seq0_a9b11b3e788e7604 | 783436030923807232
06:15:06.413595 | 208461 | FREE  |     32.00 |                 0.00 | 3220624 | ComposeText_seq0_f4dda00d839effd8 | 484046191706175360
06:15:06.413758 | 208476 | ALLOC |      4.00 |                 4.00 | 3929761 | GetFollowers_seq0_0baf23743e60bfb4 | 31315600037345160
06:15:06.413876 | 208475 | ALLOC |      4.00 |                 4.00 | 3929762 | WriteUserTimeline_seq0_2702822c8ad66977 | 880946326915043584
06:15:06.413882 | 208475 | ALLOC |      4.00 |                 8.00 | 3929763 | WriteUserTimeline_seq0_2702822c8ad66977 | 880946326915043584
06:15:06.413908 | 208475 | ALLOC |     32.00 |                40.00 | 3220624 | WriteUserTimeline_seq0_2702822c8ad66977 | 880946326915043584
06:15:06.414433 | 208478 | ALLOC |     32.00 |                32.00 | 3595872 | ComposeText_seq0_210ca4faba821f27 | 820099444343046144
06:15:06.414516 | 208476 | ALLOC |     32.00 |                36.00 | 3606992 | GetFollowers_seq0_0baf23743e60bfb4 | 31315600037345160
06:15:06.414869 | 208483 | ALLOC |     32.00 |                32.00 | 3572976 | WriteHomeTimeline_seq0_6f6f9236853582bc | 880946326915043584
06:15:06.415043 | 9429  | ALLOC |      4.00 |               144.00 | 3559623 | - | -
06:15:06.415049 | 9429  | ALLOC |      4.00 |               148.00 | 3929764 | - | -
06:15:06.415060 | 9429  | ALLOC |      4.00 |               152.00 | 3929765 | - | -
06:15:06.415075 | 9429  | ALLOC |     32.00 |               184.00 | 3550720 | - | -
06:15:06.415351 | 208489 | ALLOC |      4.00 |                 4.00 | 3929766 | GetFollowers_seq0_2c94fe0dd8e47ca8 | 475022991964950720
06:15:06.415515 | 208483 | ALLOC |      4.00 |                36.00 | 3929767 | WriteHomeTimeline_seq0_6f6f9236853582bc | 880946326915043584
06:15:06.416398 | 208503 | ALLOC |     32.00 |                32.00 | 3560552 | WriteHomeTimeline_seq0_f1e1b0cd85cd2845 | 502908273795594752
06:15:06.416561 | 8093  | ALLOC |      8.00 |                 8.00 | 4090992 | - | -
06:15:06.416745 | 208476 | ALLOC |      4.00 |                40.00 | 3929791 | GetFollowers_seq0_d7bd1f218ceeb601 | 17857845171417736
06:15:06.416755 | 208476 | ALLOC |      4.00 |                44.00 | 3929792 | GetFollowers_seq0_d7bd1f218ceeb601 | 17857845171417736
06:15:06.416760 | 208476 | ALLOC |      4.00 |                48.00 | 3929793 | GetFollowers_seq0_d7bd1f218ceeb601 | 17857845171417736
06:15:06.416861 | 208502 | ALLOC |      4.00 |                36.00 | 3929794 | WriteHomeTimeline_seq0_7442d31d08fc8dbf | 17857845171417736
06:15:06.416870 | 208502 | ALLOC |      4.00 |                40.00 | 3929795 | WriteHomeTimeline_seq0_7442d31d08fc8dbf | 17857845171417736
06:15:06.416882 | 208502 | ALLOC |      4.00 |                44.00 | 3929796 | WriteHomeTimeline_seq0_7442d31d08fc8dbf | 17857845171417736
06:15:06.416909 | 208502 | ALLOC |      4.00 |                48.00 | 3929797 | WriteHomeTimeline_seq0_7442d31d08fc8dbf | 17857845171417736
06:15:06.416944 | 208502 | ALLOC |      4.00 |                52.00 | 3929798 | WriteHomeTimeline_seq0_7442d31d08fc8dbf | 17857845171417736
06:15:06.417257 | 208502 | ALLOC |      4.00 |                56.00 | 3929799 | WriteHomeTimeline_seq0_7442d31d08fc8dbf | 17857845171417736
06:15:06.417276 | 208502 | ALLOC |      4.00 |                60.00 | 3929800 | WriteHomeTimeline_seq0_7442d31d08fc8dbf | 17857845171417736
06:15:06.417356 | 208502 | ALLOC |      4.00 |                64.00 | 3929801 | WriteHomeTimeline_seq0_7442d31d08fc8dbf | 17857845171417736
06:15:06.417439 | 208502 | ALLOC |      4.00 |                68.00 | 3929802 | WriteHomeTimeline_seq0_7442d31d08fc8dbf | 17857845171417736
06:15:06.417559 | 208502 | ALLOC |      4.00 |                72.00 | 4253276 | WriteHomeTimeline_seq0_7442d31d08fc8dbf | 17857845171417736
06:15:06.417626 | 208502 | ALLOC |      4.00 |                76.00 | 4253277 | WriteHomeTimeline_seq0_7442d31d08fc8dbf | 17857845171417736
06:15:06.417727 | 208502 | ALLOC |      4.00 |                80.00 | 4253278 | WriteHomeTimeline_seq0_7442d31d08fc8dbf | 17857845171417736
06:15:06.418104 | 208512 | ALLOC |     32.00 |                32.00 | 3631688 | ComposePost_seq0_ab6d607346fa57fd | 482063560448735232
06:15:06.418487 | 208515 | ALLOC |     32.00 |                32.00 | 3566072 | ComposePost_seq0_bab4150af43174ec | 224088125984358432
06:15:06.404770 | 208296 | ALLOC |      4.00 |                16.00 | 3617947 | ComposePost_seq0_5fc5cdb205b30785 | 224918157079723552
06:15:06.404782 | 208295 | ALLOC |      4.00 |                40.00 | 4251805 | ComposePost_seq0_50be28a7c7d87e1c | 707743704306764544
06:15:06.404813 | 208292 | FREE  |     32.00 |                 0.00 | 3556856 | ComposePost_seq0_fd27dad4ead2b6a3 | 425182569067808320
06:15:06.404832 | 208291 | FREE  |     32.00 |                 0.00 | 3583096 | ComposePost_seq0_fd27dad4ead2b6a3 | 425182569067808320
06:15:06.404850 | 208302 | FREE  |     32.00 |                 0.00 | 3621144 | ComposePost_seq0_fd27dad4ead2b6a3 | 425182569067808320
06:15:06.404864 | 208296 | ALLOC |      4.00 |                20.00 | 4251806 | ComposePost_seq0_5fc5cdb205b30785 | 224918157079723552
06:15:06.404880 | 208296 | ALLOC |      4.00 |                24.00 | 4251807 | ComposePost_seq0_5fc5cdb205b30785 | 224918157079723552
06:15:06.404915 | 208296 | ALLOC |      4.00 |                28.00 | 3617948 | ComposePost_seq0_5fc5cdb205b30785 | 224918157079723552
06:15:06.404921 | 208296 | ALLOC |      4.00 |                32.00 | 4251808 | ComposePost_seq0_5fc5cdb205b30785 | 224918157079723552
06:15:06.404938 | 208296 | ALLOC |      8.00 |                40.00 | 2637042 | ComposePost_seq0_5fc5cdb205b30785 | 224918157079723552
06:15:06.404948 | 208296 | ALLOC |      4.00 |                44.00 | 4251809 | ComposePost_seq0_5fc5cdb205b30785 | 224918157079723552
06:15:06.404975 | 208296 | ALLOC |      4.00 |                48.00 | 3617949 | ComposePost_seq0_5fc5cdb205b30785 | 224918157079723552
06:15:06.404980 | 208296 | ALLOC |      4.00 |                52.00 | 4251810 | ComposePost_seq0_5fc5cdb205b30785 | 224918157079723552
06:15:06.404990 | 208296 | ALLOC |      4.00 |                56.00 | 4251811 | ComposePost_seq0_5fc5cdb205b30785 | 224918157079723552
06:15:06.405036 | 208295 | ALLOC |      4.00 |                44.00 | 4251812 | ComposePost_seq0_50be28a7c7d87e1c | 707743704306764544
06:15:06.405068 | 208295 | ALLOC |      4.00 |                48.00 | 3617958 | ComposePost_seq0_50be28a7c7d87e1c | 707743704306764544
06:15:06.405072 | 208295 | ALLOC |      4.00 |                52.00 | 4251813 | ComposePost_seq0_50be28a7c7d87e1c | 707743704306764544
06:15:06.405083 | 208295 | ALLOC |      4.00 |                56.00 | 4251814 | ComposePost_seq0_50be28a7c7d87e1c | 707743704306764544
06:15:06.405122 | 208303 | ALLOC |      4.00 |                 4.00 | 3617963 | ComposePost_seq0_b9b3c6c7e997f3e4 | 1036287228257293056
06:15:06.405125 | 208303 | ALLOC |      4.00 |                 8.00 | 4251815 | ComposePost_seq0_b9b3c6c7e997f3e4 | 1036287228257293056
06:15:06.405140 | 208303 | ALLOC |      4.00 |                12.00 | 4251816 | ComposePost_seq0_b9b3c6c7e997f3e4 | 1036287228257293056
06:15:06.405182 | 208303 | ALLOC |      4.00 |                16.00 | 3617968 | ComposePost_seq0_b9b3c6c7e997f3e4 | 1036287228257293056
06:15:06.405188 | 208303 | ALLOC |      4.00 |                20.00 | 4251817 | ComposePost_seq0_b9b3c6c7e997f3e4 | 1036287228257293056
06:15:06.405201 | 208303 | ALLOC |      4.00 |                24.00 | 4251818 | ComposePost_seq0_b9b3c6c7e997f3e4 | 1036287228257293056
06:15:06.405234 | 208303 | ALLOC |      4.00 |                28.00 | 3617973 | ComposePost_seq0_b9b3c6c7e997f3e4 | 1036287228257293056
06:15:06.405238 | 208303 | ALLOC |      4.00 |                32.00 | 4251819 | ComposePost_seq0_b9b3c6c7e997f3e4 | 1036287228257293056
06:15:06.405260 | 208324 | ALLOC |      4.00 |                 4.00 | 4251820 | ComposePost_seq0_b9b3c6c7e997f3e4 | 1036287228257293056
06:15:06.405291 | 208325 | ALLOC |      4.00 |                 4.00 | 4251821 | ComposePost_seq0_b9b3c6c7e997f3e4 | 1036287228257293056
06:15:06.405331 | 208313 | ALLOC |      4.00 |                 4.00 | 3617974 | ComposePost_seq0_c44979ad70427147 | 256439429708275104
06:15:06.405377 | 208324 | ALLOC |      4.00 |                 8.00 | 4251822 | ComposePost_seq0_b9b3c6c7e997f3e4 | 1036287228257293056
06:15:06.405396 | 208324 | ALLOC |      4.00 |                12.00 | 4251823 | ComposePost_seq0_b9b3c6c7e997f3e4 | 1036287228257293056
06:15:06.405423 | 208324 | ALLOC |      4.00 |                16.00 | 4251824 | ComposePost_seq0_b9b3c6c7e997f3e4 | 1036287228257293056
06:15:06.405470 | 208293 | ALLOC |      4.00 |                20.00 | 4251825 | ComposePost_seq0_e1ecb42156ff855f | 566096028095250496
06:15:06.405489 | 208293 | ALLOC |      4.00 |                24.00 | 4251826 | ComposePost_seq0_e1ecb42156ff855f | 566096028095250496
06:15:06.405571 | 208325 | ALLOC |      4.00 |                 8.00 | 4252079 | ComposePost_seq0_b9b3c6c7e997f3e4 | 1036287228257293056
06:15:06.405588 | 208325 | ALLOC |      4.00 |                12.00 | 4252080 | ComposePost_seq0_b9b3c6c7e997f3e4 | 1036287228257293056
06:15:06.405616 | 208325 | ALLOC |      4.00 |                16.00 | 4252081 | ComposePost_seq0_b9b3c6c7e997f3e4 | 1036287228257293056
06:15:06.405675 | 208303 | ALLOC |      4.00 |                36.00 | 4252082 | ComposePost_seq0_b9b3c6c7e997f3e4 | 1036287228257293056
06:15:06.405773 | 208329 | ALLOC |      4.00 |                 8.00 | 4252083 | ComposePost_seq0_65263f1f049eb769 | 879394336510968704
06:15:06.405790 | 208329 | ALLOC |      4.00 |                12.00 | 4252084 | ComposePost_seq0_65263f1f049eb769 | 879394336510968704
06:15:06.405820 | 208329 | ALLOC |      4.00 |                16.00 | 4252085 | ComposePost_seq0_65263f1f049eb769 | 879394336510968704
06:15:06.406014 | 208325 | ALLOC |     32.00 |                48.00 | 3621144 | ComposePost_seq0_b9b3c6c7e997f3e4 | 1036287228257293056
06:15:06.406075 | 208313 | ALLOC |      4.00 |                 8.00 | 4252086 | ComposePost_seq0_c44979ad70427147 | 256439429708275104
06:15:06.406097 | 208313 | ALLOC |      4.00 |                12.00 | 4252087 | ComposePost_seq0_c44979ad70427147 | 256439429708275104
06:15:06.406135 | 208313 | ALLOC |      4.00 |                16.00 | 3605507 | ComposePost_seq0_c44979ad70427147 | 256439429708275104
06:15:06.406141 | 208313 | ALLOC |      4.00 |                20.00 | 4252088 | ComposePost_seq0_c44979ad70427147 | 256439429708275104
06:15:06.406154 | 208313 | ALLOC |      4.00 |                24.00 | 4252089 | ComposePost_seq0_c44979ad70427147 | 256439429708275104
06:15:06.406186 | 208313 | ALLOC |      4.00 |                28.00 | 3605512 | ComposePost_seq0_c44979ad70427147 | 256439429708275104
06:15:06.406191 | 208313 | ALLOC |      4.00 |                32.00 | 4252090 | ComposePost_seq0_c44979ad70427147 | 256439429708275104
06:15:06.406207 | 208313 | ALLOC |      4.00 |                36.00 | 4252091 | ComposePost_seq0_c44979ad70427147 | 256439429708275104
06:15:06.406254 | 208313 | ALLOC |      4.00 |                40.00 | 3605517 | ComposePost_seq0_c44979ad70427147 | 256439429708275104
06:15:06.406259 | 208313 | ALLOC |      4.00 |                44.00 | 4252092 | ComposePost_seq0_c44979ad70427147 | 256439429708275104
06:15:06.406278 | 208313 | ALLOC |      4.00 |                48.00 | 4252093 | ComposePost_seq0_c44979ad70427147 | 256439429708275104
06:15:06.406324 | 208324 | ALLOC |     32.00 |                48.00 | 3583096 | ComposePost_seq0_b9b3c6c7e997f3e4 | 1036287228257293056
06:15:06.406375 | 208347 | ALLOC |      4.00 |                 4.00 | 4252094 | ComposePost_seq0_c44979ad70427147 | 256439429708275104
06:15:06.406400 | 208347 | ALLOC |     32.00 |                36.00 | 3556856 | ComposePost_seq0_c44979ad70427147 | 256439429708275104
06:15:06.406543 | 208329 | ALLOC |     32.00 |                48.00 | 3548928 | ComposePost_seq0_65263f1f049eb769 | 879394336510968704
06:15:06.406597 | 208323 | ALLOC |      4.00 |                28.00 | 4252095 | ComposePost_seq0_65263f1f049eb769 | 879394336510968704
06:15:06.406613 | 208323 | ALLOC |      4.00 |                32.00 | 4252096 | ComposePost_seq0_65263f1f049eb769 | 879394336510968704
06:15:06.406778 | 208303 | ALLOC |      8.00 |                44.00 | 1980660 | ComposePost_seq0_b9b3c6c7e997f3e4 | 1036287228257293056
06:15:06.406826 | 208303 | ALLOC |      4.00 |                48.00 | 3605534 | ComposePost_seq0_b9b3c6c7e997f3e4 | 1036287228257293056
06:15:06.406845 | 208310 | FREE  |     32.00 |                 0.00 | 3630040 | ComposePost_seq0_50be28a7c7d87e1c | 707743704306764544
06:15:06.406896 | 208347 | FREE  |     32.00 |                 0.00 | 3556856 | ComposePost_seq0_c44979ad70427147 | 256439429708275104
06:15:06.407073 | 208318 | FREE  |     32.00 |                 0.00 | 3220848 | ComposePost_seq0_5fc5cdb205b30785 | 224918157079723552
06:15:06.407083 | 208305 | FREE  |     32.00 |                 0.00 | 3378320 | ComposePost_seq0_5fc5cdb205b30785 | 224918157079723552
06:15:06.407094 | 208325 | FREE  |     32.00 |                 0.00 | 3621144 | ComposePost_seq0_b9b3c6c7e997f3e4 | 1036287228257293056
06:15:06.407345 | 208362 | FREE  |     32.00 |                 0.00 | 3618536 | ComposeText_seq0_464226a3d9b95679 | 1036287228257293056
06:15:06.407913 | 208303 | ALLOC |      4.00 |                56.00 | 4252097 | ComposePost_seq0_b9b3c6c7e997f3e4 | 1036287228257293056
06:15:06.407956 | 208373 | ALLOC |      4.00 |                 4.00 | 4252098 | ComposePost_seq0_b9b3c6c7e997f3e4 | 1036287228257293056
06:15:06.407983 | 208373 | ALLOC |     32.00 |                36.00 | 3618536 | ComposePost_seq0_b9b3c6c7e997f3e4 | 1036287228257293056
06:15:06.408191 | 208381 | ALLOC |      4.00 |                 4.00 | 4252099 | ComposePost_seq0_49cb0115b0e811e3 | 925552882500430592
06:15:06.408219 | 208381 | ALLOC |     32.00 |                36.00 | 3621144 | ComposePost_seq0_49cb0115b0e811e3 | 925552882500430592
06:15:06.409164 | 208392 | ALLOC |      4.00 |                 4.00 | 3745512 | ComposePost_seq0_6f02fb0d94fd1b3d | 31315600037345160
06:15:06.409188 | 208392 | ALLOC |     32.00 |                36.00 | 3607272 | ComposePost_seq0_6f02fb0d94fd1b3d | 31315600037345160
06:15:06.409448 | 9429  | ALLOC |      4.00 |                40.00 | 3707166 | - | -
06:15:06.409498 | 208395 | ALLOC |     32.00 |                32.00 | 3378320 | ComposeText_seq0_5e69fa8aef75c084 | 31315600037345160
06:15:06.409659 | 208398 | ALLOC |     32.00 |                32.00 | 3220848 | ComposePost_seq0_9881eb134d0202ee | 906889968282656000
06:15:06.409723 | 208399 | ALLOC |     32.00 |                32.00 | 3556856 | ComposePost_seq0_b9b3c6c7e997f3e4 | 1036287228257293056
06:15:06.410149 | 208398 | FREE  |     32.00 |                 0.00 | 3220848 | ComposePost_seq0_9881eb134d0202ee | 906889968282656000
06:15:06.410177 | 208412 | ALLOC |      4.00 |                 4.00 | 3726646 | ComposePost_seq0_ee469bd5f1dabd82 | 502908273795594752
06:15:06.410204 | 208412 | ALLOC |     32.00 |                36.00 | 3220848 | ComposePost_seq0_ee469bd5f1dabd82 | 502908273795594752
06:15:06.410370 | 208414 | ALLOC |     32.00 |                32.00 | 3630040 | ComposePost_seq0_ee469bd5f1dabd82 | 502908273795594752
06:15:06.410463 | 208412 | FREE  |     32.00 |                 0.00 | 3220848 | ComposePost_seq0_ee469bd5f1dabd82 | 502908273795594752
06:15:06.410515 | 208414 | FREE  |     32.00 |                 0.00 | 3630040 | ComposePost_seq0_ee469bd5f1dabd82 | 502908273795594752
06:15:06.411362 | 208436 | ALLOC |     32.00 |                32.00 | 3630040 | ComposePost_seq0_ee469bd5f1dabd82 | 502908273795594752
06:15:06.411882 | 208441 | ALLOC |     32.00 |                32.00 | 3644200 | ComposePost_seq0_203f8f363238ac17 | 537894054951923328
06:15:06.411983 | 208442 | ALLOC |      4.00 |                 4.00 | 4252100 | WriteUserTimeline_seq0_a16cb313ba40bf48 | 31315600037345160
06:15:06.411992 | 208442 | ALLOC |      4.00 |                 8.00 | 4252101 | WriteUserTimeline_seq0_a16cb313ba40bf48 | 31315600037345160
06:15:06.412028 | 208442 | ALLOC |     32.00 |                40.00 | 3220848 | WriteUserTimeline_seq0_a16cb313ba40bf48 | 31315600037345160
06:15:06.412072 | 208419 | ALLOC |      4.00 |                40.00 | 3605535 | ComposePost_seq0_09a4129648cda8f5 | 475022991964950720
06:15:06.412079 | 208423 | FREE  |      4.00 |                68.00 | 4252711 | ComposePost_seq0_203f8f363238ac17 | 537894054951923328
06:15:06.412118 | 208419 | ALLOC |      4.00 |                44.00 | 4252711 | ComposePost_seq0_09a4129648cda8f5 | 475022991964950720
06:15:06.412152 | 208419 | ALLOC |      4.00 |                48.00 | 4252102 | ComposePost_seq0_09a4129648cda8f5 | 475022991964950720
06:15:06.412167 | 208419 | ALLOC |      4.00 |                52.00 | 4252103 | ComposePost_seq0_09a4129648cda8f5 | 475022991964950720
06:15:06.412200 | 208419 | ALLOC |      4.00 |                56.00 | 4252104 | ComposePost_seq0_09a4129648cda8f5 | 475022991964950720
06:15:06.412280 | 208402 | ALLOC |      4.00 |                44.00 | 4252105 | ComposePost_seq0_ee469bd5f1dabd82 | 502908273795594752
06:15:06.412292 | 208325 | FREE  |      4.00 |                 0.00 | 4252079 | ComposePost_seq0_b9b3c6c7e997f3e4 | 1036287228257293056
06:15:06.412295 | 208325 | FREE  |      4.00 |                 0.00 | 4252080 | ComposePost_seq0_b9b3c6c7e997f3e4 | 1036287228257293056
06:15:06.412297 | 208325 | FREE  |      4.00 |                 0.00 | 4252081 | ComposePost_seq0_b9b3c6c7e997f3e4 | 1036287228257293056
06:15:06.412299 | 208303 | FREE  |      4.00 |                72.00 | 4252082 | ComposePost_seq0_b9b3c6c7e997f3e4 | 1036287228257293056
06:15:06.412302 | 208329 | FREE  |      4.00 |                 0.00 | 4252083 | ComposePost_seq0_65263f1f049eb769 | 879394336510968704
06:15:06.412305 | 208329 | FREE  |      4.00 |                 0.00 | 4252084 | ComposePost_seq0_65263f1f049eb769 | 879394336510968704
06:15:06.412307 | 208329 | FREE  |      4.00 |                 0.00 | 4252085 | ComposePost_seq0_65263f1f049eb769 | 879394336510968704
06:15:06.412309 | 208313 | FREE  |      4.00 |                84.00 | 4252086 | ComposePost_seq0_c44979ad70427147 | 256439429708275104
06:15:06.412312 | 208313 | FREE  |      4.00 |                80.00 | 4252087 | ComposePost_seq0_c44979ad70427147 | 256439429708275104
06:15:06.412314 | 208313 | FREE  |      4.00 |                76.00 | 4252088 | ComposePost_seq0_c44979ad70427147 | 256439429708275104
06:15:06.412317 | 208313 | FREE  |      4.00 |                72.00 | 4252089 | ComposePost_seq0_c44979ad70427147 | 256439429708275104
06:15:06.412319 | 208313 | FREE  |      4.00 |                68.00 | 4252090 | ComposePost_seq0_c44979ad70427147 | 256439429708275104
06:15:06.412321 | 208313 | FREE  |      4.00 |                64.00 | 4252091 | ComposePost_seq0_c44979ad70427147 | 256439429708275104
06:15:06.412323 | 208313 | FREE  |      4.00 |                60.00 | 4252092 | ComposePost_seq0_c44979ad70427147 | 256439429708275104
06:15:06.412326 | 208313 | FREE  |      4.00 |                56.00 | 4252093 | ComposePost_seq0_c44979ad70427147 | 256439429708275104
06:15:06.412328 | 208347 | FREE  |      4.00 |                 0.00 | 4252094 | ComposePost_seq0_c44979ad70427147 | 256439429708275104
06:15:06.412331 | 208303 | FREE  |      4.00 |                68.00 | 4252097 | ComposePost_seq0_b9b3c6c7e997f3e4 | 1036287228257293056
06:15:06.412333 | 208373 | FREE  |      4.00 |                 0.00 | 4252098 | ComposePost_seq0_b9b3c6c7e997f3e4 | 1036287228257293056
06:15:06.412336 | 208381 | FREE  |      4.00 |                 0.00 | 4252099 | ComposePost_seq0_49cb0115b0e811e3 | 925552882500430592
06:15:06.412339 | 208412 | FREE  |      4.00 |                 0.00 | 3726646 | ComposePost_seq0_ee469bd5f1dabd82 | 502908273795594752
06:15:06.412371 | 208402 | ALLOC |      4.00 |                48.00 | 3726646 | ComposePost_seq0_ee469bd5f1dabd82 | 502908273795594752
06:15:06.412412 | 208402 | ALLOC |      4.00 |                52.00 | 4252099 | ComposePost_seq0_ee469bd5f1dabd82 | 502908273795594752
06:15:06.412602 | 208419 | ALLOC |     32.00 |                88.00 | 3220496 | ComposePost_seq0_09a4129648cda8f5 | 475022991964950720
06:15:06.412706 | 208402 | ALLOC |     32.00 |                84.00 | 3378240 | ComposePost_seq0_ee469bd5f1dabd82 | 502908273795594752
06:15:06.412921 | 208460 | ALLOC |     32.00 |                32.00 | 3161992 | ComposeText_seq0_a0e83a29a533f256 | 438655555353970304
06:15:06.413144 | 208460 | FREE  |     32.00 |                 0.00 | 3161992 | ComposeText_seq0_a0e83a29a533f256 | 438655555353970304
06:15:06.413653 | 208474 | ALLOC |      4.00 |                 4.00 | 4252098 | WriteUserTimeline_seq0_75331a2dca3aef85 | 502908273795594752
06:15:06.413662 | 208474 | ALLOC |      4.00 |                 8.00 | 4252097 | WriteUserTimeline_seq0_75331a2dca3aef85 | 502908273795594752
06:15:06.413692 | 208474 | ALLOC |     32.00 |                40.00 | 3161992 | WriteUserTimeline_seq0_75331a2dca3aef85 | 502908273795594752
06:15:06.414020 | 208473 | ALLOC |      4.00 |                44.00 | 4252094 | WriteUserTimeline_seq0_72ae1420e004094a | 475022991964950720
06:15:06.415250 | 208484 | FREE  |     32.00 |                 0.00 | 3559680 | ComposePost_seq0_7e2c197e1ed7ec34 | 484046191706175360
06:15:06.415823 | 208489 | ALLOC |      4.00 |                40.00 | 4252093 | GetFollowers_seq0_2c94fe0dd8e47ca8 | 475022991964950720
06:15:06.415830 | 208489 | ALLOC |      4.00 |                44.00 | 4252092 | GetFollowers_seq0_2c94fe0dd8e47ca8 | 475022991964950720
06:15:06.415979 | 208482 | ALLOC |      4.00 |                36.00 | 4252091 | WriteHomeTimeline_seq0_396991e1734664f3 | 475022991964950720
06:15:06.416293 | 208498 | ALLOC |     32.00 |                32.00 | 3559680 | ComposePost_seq0_bab4150af43174ec | 224088125984358432
06:15:06.416676 | 208482 | ALLOC |      4.00 |                40.00 | 4252089 | WriteHomeTimeline_seq0_396991e1734664f3 | 475022991964950720
06:15:06.416689 | 208482 | ALLOC |      4.00 |                44.00 | 4252088 | WriteHomeTimeline_seq0_396991e1734664f3 | 475022991964950720
06:15:06.416783 | 208482 | ALLOC |      4.00 |                48.00 | 4252087 | WriteHomeTimeline_seq0_396991e1734664f3 | 475022991964950720
06:15:06.416870 | 208482 | ALLOC |      4.00 |                52.00 | 4252086 | WriteHomeTimeline_seq0_396991e1734664f3 | 475022991964950720
06:15:06.416990 | 208482 | ALLOC |      4.00 |                56.00 | 4252085 | WriteHomeTimeline_seq0_396991e1734664f3 | 475022991964950720
06:15:06.417050 | 208482 | ALLOC |      4.00 |                60.00 | 4252084 | WriteHomeTimeline_seq0_396991e1734664f3 | 475022991964950720
06:15:06.417146 | 208482 | ALLOC |      4.00 |                64.00 | 4252083 | WriteHomeTimeline_seq0_396991e1734664f3 | 475022991964950720
06:15:06.418365 | 208498 | FREE  |     32.00 |                 0.00 | 3559680 | ComposePost_seq0_bab4150af43174ec | 224088125984358432
06:15:06.418555 | 208509 | FREE  |     32.00 |                 0.00 | 3497496 | ComposePost_seq0_ab6d607346fa57fd | 482063560448735232
06:15:06.418613 | 208516 | ALLOC |     32.00 |                32.00 | 3497496 | ComposePost_seq0_ab6d607346fa57fd | 482063560448735232
06:15:06.419146 | 208494 | ALLOC |      4.00 |                64.00 | 3633645 | ComposePost_seq0_bab4150af43174ec | 224088125984358432
06:15:06.419191 | 208494 | ALLOC |     32.00 |                96.00 | 3559680 | ComposePost_seq0_bab4150af43174ec | 224088125984358432
06:15:06.419228 | 208515 | FREE  |     32.00 |                 0.00 | 3566072 | ComposePost_seq0_bab4150af43174ec | 224088125984358432
06:15:06.439630 | 208423 | FREE  |      4.00 |                96.00 | 3597416 | ComposePost_seq0_203f8f363238ac17 | 537894054951923328
06:15:06.439634 | 208419 | FREE  |      4.00 |               116.00 | 3605535 | ComposePost_seq0_09a4129648cda8f5 | 475022991964950720
06:15:06.459591 | 208303 | FREE  |      4.00 |                40.00 | 3617968 | ComposePost_seq0_b9b3c6c7e997f3e4 | 1036287228257293056
06:15:06.459596 | 208494 | FREE  |      4.00 |                88.00 | 3633645 | ComposePost_seq0_bab4150af43174ec | 224088125984358432
06:15:06.403417 | 208274 | FREE  |     32.00 |                 0.00 | 3560256 | ComposePost_seq0_8443d3bae3c86841 | 623657488676140544
06:15:06.403502 | 208293 | ALLOC |      4.00 |                 4.00 | 3616660 | ComposePost_seq0_e1ecb42156ff855f | 566096028095250496
06:15:06.403507 | 208293 | ALLOC |      4.00 |                 8.00 | 3873363 | ComposePost_seq0_e1ecb42156ff855f | 566096028095250496
06:15:06.403527 | 208294 | ALLOC |      4.00 |                 4.00 | 3873364 | ComposePost_seq0_707a69ea4f36fd3a | 17857845171417736
06:15:06.403562 | 208294 | ALLOC |     32.00 |                36.00 | 3560256 | ComposePost_seq0_707a69ea4f36fd3a | 17857845171417736
06:15:06.405806 | 208328 | ALLOC |     32.00 |                32.00 | 3606240 | ComposeMedia_seq0_49200245ced8c232 | 566096028095250496
06:15:06.406189 | 208341 | ALLOC |     32.00 |                32.00 | 3606264 | ComposeCreatorWithUserId_seq0_b224d1cf50e4f99f | 1036287228257293056
06:15:06.406349 | 208348 | ALLOC |     32.00 |                32.00 | 3639696 | ComposeUniqueId_seq0_2443771aa3894619 | 224918157079723552
06:15:06.406473 | 208345 | FREE  |     32.00 |                 0.00 | 3211648 | ComposePost_seq0_c44979ad70427147 | 256439429708275104
06:15:06.406651 | 208350 | FREE  |     32.00 |                 0.00 | 3653248 | ComposeText_seq0_9f1ca1612419b7a0 | 879394336510968704
06:15:06.406806 | 208343 | ALLOC |     32.00 |                36.00 | 3653248 | ComposeText_seq0_9f1ca1612419b7a0 | 879394336510968704
06:15:06.406888 | 208351 | ALLOC |     32.00 |                36.00 | 3211648 | ComposeText_seq0_c97408d655e178a6 | 707743704306764544
06:15:06.406999 | 9429  | ALLOC |      4.00 |                12.00 | 1101368 | - | -
06:15:06.407016 | 208303 | ALLOC |      4.00 |                52.00 | 3873367 | ComposePost_seq0_b9b3c6c7e997f3e4 | 1036287228257293056
06:15:06.407040 | 208307 | FREE  |     32.00 |                 0.00 | 2090520 | ComposePost_seq0_e1ecb42156ff855f | 566096028095250496
06:15:06.407474 | 208324 | FREE  |     32.00 |                 0.00 | 3583096 | ComposePost_seq0_b9b3c6c7e997f3e4 | 1036287228257293056
06:15:06.407924 | 9429  | ALLOC |      4.00 |                20.00 | 3873368 | - | -
06:15:06.407998 | 9429  | ALLOC |      4.00 |                24.00 | 3873369 | - | -
06:15:06.408009 | 9429  | ALLOC |      4.00 |                28.00 | 3873370 | - | -
06:15:06.408251 | 208383 | ALLOC |      8.00 |                 8.00 | 3560036 | ComposePost_seq0_50be28a7c7d87e1c | 707743704306764544
06:15:06.408549 | 208383 | ALLOC |     32.00 |                40.00 | 3583096 | ComposePost_seq0_50be28a7c7d87e1c | 707743704306764544
06:15:06.409344 | 208293 | ALLOC |      4.00 |                28.00 | 3611705 | ComposePost_seq0_e1ecb42156ff855f | 566096028095250496
06:15:06.409396 | 208293 | ALLOC |     32.00 |                60.00 | 2090520 | ComposePost_seq0_e1ecb42156ff855f | 566096028095250496
06:15:06.410032 | 208374 | ALLOC |      4.00 |                16.00 | 3873371 | ComposePost_seq0_9881eb134d0202ee | 906889968282656000
06:15:06.410077 | 208374 | ALLOC |      4.00 |                20.00 | 3873372 | ComposePost_seq0_9881eb134d0202ee | 906889968282656000
06:15:06.410129 | 208374 | ALLOC |      4.00 |                24.00 | 4252709 | ComposePost_seq0_9881eb134d0202ee | 906889968282656000
06:15:06.410785 | 208427 | ALLOC |      4.00 |                 4.00 | 4252710 | ComposePost_seq0_203f8f363238ac17 | 537894054951923328
06:15:06.410812 | 208427 | ALLOC |     32.00 |                36.00 | 3583488 | ComposePost_seq0_203f8f363238ac17 | 537894054951923328
06:15:06.410853 | 208421 | FREE  |     32.00 |                 0.00 | 3562032 | ComposePost_seq0_e47438eb1e22721a | 880946326915043584
06:15:06.410937 | 208423 | ALLOC |      4.00 |                56.00 | 4252711 | ComposePost_seq0_203f8f363238ac17 | 537894054951923328
06:15:06.410949 | 208280 | FREE  |      4.00 |                88.00 | 3873357 | ComposePost_seq0_effbf065c1aec4c8 | 245996811938174976
06:15:06.410951 | 208280 | FREE  |      4.00 |                84.00 | 3873358 | ComposePost_seq0_effbf065c1aec4c8 | 245996811938174976
06:15:06.410954 | 208280 | FREE  |      4.00 |                80.00 | 3873359 | ComposePost_seq0_effbf065c1aec4c8 | 245996811938174976
06:15:06.410957 | 208280 | FREE  |      4.00 |                76.00 | 3873360 | ComposePost_seq0_effbf065c1aec4c8 | 245996811938174976
06:15:06.410960 | 208293 | FREE  |      4.00 |                56.00 | 3873363 | ComposePost_seq0_e1ecb42156ff855f | 566096028095250496
06:15:06.410963 | 208294 | FREE  |      4.00 |                 0.00 | 3873364 | ComposePost_seq0_707a69ea4f36fd3a | 17857845171417736
06:15:06.410966 | 208303 | FREE  |      4.00 |                44.00 | 3873367 | ComposePost_seq0_b9b3c6c7e997f3e4 | 1036287228257293056
06:15:06.411173 | 208432 | FREE  |     32.00 |                 0.00 | 3595736 | ComposeText_seq0_90ecf387bcc0def6 | 537894054951923328
06:15:06.411272 | 208435 | FREE  |     32.00 |                 0.00 | 3570736 | ComposeText_seq0_744e9191cb411bba | 880946326915043584
06:15:06.411554 | 208438 | FREE  |     32.00 |                 0.00 | 3648560 | ComposePost_seq0_203f8f363238ac17 | 537894054951923328
06:15:06.411875 | 208437 | FREE  |     32.00 |                 0.00 | 3646240 | ComposePost_seq0_ced7ab160f8a1336 | 783436030923807232
06:15:06.411961 | 9621  | ALLOC |     32.00 |                32.00 | 3646240 | - | -
06:15:06.412471 | 208454 | ALLOC |     32.00 |                32.00 | 3648560 | ComposePost_seq0_92aeacaeb8822d40 | 438655555353970304
06:15:06.412744 | 208454 | FREE  |     32.00 |                 0.00 | 3648560 | ComposePost_seq0_92aeacaeb8822d40 | 438655555353970304
06:15:06.412949 | 208459 | ALLOC |     32.00 |                32.00 | 3648560 | ComposeText_seq0_f4dda00d839effd8 | 484046191706175360
06:15:06.413098 | 208413 | ALLOC |     32.00 |                88.00 | 3570736 | ComposePost_seq0_e47438eb1e22721a | 880946326915043584
06:15:06.413204 | 208465 | ALLOC |     32.00 |                32.00 | 3595736 | ComposePost_seq0_92aeacaeb8822d40 | 438655555353970304
06:15:06.413435 | 208473 | ALLOC |      4.00 |                 4.00 | 3873367 | WriteUserTimeline_seq0_72ae1420e004094a | 475022991964950720
06:15:06.413443 | 208473 | ALLOC |      4.00 |                 8.00 | 3873364 | WriteUserTimeline_seq0_72ae1420e004094a | 475022991964950720
06:15:06.413590 | 208473 | ALLOC |     32.00 |                40.00 | 3562032 | WriteUserTimeline_seq0_72ae1420e004094a | 475022991964950720
06:15:06.414002 | 208465 | FREE  |     32.00 |                 0.00 | 3595736 | ComposePost_seq0_92aeacaeb8822d40 | 438655555353970304
06:15:06.414405 | 208447 | ALLOC |     32.00 |                80.00 | 3595736 | ComposePost_seq0_92aeacaeb8822d40 | 438655555353970304
06:15:06.415718 | 208447 | ALLOC |     32.00 |               112.00 | 3625304 | ComposePost_seq0_92aeacaeb8822d40 | 438655555353970304
06:15:06.418291 | 208512 | FREE  |     32.00 |                 0.00 | 3631688 | ComposePost_seq0_ab6d607346fa57fd | 482063560448735232
06:15:06.419549 | 208419 | ALLOC |     32.00 |               120.00 | 3631688 | ComposePost_seq0_824374300f947436 | 369412278488325056
06:15:06.420175 | 208521 | ALLOC |     32.00 |                32.00 | 3564728 | ComposeText_seq0_05a825e2768e7c70 | 369412278488325056
06:15:06.420368 | 208521 | FREE  |     32.00 |                 0.00 | 3564728 | ComposeText_seq0_05a825e2768e7c70 | 369412278488325056
06:15:06.420544 | 208517 | FREE  |     32.00 |                 0.00 | 3470376 | ComposePost_seq0_824374300f947436 | 369412278488325056
06:15:06.436311 | 208303 | FREE  |      4.00 |                64.00 | 3605534 | ComposePost_seq0_b9b3c6c7e997f3e4 | 1036287228257293056
06:15:06.436316 | 208293 | FREE  |      4.00 |                48.00 | 3611705 | ComposePost_seq0_e1ecb42156ff855f | 566096028095250496
06:15:06.403534 | 208281 | ALLOC |      4.00 |                 4.00 | 4076882 | ComposePost_seq0_fd27dad4ead2b6a3 | 425182569067808320
06:15:06.403539 | 208281 | ALLOC |      4.00 |                 8.00 | 4246231 | ComposePost_seq0_fd27dad4ead2b6a3 | 425182569067808320
06:15:06.403563 | 208281 | ALLOC |      8.00 |                16.00 | 3368438 | ComposePost_seq0_fd27dad4ead2b6a3 | 425182569067808320
06:15:06.403573 | 208281 | ALLOC |      4.00 |                20.00 | 4246232 | ComposePost_seq0_fd27dad4ead2b6a3 | 425182569067808320
06:15:06.403839 | 208302 | ALLOC |      4.00 |                 4.00 | 4246233 | ComposePost_seq0_fd27dad4ead2b6a3 | 425182569067808320
06:15:06.403870 | 208302 | ALLOC |     32.00 |                36.00 | 3621144 | ComposePost_seq0_fd27dad4ead2b6a3 | 425182569067808320
06:15:06.406251 | 208344 | ALLOC |     32.00 |                32.00 | 3620824 | ComposeUrls_seq0_39356b7d560449dd | 224918157079723552
06:15:06.407381 | 208294 | FREE  |     32.00 |                 0.00 | 3560256 | ComposePost_seq0_707a69ea4f36fd3a | 17857845171417736
06:15:06.407635 | 208366 | ALLOC |     32.00 |                32.00 | 3560256 | ComposePost_seq0_c44979ad70427147 | 256439429708275104
06:15:06.408050 | 208273 | ALLOC |     32.00 |                32.00 | 3556352 | ComposePost_seq0_8443d3bae3c86841 | 623657488676140544
06:15:06.408191 | 208368 | ALLOC |     32.00 |                32.00 | 3646240 | ComposePost_seq0_5fc5cdb205b30785 | 224918157079723552
06:15:06.408694 | 208384 | ALLOC |     32.00 |                32.00 | 3550296 | ComposePost_seq0_707a69ea4f36fd3a | 17857845171417736
06:15:06.408793 | 208369 | ALLOC |     32.00 |                32.00 | 3468160 | ComposePost_seq0_65263f1f049eb769 | 879394336510968704
06:15:06.409438 | 208394 | ALLOC |     32.00 |                32.00 | 3599872 | ComposeText_seq0_5e69fa8aef75c084 | 31315600037345160
06:15:06.409733 | 208394 | FREE  |     32.00 |                 0.00 | 3599872 | ComposeText_seq0_5e69fa8aef75c084 | 31315600037345160
06:15:06.409794 | 208392 | FREE  |     32.00 |                 0.00 | 3607272 | ComposePost_seq0_6f02fb0d94fd1b3d | 31315600037345160
06:15:06.410148 | 208399 | FREE  |     32.00 |                 0.00 | 3556856 | ComposePost_seq0_b9b3c6c7e997f3e4 | 1036287228257293056
06:15:06.410195 | 208411 | ALLOC |     32.00 |                32.00 | 3556856 | ComposePost_seq0_6f02fb0d94fd1b3d | 31315600037345160
06:15:06.410627 | 208376 | ALLOC |      4.00 |                36.00 | 3630742 | ComposePost_seq0_6f02fb0d94fd1b3d | 31315600037345160
06:15:06.410679 | 208411 | FREE  |     32.00 |                 0.00 | 3556856 | ComposePost_seq0_6f02fb0d94fd1b3d | 31315600037345160
06:15:06.410690 | 208376 | ALLOC |      4.00 |                40.00 | 3636984 | ComposePost_seq0_6f02fb0d94fd1b3d | 31315600037345160
06:15:06.410738 | 208376 | ALLOC |      4.00 |                44.00 | 4246235 | ComposePost_seq0_6f02fb0d94fd1b3d | 31315600037345160
06:15:06.410786 | 208426 | ALLOC |     32.00 |                32.00 | 3556856 | ComposePost_seq0_09a4129648cda8f5 | 475022991964950720
06:15:06.411040 | 208426 | FREE  |     32.00 |                 0.00 | 3556856 | ComposePost_seq0_09a4129648cda8f5 | 475022991964950720
06:15:06.411079 | 9429  | ALLOC |      4.00 |               108.00 | 3905333 | - | -
06:15:06.411118 | 208409 | FREE  |     32.00 |                 0.00 | 3583712 | ComposePost_seq0_ee469bd5f1dabd82 | 502908273795594752
06:15:06.411205 | 208424 | FREE  |     32.00 |                 0.00 | 3378320 | ComposePost_seq0_09a4129648cda8f5 | 475022991964950720
06:15:06.411245 | 208420 | FREE  |     32.00 |                 0.00 | 3526152 | ComposePost_seq0_e47438eb1e22721a | 880946326915043584
06:15:06.411258 | 208401 | FREE  |     32.00 |                 0.00 | 3647176 | ComposePost_seq0_ced7ab160f8a1336 | 783436030923807232
06:15:06.411286 | 208402 | ALLOC |      4.00 |                48.00 | 3560896 | ComposePost_seq0_ee469bd5f1dabd82 | 502908273795594752
06:15:06.411338 | 208422 | FREE  |     32.00 |                 0.00 | 3560256 | ComposePost_seq0_09a4129648cda8f5 | 475022991964950720
06:15:06.411350 | 208425 | FREE  |     32.00 |                 0.00 | 3648560 | ComposePost_seq0_09a4129648cda8f5 | 475022991964950720
06:15:06.411425 | 208438 | ALLOC |     32.00 |                32.00 | 3648560 | ComposePost_seq0_203f8f363238ac17 | 537894054951923328
06:15:06.411490 | 208440 | ALLOC |     32.00 |                32.00 | 3560256 | ComposePost_seq0_09a4129648cda8f5 | 475022991964950720
06:15:06.411840 | 208376 | ALLOC |     32.00 |                76.00 | 3647176 | ComposePost_seq0_6f02fb0d94fd1b3d | 31315600037345160
06:15:06.412132 | 208445 | ALLOC |      4.00 |                 4.00 | 4246236 | GetFollowers_seq0_8de1865c558f80f2 | 566096028095250496
06:15:06.412399 | 208441 | FREE  |     32.00 |                 0.00 | 3644200 | ComposePost_seq0_203f8f363238ac17 | 537894054951923328
06:15:06.412517 | 208452 | ALLOC |      4.00 |                 4.00 | 4246237 | GetFollowers_seq0_ebc6a76be906f2f7 | 879394336510968704
06:15:06.412588 | 208453 | ALLOC |     32.00 |                32.00 | 3644200 | ComposePost_seq0_7e2c197e1ed7ec34 | 484046191706175360
06:15:06.412727 | 208453 | FREE  |     32.00 |                 0.00 | 3644200 | ComposePost_seq0_7e2c197e1ed7ec34 | 484046191706175360
06:15:06.413491 | 208430 | ALLOC |      4.00 |                44.00 | 4246238 | WriteUserTimeline_seq0_9a93a7fcb0238613 | 537894054951923328
06:15:06.413591 | 208423 | ALLOC |      4.00 |               104.00 | 4246239 | ComposePost_seq0_203f8f363238ac17 | 537894054951923328
06:15:06.413628 | 208423 | ALLOC |      4.00 |               108.00 | 4246240 | ComposePost_seq0_203f8f363238ac17 | 537894054951923328
06:15:06.413677 | 208423 | ALLOC |      4.00 |               112.00 | 4246241 | ComposePost_seq0_203f8f363238ac17 | 537894054951923328
06:15:06.414872 | 208464 | ALLOC |     32.00 |                44.00 | 3644200 | ComposePost_seq0_6edc587933f94905 | 820099444343046144
06:15:06.415476 | 208493 | ALLOC |     32.00 |                32.00 | 3526152 | ComposePost_seq0_996206b8835275fe | 801071469348323712
06:15:06.415685 | 208495 | ALLOC |     32.00 |                32.00 | 3378320 | ComposeText_seq0_6bb5a46c6d8952aa | 801071469348323712
06:15:06.415885 | 208495 | FREE  |     32.00 |                 0.00 | 3378320 | ComposeText_seq0_6bb5a46c6d8952aa | 801071469348323712
06:15:06.415929 | 208501 | ALLOC |     32.00 |                32.00 | 3378320 | ComposePost_seq0_bab4150af43174ec | 224088125984358432
06:15:06.416089 | 208501 | FREE  |     32.00 |                 0.00 | 3378320 | ComposePost_seq0_bab4150af43174ec | 224088125984358432
06:15:06.416274 | 208499 | ALLOC |      4.00 |                36.00 | 4246242 | WriteHomeTimeline_seq0_f301f43224c18820 | 1036287228257293056
06:15:06.416825 | 208488 | ALLOC |      4.00 |                40.00 | 3629923 | ComposePost_seq0_996206b8835275fe | 801071469348323712
06:15:06.416835 | 208356 | FREE  |      4.00 |                 0.00 | 4251694 | ComposePost_seq0_65263f1f049eb769 | 879394336510968704
06:15:06.416838 | 208323 | FREE  |      4.00 |                52.00 | 4252096 | ComposePost_seq0_65263f1f049eb769 | 879394336510968704
06:15:06.416841 | 208323 | FREE  |      4.00 |                48.00 | 4252095 | ComposePost_seq0_65263f1f049eb769 | 879394336510968704
06:15:06.417508 | 208281 | FREE  |      4.00 |                48.00 | 4246231 | ComposePost_seq0_fd27dad4ead2b6a3 | 425182569067808320
06:15:06.417511 | 208281 | FREE  |      4.00 |                44.00 | 4246232 | ComposePost_seq0_fd27dad4ead2b6a3 | 425182569067808320
06:15:06.417513 | 208302 | FREE  |      4.00 |                 0.00 | 4246233 | ComposePost_seq0_fd27dad4ead2b6a3 | 425182569067808320
06:15:06.420419 | 208519 | FREE  |     32.00 |                 0.00 | 3606256 | ComposePost_seq0_824374300f947436 | 369412278488325056
06:15:06.436361 | 208334 | FREE  |      4.00 |                48.00 | 3597730 | ComposePost_seq0_49cb0115b0e811e3 | 925552882500430592
06:15:06.436366 | 208402 | FREE  |      4.00 |                80.00 | 3560896 | ComposePost_seq0_ee469bd5f1dabd82 | 502908273795594752
06:15:06.456251 | 208303 | FREE  |      4.00 |                48.00 | 3617963 | ComposePost_seq0_b9b3c6c7e997f3e4 | 1036287228257293056
06:15:06.456257 | 208289 | FREE  |      4.00 |                48.00 | 3660552 | ComposePost_seq0_707a69ea4f36fd3a | 17857845171417736
06:15:06.456260 | 208488 | FREE  |      4.00 |                68.00 | 3629923 | ComposePost_seq0_996206b8835275fe | 801071469348323712
06:15:06.403579 | 208295 | ALLOC |      4.00 |                 4.00 | 3656974 | ComposePost_seq0_50be28a7c7d87e1c | 707743704306764544
06:15:06.403596 | 208295 | ALLOC |      4.00 |                 8.00 | 4251386 | ComposePost_seq0_50be28a7c7d87e1c | 707743704306764544
06:15:06.403613 | 208295 | ALLOC |      4.00 |                12.00 | 4251387 | ComposePost_seq0_50be28a7c7d87e1c | 707743704306764544
06:15:06.403647 | 208295 | ALLOC |      4.00 |                16.00 | 3591574 | ComposePost_seq0_50be28a7c7d87e1c | 707743704306764544
06:15:06.403651 | 208295 | ALLOC |      4.00 |                20.00 | 4251388 | ComposePost_seq0_50be28a7c7d87e1c | 707743704306764544
06:15:06.404458 | 208295 | ALLOC |      8.00 |                28.00 | 2647590 | ComposePost_seq0_50be28a7c7d87e1c | 707743704306764544
06:15:06.404473 | 208295 | ALLOC |      4.00 |                32.00 | 4251416 | ComposePost_seq0_50be28a7c7d87e1c | 707743704306764544
06:15:06.404584 | 208311 | ALLOC |      4.00 |                 4.00 | 4251417 | ComposePost_seq0_707a69ea4f36fd3a | 17857845171417736
06:15:06.404605 | 208311 | ALLOC |      4.00 |                 8.00 | 4251418 | ComposePost_seq0_707a69ea4f36fd3a | 17857845171417736
06:15:06.404638 | 208311 | ALLOC |      4.00 |                12.00 | 4251419 | ComposePost_seq0_707a69ea4f36fd3a | 17857845171417736
06:15:06.404689 | 208295 | ALLOC |      4.00 |                36.00 | 3598302 | ComposePost_seq0_50be28a7c7d87e1c | 707743704306764544
06:15:06.404840 | 208311 | ALLOC |     32.00 |                44.00 | 3519680 | ComposePost_seq0_707a69ea4f36fd3a | 17857845171417736
06:15:06.405030 | 208319 | ALLOC |      4.00 |                 4.00 | 4251420 | ComposePost_seq0_5fc5cdb205b30785 | 224918157079723552
06:15:06.405088 | 208319 | ALLOC |      4.00 |                 8.00 | 4251421 | ComposePost_seq0_5fc5cdb205b30785 | 224918157079723552
06:15:06.405095 | 208319 | ALLOC |      4.00 |                12.00 | 4251422 | ComposePost_seq0_5fc5cdb205b30785 | 224918157079723552
06:15:06.405133 | 208320 | ALLOC |     32.00 |                32.00 | 3472064 | ComposePost_seq0_50be28a7c7d87e1c | 707743704306764544
06:15:06.405140 | 208311 | FREE  |     32.00 |                 0.00 | 3519680 | ComposePost_seq0_707a69ea4f36fd3a | 17857845171417736
06:15:06.405558 | 208319 | ALLOC |      4.00 |                16.00 | 4251423 | ComposePost_seq0_5fc5cdb205b30785 | 224918157079723552
06:15:06.405715 | 208336 | ALLOC |      4.00 |                 4.00 | 4251424 | ComposePost_seq0_b9b3c6c7e997f3e4 | 1036287228257293056
06:15:06.405744 | 208336 | ALLOC |     32.00 |                36.00 | 3519680 | ComposePost_seq0_b9b3c6c7e997f3e4 | 1036287228257293056
06:15:06.406172 | 208343 | ALLOC |      4.00 |                 4.00 | 4251442 | ComposeText_seq0_9f1ca1612419b7a0 | 879394336510968704
06:15:06.406240 | 208345 | ALLOC |      4.00 |                 4.00 | 4251443 | ComposePost_seq0_c44979ad70427147 | 256439429708275104
06:15:06.406271 | 208345 | ALLOC |     32.00 |                36.00 | 3211648 | ComposePost_seq0_c44979ad70427147 | 256439429708275104
06:15:06.406497 | 208349 | ALLOC |      4.00 |                 4.00 | 4251444 | ComposePost_seq0_c44979ad70427147 | 256439429708275104
06:15:06.406523 | 208349 | ALLOC |     32.00 |                36.00 | 3629344 | ComposePost_seq0_c44979ad70427147 | 256439429708275104
06:15:06.408351 | 208349 | FREE  |     32.00 |                 0.00 | 3629344 | ComposePost_seq0_c44979ad70427147 | 256439429708275104
06:15:06.408928 | 208391 | ALLOC |     32.00 |                32.00 | 3573584 | StorePost_seq0_0bd9ed06d58d0455 | 879394336510968704
06:15:06.409707 | 208401 | ALLOC |     32.00 |                32.00 | 3647176 | ComposePost_seq0_ced7ab160f8a1336 | 783436030923807232
06:15:06.410169 | 208397 | ALLOC |      8.00 |                52.00 | 3635114 | ComposePost_seq0_ced7ab160f8a1336 | 783436030923807232
06:15:06.410202 | 208397 | ALLOC |      4.00 |                56.00 | 3470503 | ComposePost_seq0_ced7ab160f8a1336 | 783436030923807232
06:15:06.410479 | 208413 | ALLOC |      4.00 |                 4.00 | 3924669 | ComposePost_seq0_e47438eb1e22721a | 880946326915043584
06:15:06.410569 | 208413 | ALLOC |     32.00 |                36.00 | 3583912 | ComposePost_seq0_e47438eb1e22721a | 880946326915043584
06:15:06.410626 | 208421 | ALLOC |     32.00 |                32.00 | 3562032 | ComposePost_seq0_e47438eb1e22721a | 880946326915043584
06:15:06.411046 | 208431 | ALLOC |     32.00 |                32.00 | 3660824 | ComposeText_seq0_90ecf387bcc0def6 | 537894054951923328
06:15:06.411316 | 208431 | FREE  |     32.00 |                 0.00 | 3660824 | ComposeText_seq0_90ecf387bcc0def6 | 537894054951923328
06:15:06.411916 | 208440 | FREE  |     32.00 |                 0.00 | 3560256 | ComposePost_seq0_09a4129648cda8f5 | 475022991964950720
06:15:06.411965 | 208443 | ALLOC |     32.00 |                32.00 | 3560256 | ComposePost_seq0_e47438eb1e22721a | 880946326915043584
06:15:06.412313 | 208443 | FREE  |     32.00 |                 0.00 | 3560256 | ComposePost_seq0_e47438eb1e22721a | 880946326915043584
06:15:06.413323 | 208471 | ALLOC |      4.00 |                 4.00 | 4054126 | WriteUserTimeline_seq0_951d3fe8bace1312 | 17857845171417736
06:15:06.413332 | 208471 | ALLOC |      4.00 |                 8.00 | 3787768 | WriteUserTimeline_seq0_951d3fe8bace1312 | 17857845171417736
06:15:06.413363 | 208471 | ALLOC |     32.00 |                40.00 | 3560256 | WriteUserTimeline_seq0_951d3fe8bace1312 | 17857845171417736
06:15:06.413670 | 208451 | FREE  |     32.00 |                 0.00 | 3379080 | ComposePost_seq0_92aeacaeb8822d40 | 438655555353970304
06:15:06.414226 | 208470 | ALLOC |      4.00 |                36.00 | 3787769 | WriteHomeTimeline_seq0_8c5769a9a0292433 | 925552882500430592
06:15:06.414337 | 208479 | ALLOC |     32.00 |                32.00 | 3379080 | ComposeText_seq0_210ca4faba821f27 | 820099444343046144
06:15:06.414603 | 9312  | ALLOC |     32.00 |                64.00 | 3660824 | - | -
06:15:06.414769 | 208477 | ALLOC |      4.00 |                36.00 | 4251553 | WriteHomeTimeline_seq0_f8f7ee9a274b8688 | 537894054951923328
06:15:06.415320 | 208488 | ALLOC |      4.00 |                 4.00 | 4251554 | ComposePost_seq0_996206b8835275fe | 801071469348323712
06:15:06.415396 | 208488 | ALLOC |     32.00 |                36.00 | 3559832 | ComposePost_seq0_996206b8835275fe | 801071469348323712
06:15:06.415482 | 9429  | ALLOC |      4.00 |               188.00 | 4251555 | - | -
06:15:06.415501 | 9429  | ALLOC |      4.00 |               192.00 | 4251556 | - | -
06:15:06.416176 | 208493 | FREE  |     32.00 |                 0.00 | 3526152 | ComposePost_seq0_996206b8835275fe | 801071469348323712
06:15:06.419600 | 208519 | ALLOC |     32.00 |                32.00 | 3606256 | ComposePost_seq0_824374300f947436 | 369412278488325056
06:15:06.459565 | 208289 | FREE  |      4.00 |                44.00 | 3598087 | ComposePost_seq0_707a69ea4f36fd3a | 17857845171417736
06:15:06.459571 | 208397 | FREE  |      4.00 |                64.00 | 3470503 | ComposePost_seq0_ced7ab160f8a1336 | 783436030923807232
06:15:06.403704 | 208299 | ALLOC |      4.00 |                 4.00 | 4248485 | ComposeText_seq0_997028fdec56ed70 | 425182569067808320
06:15:06.403747 | 208299 | ALLOC |      4.00 |                 8.00 | 4248486 | ComposeText_seq0_997028fdec56ed70 | 425182569067808320
06:15:06.403754 | 208299 | ALLOC |      4.00 |                12.00 | 4248487 | ComposeText_seq0_997028fdec56ed70 | 425182569067808320
06:15:06.410502 | 208415 | ALLOC |     32.00 |                32.00 | 3562864 | ComposeText_seq0_75413b765cdea8e8 | 502908273795594752
06:15:06.412603 | 208415 | FREE  |     32.00 |                 0.00 | 3562864 | ComposeText_seq0_75413b765cdea8e8 | 502908273795594752
06:15:06.416704 | 208504 | ALLOC |     32.00 |                32.00 | 3562864 | ComposeText_seq0_e6c8e0b32c95c9ba | 224088125984358432
06:15:06.416868 | 208504 | FREE  |     32.00 |                 0.00 | 3562864 | ComposeText_seq0_e6c8e0b32c95c9ba | 224088125984358432
06:15:06.420194 | 208522 | ALLOC |     32.00 |                32.00 | 3562864 | ComposeText_seq0_05a825e2768e7c70 | 369412278488325056
06:15:06.460847 | 9979  | ALLOC |      4.00 |                 4.00 | 3805132 | - | -
06:15:06.460856 | 9979  | ALLOC |      4.00 |                 8.00 | 3769565 | - | -
06:15:06.460861 | 9979  | ALLOC |      4.00 |                12.00 | 2946275 | - | -
06:15:06.403393 | 208290 | ALLOC |     32.00 |                32.00 | 3625280 | ComposePost_seq0_fd27dad4ead2b6a3 | 425182569067808320
06:15:06.403696 | 208298 | ALLOC |     32.00 |                32.00 | 3604512 | ComposeText_seq0_997028fdec56ed70 | 425182569067808320
06:15:06.406087 | 208333 | ALLOC |     32.00 |                44.00 | 4089840 | ComposeText_seq0_58f8b9dcb3219366 | 224918157079723552
06:15:06.406238 | 208319 | ALLOC |     32.00 |                48.00 | 3604520 | ComposePost_seq0_5fc5cdb205b30785 | 224918157079723552
06:15:06.406335 | 208333 | FREE  |     32.00 |                 0.00 | 4089840 | ComposeText_seq0_58f8b9dcb3219366 | 224918157079723552
06:15:06.406536 | 208290 | FREE  |     32.00 |                 0.00 | 3625280 | ComposePost_seq0_fd27dad4ead2b6a3 | 425182569067808320
06:15:06.406615 | 208353 | ALLOC |     32.00 |                32.00 | 3625280 | ComposePost_seq0_fd27dad4ead2b6a3 | 425182569067808320
06:15:06.406655 | 208319 | FREE  |     32.00 |                 0.00 | 3604520 | ComposePost_seq0_5fc5cdb205b30785 | 224918157079723552
06:15:06.406741 | 208360 | ALLOC |     32.00 |                32.00 | 3604520 | ComposeText_seq0_464226a3d9b95679 | 1036287228257293056
06:15:06.406829 | 208359 | ALLOC |     32.00 |                32.00 | 3571320 | ComposeCreatorWithUserId_seq0_b026ef4adcdfecd1 | 879394336510968704
06:15:06.407197 | 208364 | FREE  |     32.00 |                 0.00 | 3566360 | ComposeText_seq0_109227509f0ea79d | 256439429708275104
06:15:06.407219 | 208329 | FREE  |     32.00 |                 0.00 | 3548928 | ComposePost_seq0_65263f1f049eb769 | 879394336510968704
06:15:06.407623 | 208367 | ALLOC |      4.00 |                 4.00 | 3849812 | ComposePost_seq0_49cb0115b0e811e3 | 925552882500430592
06:15:06.407657 | 208367 | ALLOC |     32.00 |                36.00 | 3548928 | ComposePost_seq0_49cb0115b0e811e3 | 925552882500430592
06:15:06.408248 | 208372 | ALLOC |     32.00 |                32.00 | 3566360 | ComposePost_seq0_e1ecb42156ff855f | 566096028095250496
06:15:06.408486 | 208382 | FREE  |     32.00 |                 0.00 | 3379080 | ComposePost_seq0_49cb0115b0e811e3 | 925552882500430592
06:15:06.409594 | 208393 | FREE  |     32.00 |                 0.00 | 3548568 | ComposePost_seq0_6f02fb0d94fd1b3d | 31315600037345160
06:15:06.409690 | 208400 | ALLOC |     32.00 |                32.00 | 3548568 | ComposePost_seq0_6f02fb0d94fd1b3d | 31315600037345160
06:15:06.409732 | 208395 | FREE  |     32.00 |                 0.00 | 3378320 | ComposeText_seq0_5e69fa8aef75c084 | 31315600037345160
06:15:06.409823 | 208405 | ALLOC |      4.00 |                 4.00 | 3849811 | ComposePost_seq0_ced7ab160f8a1336 | 783436030923807232
06:15:06.409850 | 208405 | ALLOC |     32.00 |                36.00 | 3378320 | ComposePost_seq0_ced7ab160f8a1336 | 783436030923807232
06:15:06.409913 | 208396 | FREE  |     32.00 |                 0.00 | 3526152 | ComposePost_seq0_49cb0115b0e811e3 | 925552882500430592
06:15:06.409938 | 208397 | ALLOC |      4.00 |                44.00 | 3865240 | ComposePost_seq0_ced7ab160f8a1336 | 783436030923807232
06:15:06.410013 | 208400 | FREE  |     32.00 |                 0.00 | 3548568 | ComposePost_seq0_6f02fb0d94fd1b3d | 31315600037345160
06:15:06.410100 | 208405 | FREE  |     32.00 |                 0.00 | 3378320 | ComposePost_seq0_ced7ab160f8a1336 | 783436030923807232
06:15:06.410186 | 208408 | ALLOC |     32.00 |                32.00 | 3378320 | ComposeText_seq0_539d3510e43807d8 | 783436030923807232
06:15:06.410568 | 208418 | ALLOC |     32.00 |                32.00 | 3548568 | ComposePost_seq0_e47438eb1e22721a | 880946326915043584
06:15:06.410697 | 208420 | ALLOC |     32.00 |                32.00 | 3526152 | ComposePost_seq0_e47438eb1e22721a | 880946326915043584
06:15:06.410895 | 208418 | FREE  |     32.00 |                 0.00 | 3548568 | ComposePost_seq0_e47438eb1e22721a | 880946326915043584
06:15:06.412046 | 9805  | ALLOC |     32.00 |                32.00 | 3583496 | - | -
06:15:06.412106 | 9429  | ALLOC |      4.00 |               116.00 | 3724391 | - | -
06:15:06.412254 | 9429  | ALLOC |      4.00 |               120.00 | 3849815 | - | -
06:15:06.412270 | 9429  | ALLOC |      8.00 |               128.00 | 3550218 | - | -
06:15:06.412281 | 9429  | ALLOC |      4.00 |               132.00 | 3849814 | - | -
06:15:06.412348 | 208447 | ALLOC |      4.00 |                 4.00 | 3849816 | ComposePost_seq0_92aeacaeb8822d40 | 438655555353970304
06:15:06.412373 | 208447 | ALLOC |     32.00 |                36.00 | 3548568 | ComposePost_seq0_92aeacaeb8822d40 | 438655555353970304
06:15:06.412434 | 208447 | ALLOC |      4.00 |                40.00 | 1149363 | ComposePost_seq0_92aeacaeb8822d40 | 438655555353970304
06:15:06.412439 | 208447 | ALLOC |      4.00 |                44.00 | 3865241 | ComposePost_seq0_92aeacaeb8822d40 | 438655555353970304
06:15:06.412453 | 208447 | ALLOC |      4.00 |                48.00 | 3865242 | ComposePost_seq0_92aeacaeb8822d40 | 438655555353970304
06:15:06.412571 | 208451 | ALLOC |     32.00 |                32.00 | 3379080 | ComposePost_seq0_92aeacaeb8822d40 | 438655555353970304
06:15:06.412766 | 208363 | ALLOC |     32.00 |                64.00 | 4089840 | ComposeText_seq0_a0e83a29a533f256 | 438655555353970304
06:15:06.412842 | 208456 | ALLOC |      4.00 |                 4.00 | 3865243 | ComposePost_seq0_92aeacaeb8822d40 | 438655555353970304
06:15:06.412870 | 208456 | ALLOC |     32.00 |                36.00 | 3557088 | ComposePost_seq0_92aeacaeb8822d40 | 438655555353970304
06:15:06.412950 | 9429  | ALLOC |      4.00 |               136.00 | 3865244 | - | -
06:15:06.412960 | 9429  | ALLOC |      4.00 |               140.00 | 3865245 | - | -
06:15:06.413148 | 208466 | ALLOC |     32.00 |                32.00 | 3470376 | ComposePost_seq0_6edc587933f94905 | 820099444343046144
06:15:06.413301 | 208467 | ALLOC |     32.00 |                32.00 | 3467896 | ComposePost_seq0_6edc587933f94905 | 820099444343046144
06:15:06.413441 | 208468 | ALLOC |     32.00 |                32.00 | 3545880 | ComposePost_seq0_6edc587933f94905 | 820099444343046144
06:15:06.413732 | 208367 | FREE  |      4.00 |                 0.00 | 3849812 | ComposePost_seq0_49cb0115b0e811e3 | 925552882500430592
06:15:06.413736 | 208397 | FREE  |      4.00 |                96.00 | 3865240 | ComposePost_seq0_ced7ab160f8a1336 | 783436030923807232
06:15:06.414241 | 208351 | ALLOC |     32.00 |                68.00 | 3621824 | ComposeText_seq0_210ca4faba821f27 | 820099444343046144
06:15:06.414387 | 208456 | FREE  |     32.00 |                 0.00 | 3557088 | ComposePost_seq0_92aeacaeb8822d40 | 438655555353970304
06:15:06.414420 | 208455 | FREE  |      4.00 |                 0.00 | 4252962 | ComposePost_seq0_7e2c197e1ed7ec34 | 484046191706175360
06:15:06.414437 | 208468 | FREE  |     32.00 |                 0.00 | 3545880 | ComposePost_seq0_6edc587933f94905 | 820099444343046144
06:15:06.414451 | 208467 | FREE  |     32.00 |                 0.00 | 3467896 | ComposePost_seq0_6edc587933f94905 | 820099444343046144
06:15:06.414637 | 208478 | FREE  |     32.00 |                 0.00 | 3595872 | ComposeText_seq0_210ca4faba821f27 | 820099444343046144
06:15:06.415677 | 208489 | ALLOC |     32.00 |                36.00 | 3595872 | GetFollowers_seq0_2c94fe0dd8e47ca8 | 475022991964950720
06:15:06.416861 | 208505 | FREE  |     32.00 |                 0.00 | 3574744 | ComposeText_seq0_e6c8e0b32c95c9ba | 224088125984358432
06:15:06.416932 | 208497 | FREE  |     32.00 |                 0.00 | 3583504 | ComposePost_seq0_bab4150af43174ec | 224088125984358432
06:15:06.417587 | 208506 | FREE  |     32.00 |                 0.00 | 3583720 | ComposePost_seq0_996206b8835275fe | 801071469348323712
06:15:06.420616 | 208523 | ALLOC |     32.00 |                32.00 | 3379128 | ComposePost_seq0_824374300f947436 | 369412278488325056
06:15:06.402761 | 208287 | FREE  |     32.00 |                 0.00 | 3574744 | ComposeText_seq0_e81ab3f9a247d8b2 | 245996811938174976
06:15:06.403630 | 208296 | ALLOC |      4.00 |                 4.00 | 3162087 | ComposePost_seq0_5fc5cdb205b30785 | 224918157079723552
06:15:06.403636 | 208296 | ALLOC |      4.00 |                 8.00 | 3929469 | ComposePost_seq0_5fc5cdb205b30785 | 224918157079723552
06:15:06.403689 | 208297 | ALLOC |      4.00 |                 4.00 | 3929470 | ComposePost_seq0_50be28a7c7d87e1c | 707743704306764544
06:15:06.403746 | 208297 | ALLOC |      4.00 |                 8.00 | 3929471 | ComposePost_seq0_50be28a7c7d87e1c | 707743704306764544
06:15:06.403773 | 208297 | ALLOC |      4.00 |                12.00 | 3929472 | ComposePost_seq0_50be28a7c7d87e1c | 707743704306764544
06:15:06.403808 | 208297 | ALLOC |      4.00 |                16.00 | 3929473 | ComposePost_seq0_50be28a7c7d87e1c | 707743704306764544
06:15:06.404078 | 208299 | ALLOC |     32.00 |                44.00 | 2090520 | ComposeText_seq0_997028fdec56ed70 | 425182569067808320
06:15:06.404267 | 208296 | ALLOC |      4.00 |                12.00 | 3929474 | ComposePost_seq0_5fc5cdb205b30785 | 224918157079723552
06:15:06.404375 | 208299 | FREE  |     32.00 |                 0.00 | 2090520 | ComposeText_seq0_997028fdec56ed70 | 425182569067808320
06:15:06.404426 | 208307 | ALLOC |     32.00 |                32.00 | 2090520 | ComposePost_seq0_e1ecb42156ff855f | 566096028095250496
06:15:06.404535 | 208308 | ALLOC |     32.00 |                32.00 | 3206952 | ComposeUrls_seq0_a2f219d5378d516d | 17857845171417736
06:15:06.404988 | 208306 | ALLOC |     32.00 |                48.00 | 3459128 | ComposePost_seq0_e1ecb42156ff855f | 566096028095250496
06:15:06.405160 | 208322 | ALLOC |      4.00 |                 4.00 | 3929475 | ComposePost_seq0_50be28a7c7d87e1c | 707743704306764544
06:15:06.405214 | 208322 | ALLOC |      4.00 |                 8.00 | 3929476 | ComposePost_seq0_50be28a7c7d87e1c | 707743704306764544
06:15:06.405274 | 208322 | ALLOC |      4.00 |                12.00 | 3929477 | ComposePost_seq0_50be28a7c7d87e1c | 707743704306764544
06:15:06.405332 | 208322 | ALLOC |      4.00 |                16.00 | 3929478 | ComposePost_seq0_50be28a7c7d87e1c | 707743704306764544
06:15:06.405391 | 208327 | ALLOC |      4.00 |                 4.00 | 3929479 | ComposePost_seq0_65263f1f049eb769 | 879394336510968704
06:15:06.405441 | 208327 | ALLOC |      4.00 |                 8.00 | 3929480 | ComposePost_seq0_65263f1f049eb769 | 879394336510968704
06:15:06.405474 | 208327 | ALLOC |      4.00 |                12.00 | 3929481 | ComposePost_seq0_65263f1f049eb769 | 879394336510968704
06:15:06.405507 | 208327 | ALLOC |      4.00 |                16.00 | 3929482 | ComposePost_seq0_65263f1f049eb769 | 879394336510968704
06:15:06.405713 | 208322 | ALLOC |     32.00 |                48.00 | 3568488 | ComposePost_seq0_50be28a7c7d87e1c | 707743704306764544
06:15:06.406037 | 208327 | ALLOC |     32.00 |                48.00 | 3620200 | ComposePost_seq0_65263f1f049eb769 | 879394336510968704
06:15:06.406104 | 9255  | ALLOC |      4.00 |                 4.00 | 3929483 | - | -
06:15:06.406114 | 9255  | ALLOC |      4.00 |                 8.00 | 3929484 | - | -
06:15:06.406215 | 208297 | ALLOC |     32.00 |                48.00 | 3549160 | ComposePost_seq0_50be28a7c7d87e1c | 707743704306764544
06:15:06.406295 | 9255  | ALLOC |      4.00 |                12.00 | 3929485 | - | -
06:15:06.406363 | 208326 | ALLOC |     32.00 |                40.00 | 3496976 | ComposeText_seq0_58f8b9dcb3219366 | 224918157079723552
06:15:06.406404 | 9255  | ALLOC |      4.00 |                16.00 | 4023955 | - | -
06:15:06.406719 | 208352 | ALLOC |      4.00 |                 4.00 | 4044204 | ComposeText_seq0_464226a3d9b95679 | 1036287228257293056
06:15:06.406738 | 208352 | ALLOC |      4.00 |                 8.00 | 3145363 | ComposeText_seq0_464226a3d9b95679 | 1036287228257293056
06:15:06.407049 | 208288 | FREE  |     32.00 |                 0.00 | 3583160 | ComposePost_seq0_effbf065c1aec4c8 | 245996811938174976
06:15:06.407089 | 208306 | FREE  |     32.00 |                 0.00 | 3459128 | ComposePost_seq0_e1ecb42156ff855f | 566096028095250496
06:15:06.407126 | 208320 | FREE  |     32.00 |                 0.00 | 3472064 | ComposePost_seq0_50be28a7c7d87e1c | 707743704306764544
06:15:06.407137 | 208336 | FREE  |     32.00 |                 0.00 | 3519680 | ComposePost_seq0_b9b3c6c7e997f3e4 | 1036287228257293056
06:15:06.407152 | 9429  | ALLOC |      4.00 |                16.00 | 3669672 | - | -
06:15:06.407172 | 208322 | FREE  |     32.00 |                 0.00 | 3568488 | ComposePost_seq0_50be28a7c7d87e1c | 707743704306764544
06:15:06.407191 | 208312 | FREE  |     32.00 |                 0.00 | 2647240 | ComposePost_seq0_e1ecb42156ff855f | 566096028095250496
06:15:06.407215 | 208293 | FREE  |      4.00 |                20.00 | 4251826 | ComposePost_seq0_e1ecb42156ff855f | 566096028095250496
06:15:06.407218 | 208293 | FREE  |      4.00 |                16.00 | 4251825 | ComposePost_seq0_e1ecb42156ff855f | 566096028095250496
06:15:06.407251 | 208334 | ALLOC |      4.00 |                 8.00 | 3597730 | ComposePost_seq0_49cb0115b0e811e3 | 925552882500430592
06:15:06.407255 | 208334 | ALLOC |      4.00 |                12.00 | 4251825 | ComposePost_seq0_49cb0115b0e811e3 | 925552882500430592
06:15:06.407319 | 208296 | ALLOC |      4.00 |                60.00 | 3497221 | ComposePost_seq0_5fc5cdb205b30785 | 224918157079723552
06:15:06.407329 | 208276 | FREE  |      4.00 |                 0.00 | 3929874 | ComposePost_seq0_8443d3bae3c86841 | 623657488676140544
06:15:06.407332 | 208273 | FREE  |      4.00 |                12.00 | 4248470 | ComposePost_seq0_8443d3bae3c86841 | 623657488676140544
06:15:06.407335 | 208273 | FREE  |      4.00 |                 8.00 | 4248469 | ComposePost_seq0_8443d3bae3c86841 | 623657488676140544
06:15:06.407352 | 208333 | FREE  |      4.00 |                 0.00 | 3752169 | ComposeText_seq0_58f8b9dcb3219366 | 224918157079723552
06:15:06.407354 | 208333 | FREE  |      4.00 |                 0.00 | 3781885 | ComposeText_seq0_58f8b9dcb3219366 | 224918157079723552
06:15:06.407356 | 208333 | FREE  |      4.00 |                 0.00 | 3807107 | ComposeText_seq0_58f8b9dcb3219366 | 224918157079723552
06:15:06.407358 | 208326 | FREE  |      4.00 |                36.00 | 3001012 | ComposeText_seq0_58f8b9dcb3219366 | 224918157079723552
06:15:06.407360 | 208326 | FREE  |      4.00 |                32.00 | 3992725 | ComposeText_seq0_58f8b9dcb3219366 | 224918157079723552
06:15:06.407385 | 208352 | ALLOC |     32.00 |                40.00 | 2647240 | ComposeText_seq0_464226a3d9b95679 | 1036287228257293056
06:15:06.407394 | 208297 | FREE  |     32.00 |                 0.00 | 3549160 | ComposePost_seq0_50be28a7c7d87e1c | 707743704306764544
06:15:06.407454 | 208309 | FREE  |      4.00 |                 0.00 | 4251873 | ComposePost_seq0_707a69ea4f36fd3a | 17857845171417736
06:15:06.407457 | 208309 | FREE  |      4.00 |                 0.00 | 4251871 | ComposePost_seq0_707a69ea4f36fd3a | 17857845171417736
06:15:06.407460 | 208309 | FREE  |      4.00 |                 0.00 | 4251872 | ComposePost_seq0_707a69ea4f36fd3a | 17857845171417736
06:15:06.407463 | 208309 | FREE  |      4.00 |                 0.00 | 4251870 | ComposePost_seq0_707a69ea4f36fd3a | 17857845171417736
06:15:06.407466 | 208289 | FREE  |      4.00 |                32.00 | 4251663 | ComposePost_seq0_707a69ea4f36fd3a | 17857845171417736
06:15:06.407469 | 208289 | FREE  |      4.00 |                28.00 | 4251289 | ComposePost_seq0_707a69ea4f36fd3a | 17857845171417736
06:15:06.407584 | 208334 | ALLOC |      4.00 |                16.00 | 4251289 | ComposePost_seq0_49cb0115b0e811e3 | 925552882500430592
06:15:06.407646 | 208345 | FREE  |      4.00 |                 0.00 | 4251443 | ComposePost_seq0_c44979ad70427147 | 256439429708275104
06:15:06.407664 | 208323 | ALLOC |      4.00 |                36.00 | 3497220 | ComposePost_seq0_65263f1f049eb769 | 879394336510968704
06:15:06.407681 | 208323 | ALLOC |      4.00 |                40.00 | 3468185 | ComposePost_seq0_65263f1f049eb769 | 879394336510968704
06:15:06.407687 | 208277 | FREE  |      4.00 |                 0.00 | 3873734 | ComposePost_seq0_8443d3bae3c86841 | 623657488676140544
06:15:06.407690 | 208273 | FREE  |      4.00 |                 4.00 | 4248472 | ComposePost_seq0_8443d3bae3c86841 | 623657488676140544
06:15:06.407692 | 208273 | FREE  |      4.00 |                 0.00 | 4248471 | ComposePost_seq0_8443d3bae3c86841 | 623657488676140544
06:15:06.407923 | 208370 | ALLOC |     32.00 |                32.00 | 3549160 | ComposeText_seq0_1d004708b245006d | 925552882500430592
06:15:06.408100 | 208375 | ALLOC |     32.00 |                32.00 | 3568488 | ComposePost_seq0_9881eb134d0202ee | 906889968282656000
06:15:06.408288 | 208280 | ALLOC |     32.00 |                92.00 | 3597640 | ComposePost_seq0_effbf065c1aec4c8 | 245996811938174976
06:15:06.408321 | 208370 | FREE  |     32.00 |                 0.00 | 3549160 | ComposeText_seq0_1d004708b245006d | 925552882500430592
06:15:06.408570 | 208388 | ALLOC |     32.00 |                32.00 | 3549160 | StorePost_seq0_93e619dedf19a5dd | 566096028095250496
06:15:06.409005 | 208373 | FREE  |     32.00 |                 0.00 | 3618536 | ComposePost_seq0_b9b3c6c7e997f3e4 | 1036287228257293056
06:15:06.409234 | 208384 | FREE  |     32.00 |                 0.00 | 3550296 | ComposePost_seq0_707a69ea4f36fd3a | 17857845171417736
06:15:06.409293 | 208303 | ALLOC |      4.00 |                64.00 | 3468184 | ComposePost_seq0_b9b3c6c7e997f3e4 | 1036287228257293056
06:15:06.409300 | 208322 | FREE  |      4.00 |                 0.00 | 3929478 | ComposePost_seq0_50be28a7c7d87e1c | 707743704306764544
06:15:06.409303 | 208322 | FREE  |      4.00 |                 0.00 | 3929476 | ComposePost_seq0_50be28a7c7d87e1c | 707743704306764544
06:15:06.409305 | 208322 | FREE  |      4.00 |                 0.00 | 3929477 | ComposePost_seq0_50be28a7c7d87e1c | 707743704306764544
06:15:06.409308 | 208322 | FREE  |      4.00 |                 0.00 | 3929475 | ComposePost_seq0_50be28a7c7d87e1c | 707743704306764544
06:15:06.409311 | 208295 | FREE  |      4.00 |                52.00 | 4251814 | ComposePost_seq0_50be28a7c7d87e1c | 707743704306764544
06:15:06.409313 | 208295 | FREE  |      4.00 |                48.00 | 4251813 | ComposePost_seq0_50be28a7c7d87e1c | 707743704306764544
06:15:06.409341 | 208383 | FREE  |     32.00 |                 0.00 | 3583096 | ComposePost_seq0_50be28a7c7d87e1c | 707743704306764544
06:15:06.409394 | 208325 | FREE  |      4.00 |                 0.00 | 4251821 | ComposePost_seq0_b9b3c6c7e997f3e4 | 1036287228257293056
06:15:06.409397 | 208303 | FREE  |      4.00 |                60.00 | 4251818 | ComposePost_seq0_b9b3c6c7e997f3e4 | 1036287228257293056
06:15:06.409399 | 208303 | FREE  |      4.00 |                56.00 | 4251817 | ComposePost_seq0_b9b3c6c7e997f3e4 | 1036287228257293056
06:15:06.409420 | 208336 | FREE  |      4.00 |                 0.00 | 4251424 | ComposePost_seq0_b9b3c6c7e997f3e4 | 1036287228257293056
06:15:06.409423 | 208303 | FREE  |      4.00 |                52.00 | 4251819 | ComposePost_seq0_b9b3c6c7e997f3e4 | 1036287228257293056
06:15:06.409506 | 208397 | ALLOC |      4.00 |                 4.00 | 4251819 | ComposePost_seq0_ced7ab160f8a1336 | 783436030923807232
06:15:06.409948 | 208323 | ALLOC |     32.00 |                64.00 | 3583096 | ComposePost_seq0_65263f1f049eb769 | 879394336510968704
06:15:06.410484 | 208303 | ALLOC |      4.00 |                48.00 | 3550693 | ComposePost_seq0_b9b3c6c7e997f3e4 | 1036287228257293056
06:15:06.410804 | 208334 | ALLOC |      4.00 |                20.00 | 4251424 | ComposePost_seq0_49cb0115b0e811e3 | 925552882500430592
06:15:06.410837 | 208334 | ALLOC |      4.00 |                24.00 | 4251817 | ComposePost_seq0_49cb0115b0e811e3 | 925552882500430592
06:15:06.410878 | 208334 | ALLOC |      4.00 |                28.00 | 4251818 | ComposePost_seq0_49cb0115b0e811e3 | 925552882500430592
06:15:06.411092 | 208352 | ALLOC |      4.00 |                44.00 | 4251821 | ComposeText_seq0_744e9191cb411bba | 880946326915043584
06:15:06.411105 | 208352 | ALLOC |      4.00 |                48.00 | 4251813 | ComposeText_seq0_744e9191cb411bba | 880946326915043584
06:15:06.411198 | 9429  | ALLOC |      4.00 |               112.00 | 4251814 | - | -
06:15:06.411914 | 208334 | ALLOC |     32.00 |                60.00 | 3550296 | ComposePost_seq0_49cb0115b0e811e3 | 925552882500430592
06:15:06.412033 | 208296 | ALLOC |     32.00 |                60.00 | 3618536 | ComposePost_seq0_5fc5cdb205b30785 | 224918157079723552
06:15:06.412164 | 208303 | ALLOC |     32.00 |                76.00 | 3519680 | ComposePost_seq0_b9b3c6c7e997f3e4 | 1036287228257293056
06:15:06.412260 | 208289 | ALLOC |     32.00 |                52.00 | 3472064 | ComposePost_seq0_707a69ea4f36fd3a | 17857845171417736
06:15:06.412348 | 208449 | ALLOC |      4.00 |                 4.00 | 3908738 | ComposePost_seq0_7e2c197e1ed7ec34 | 484046191706175360
06:15:06.412371 | 208449 | ALLOC |     32.00 |                36.00 | 3459128 | ComposePost_seq0_7e2c197e1ed7ec34 | 484046191706175360
06:15:06.412428 | 208449 | ALLOC |      4.00 |                40.00 | 3929475 | ComposePost_seq0_7e2c197e1ed7ec34 | 484046191706175360
06:15:06.412443 | 208449 | ALLOC |      4.00 |                44.00 | 3929477 | ComposePost_seq0_7e2c197e1ed7ec34 | 484046191706175360
06:15:06.412526 | 208450 | ALLOC |     32.00 |                32.00 | 3583160 | ComposePost_seq0_7e2c197e1ed7ec34 | 484046191706175360
06:15:06.412765 | 208343 | ALLOC |     32.00 |                68.00 | 3904544 | ComposeText_seq0_f4dda00d839effd8 | 484046191706175360
06:15:06.412918 | 208462 | ALLOC |     32.00 |                32.00 | 3550712 | ComposeText_seq0_a0e83a29a533f256 | 438655555353970304
06:15:06.413496 | 208462 | FREE  |     32.00 |                 0.00 | 3550712 | ComposeText_seq0_a0e83a29a533f256 | 438655555353970304
06:15:06.413578 | 208463 | ALLOC |      4.00 |                44.00 | 3929476 | WriteUserTimeline_seq0_a9b11b3e788e7604 | 783436030923807232
06:15:06.414506 | 208480 | ALLOC |     32.00 |                32.00 | 3550712 | WriteHomeTimeline_seq0_8cdc65a40f802b80 | 707743704306764544
06:15:06.414566 | 208479 | FREE  |     32.00 |                 0.00 | 3379080 | ComposeText_seq0_210ca4faba821f27 | 820099444343046144
06:15:06.414730 | 208450 | FREE  |     32.00 |                 0.00 | 3583160 | ComposePost_seq0_7e2c197e1ed7ec34 | 484046191706175360
06:15:06.414757 | 208449 | ALLOC |      4.00 |                48.00 | 3573038 | ComposePost_seq0_7e2c197e1ed7ec34 | 484046191706175360
06:15:06.414770 | 208405 | FREE  |      4.00 |                 0.00 | 3849811 | ComposePost_seq0_ced7ab160f8a1336 | 783436030923807232
06:15:06.415278 | 208449 | ALLOC |     32.00 |                80.00 | 3583160 | ComposePost_seq0_7e2c197e1ed7ec34 | 484046191706175360
06:15:06.415561 | 208494 | ALLOC |      4.00 |                 4.00 | 3849811 | ComposePost_seq0_bab4150af43174ec | 224088125984358432
06:15:06.415593 | 208494 | ALLOC |      4.00 |                 8.00 | 4248471 | ComposePost_seq0_bab4150af43174ec | 224088125984358432
06:15:06.415701 | 208496 | ALLOC |     32.00 |                32.00 | 3379080 | ComposeText_seq0_6bb5a46c6d8952aa | 801071469348323712
06:15:06.415964 | 208499 | ALLOC |     32.00 |                32.00 | 3646144 | WriteHomeTimeline_seq0_f301f43224c18820 | 1036287228257293056
06:15:06.416721 | 208505 | ALLOC |     32.00 |                32.00 | 3574744 | ComposeText_seq0_e6c8e0b32c95c9ba | 224088125984358432
06:15:06.416731 | 208496 | FREE  |     32.00 |                 0.00 | 3379080 | ComposeText_seq0_6bb5a46c6d8952aa | 801071469348323712
06:15:06.416984 | 208334 | FREE  |      4.00 |                56.00 | 4251825 | ComposePost_seq0_49cb0115b0e811e3 | 925552882500430592
06:15:06.416987 | 208334 | FREE  |      4.00 |                52.00 | 4251289 | ComposePost_seq0_49cb0115b0e811e3 | 925552882500430592
06:15:06.416990 | 208449 | FREE  |      4.00 |                76.00 | 3929475 | ComposePost_seq0_7e2c197e1ed7ec34 | 484046191706175360
06:15:06.416993 | 208449 | FREE  |      4.00 |                72.00 | 3929477 | ComposePost_seq0_7e2c197e1ed7ec34 | 484046191706175360
06:15:06.417590 | 208488 | ALLOC |     32.00 |                72.00 | 3379080 | ComposePost_seq0_996206b8835275fe | 801071469348323712
06:15:06.418266 | 208352 | ALLOC |     32.00 |                84.00 | 3652912 | ComposeText_seq0_9fb8f37829d1b698 | 482063560448735232
06:15:06.418498 | 208513 | FREE  |     32.00 |                 0.00 | 3546048 | ComposeText_seq0_9fb8f37829d1b698 | 482063560448735232
06:15:06.436358 | 208296 | FREE  |      4.00 |                52.00 | 3497221 | ComposePost_seq0_5fc5cdb205b30785 | 224918157079723552
06:15:06.436363 | 208313 | FREE  |      4.00 |                44.00 | 3605517 | ComposePost_seq0_c44979ad70427147 | 256439429708275104
06:15:06.436366 | 208313 | FREE  |      4.00 |                40.00 | 3605512 | ComposePost_seq0_c44979ad70427147 | 256439429708275104
06:15:06.436369 | 208323 | FREE  |      4.00 |                44.00 | 3497220 | ComposePost_seq0_65263f1f049eb769 | 879394336510968704
06:15:06.436372 | 208280 | FREE  |      4.00 |                56.00 | 3015099 | ComposePost_seq0_effbf065c1aec4c8 | 245996811938174976
06:15:06.436375 | 208323 | FREE  |      4.00 |                40.00 | 3468185 | ComposePost_seq0_65263f1f049eb769 | 879394336510968704
06:15:06.436386 | 208295 | FREE  |      4.00 |                68.00 | 3617958 | ComposePost_seq0_50be28a7c7d87e1c | 707743704306764544
06:15:06.436389 | 208303 | FREE  |      4.00 |                60.00 | 3468184 | ComposePost_seq0_b9b3c6c7e997f3e4 | 1036287228257293056
06:15:06.436407 | 208397 | FREE  |      4.00 |                92.00 | 3634821 | ComposePost_seq0_ced7ab160f8a1336 | 783436030923807232
06:15:06.436410 | 208303 | FREE  |      4.00 |                56.00 | 3550693 | ComposePost_seq0_b9b3c6c7e997f3e4 | 1036287228257293056
06:15:06.456308 | 208397 | FREE  |      4.00 |                68.00 | 3567652 | ComposePost_seq0_ced7ab160f8a1336 | 783436030923807232
06:15:06.456313 | 208449 | FREE  |      4.00 |                68.00 | 3573038 | ComposePost_seq0_7e2c197e1ed7ec34 | 484046191706175360
06:15:06.405243 | 208309 | ALLOC |      4.00 |                 4.00 | 4251870 | ComposePost_seq0_707a69ea4f36fd3a | 17857845171417736
06:15:06.405313 | 208309 | ALLOC |      4.00 |                 8.00 | 4251871 | ComposePost_seq0_707a69ea4f36fd3a | 17857845171417736
06:15:06.405326 | 208309 | ALLOC |      4.00 |                12.00 | 4251872 | ComposePost_seq0_707a69ea4f36fd3a | 17857845171417736
06:15:06.405353 | 208309 | ALLOC |      4.00 |                16.00 | 4251873 | ComposePost_seq0_707a69ea4f36fd3a | 17857845171417736
06:15:06.405537 | 208309 | ALLOC |     32.00 |                48.00 | 3565864 | ComposePost_seq0_707a69ea4f36fd3a | 17857845171417736
06:15:06.405741 | 208321 | ALLOC |     32.00 |                32.00 | 3450032 | ComposeText_seq0_c596bf42316a747f | 566096028095250496
06:15:06.406300 | 208346 | ALLOC |     32.00 |                32.00 | 3573024 | ComposeUniqueId_seq0_02eb0f8cfc8357be | 566096028095250496
06:15:06.406461 | 208351 | ALLOC |      4.00 |                 4.00 | 4251874 | ComposeText_seq0_c97408d655e178a6 | 707743704306764544
06:15:06.407215 | 208327 | FREE  |     32.00 |                 0.00 | 3620200 | ComposePost_seq0_65263f1f049eb769 | 879394336510968704
06:15:06.407254 | 208363 | ALLOC |     32.00 |                32.00 | 3620200 | ComposeText_seq0_109227509f0ea79d | 256439429708275104
06:15:06.407986 | 208374 | ALLOC |      4.00 |                 4.00 | 4251876 | ComposePost_seq0_9881eb134d0202ee | 906889968282656000
06:15:06.408166 | 208371 | FREE  |     32.00 |                 0.00 | 3379080 | ComposeText_seq0_1d004708b245006d | 925552882500430592
06:15:06.408225 | 208382 | ALLOC |     32.00 |                32.00 | 3379080 | ComposePost_seq0_49cb0115b0e811e3 | 925552882500430592
06:15:06.408733 | 208389 | ALLOC |     32.00 |                32.00 | 3631664 | StorePost_seq0_fbf99cdab2ec9fa7 | 707743704306764544
06:15:06.409222 | 208303 | ALLOC |      4.00 |                60.00 | 3223413 | ComposePost_seq0_b9b3c6c7e997f3e4 | 1036287228257293056
06:15:06.409229 | 208284 | FREE  |      4.00 |                 0.00 | 3929379 | ComposePost_seq0_effbf065c1aec4c8 | 245996811938174976
06:15:06.409421 | 208393 | ALLOC |     32.00 |                32.00 | 3548568 | ComposePost_seq0_6f02fb0d94fd1b3d | 31315600037345160
06:15:06.409484 | 208396 | ALLOC |     32.00 |                32.00 | 3526152 | ComposePost_seq0_49cb0115b0e811e3 | 925552882500430592
06:15:06.409690 | 208397 | ALLOC |      4.00 |                 8.00 | 3929379 | ComposePost_seq0_ced7ab160f8a1336 | 783436030923807232
06:15:06.409705 | 208397 | ALLOC |      4.00 |                12.00 | 4251877 | ComposePost_seq0_ced7ab160f8a1336 | 783436030923807232
06:15:06.409742 | 208397 | ALLOC |      4.00 |                16.00 | 3567652 | ComposePost_seq0_ced7ab160f8a1336 | 783436030923807232
06:15:06.409747 | 208397 | ALLOC |      4.00 |                20.00 | 4251878 | ComposePost_seq0_ced7ab160f8a1336 | 783436030923807232
06:15:06.409759 | 208397 | ALLOC |      8.00 |                28.00 | 3560960 | ComposePost_seq0_ced7ab160f8a1336 | 783436030923807232
06:15:06.409775 | 208397 | ALLOC |      4.00 |                32.00 | 4251879 | ComposePost_seq0_ced7ab160f8a1336 | 783436030923807232
06:15:06.409818 | 208397 | ALLOC |      4.00 |                36.00 | 3634821 | ComposePost_seq0_ced7ab160f8a1336 | 783436030923807232
06:15:06.409822 | 208397 | ALLOC |      4.00 |                40.00 | 4251880 | ComposePost_seq0_ced7ab160f8a1336 | 783436030923807232
06:15:06.410337 | 208295 | ALLOC |      4.00 |                36.00 | 3602839 | ComposePost_seq0_50be28a7c7d87e1c | 707743704306764544
06:15:06.410400 | 208295 | ALLOC |      4.00 |                40.00 | 4251881 | ComposePost_seq0_50be28a7c7d87e1c | 707743704306764544
06:15:06.410433 | 208295 | ALLOC |      4.00 |                44.00 | 4251882 | ComposePost_seq0_50be28a7c7d87e1c | 707743704306764544
06:15:06.410473 | 208295 | ALLOC |      4.00 |                48.00 | 4251883 | ComposePost_seq0_50be28a7c7d87e1c | 707743704306764544
06:15:06.410748 | 208407 | FREE  |     32.00 |                 0.00 | 3565864 | ComposeText_seq0_539d3510e43807d8 | 783436030923807232
06:15:06.411834 | 208436 | FREE  |     32.00 |                 0.00 | 3630040 | ComposePost_seq0_ee469bd5f1dabd82 | 502908273795594752
06:15:06.411907 | 208397 | ALLOC |      4.00 |                60.00 | 4251884 | ComposePost_seq0_ced7ab160f8a1336 | 783436030923807232
06:15:06.411942 | 208397 | ALLOC |      4.00 |                64.00 | 4251885 | ComposePost_seq0_ced7ab160f8a1336 | 783436030923807232
06:15:06.411988 | 208397 | ALLOC |      4.00 |                68.00 | 4251886 | ComposePost_seq0_ced7ab160f8a1336 | 783436030923807232
06:15:06.412178 | 208397 | ALLOC |     32.00 |               100.00 | 3630040 | ComposePost_seq0_ced7ab160f8a1336 | 783436030923807232
06:15:06.412624 | 206748 | ALLOC |      4.00 |                 4.00 | 4251887 | WriteHomeTimeline_seq0_901e34e048d22ccd | 566096028095250496
06:15:06.413143 | 9312  | ALLOC |     32.00 |                32.00 | 3559896 | - | -
06:15:06.413776 | 206749 | ALLOC |      4.00 |                 4.00 | 4251888 | WriteHomeTimeline_seq0_aa5f3a17510755e4 | 906889968282656000
06:15:06.415402 | 208490 | ALLOC |     32.00 |                32.00 | 3565864 | ComposePost_seq0_996206b8835275fe | 801071469348323712
06:15:06.416185 | 9312  | ALLOC |     32.00 |               128.00 | 3550608 | - | -
06:15:06.416252 | 208497 | ALLOC |      4.00 |                 4.00 | 3898071 | ComposePost_seq0_bab4150af43174ec | 224088125984358432
06:15:06.416281 | 208497 | ALLOC |     32.00 |                36.00 | 3583504 | ComposePost_seq0_bab4150af43174ec | 224088125984358432
06:15:06.416353 | 208502 | ALLOC |     32.00 |                32.00 | 2057888 | WriteHomeTimeline_seq0_7442d31d08fc8dbf | 17857845171417736
06:15:06.416459 | 208500 | ALLOC |      4.00 |                 4.00 | 3675517 | ComposePost_seq0_bab4150af43174ec | 224088125984358432
06:15:06.416483 | 208500 | ALLOC |     32.00 |                36.00 | 3450664 | ComposePost_seq0_bab4150af43174ec | 224088125984358432
06:15:06.416743 | 208500 | FREE  |     32.00 |                 0.00 | 3450664 | ComposePost_seq0_bab4150af43174ec | 224088125984358432
06:15:06.416845 | 208490 | FREE  |     32.00 |                 0.00 | 3565864 | ComposePost_seq0_996206b8835275fe | 801071469348323712
06:15:06.439118 | 208397 | FREE  |      4.00 |                88.00 | 3929379 | ComposePost_seq0_ced7ab160f8a1336 | 783436030923807232
06:15:06.439122 | 208397 | FREE  |      4.00 |                84.00 | 4251877 | ComposePost_seq0_ced7ab160f8a1336 | 783436030923807232
06:15:06.439124 | 208397 | FREE  |      4.00 |                80.00 | 4251878 | ComposePost_seq0_ced7ab160f8a1336 | 783436030923807232
06:15:06.439126 | 208397 | FREE  |      4.00 |                76.00 | 4251879 | ComposePost_seq0_ced7ab160f8a1336 | 783436030923807232
06:15:06.439128 | 208397 | FREE  |      4.00 |                72.00 | 4251880 | ComposePost_seq0_ced7ab160f8a1336 | 783436030923807232
06:15:06.439130 | 206748 | FREE  |      4.00 |                 0.00 | 4251887 | WriteHomeTimeline_seq0_901e34e048d22ccd | 566096028095250496
06:15:06.439132 | 206749 | FREE  |      4.00 |                 0.00 | 4251888 | WriteHomeTimeline_seq0_aa5f3a17510755e4 | 906889968282656000
06:15:06.456243 | 208280 | FREE  |      4.00 |                52.00 | 3622956 | ComposePost_seq0_effbf065c1aec4c8 | 245996811938174976
06:15:06.456250 | 208303 | FREE  |      4.00 |                52.00 | 3223413 | ComposePost_seq0_b9b3c6c7e997f3e4 | 1036287228257293056
06:15:06.456258 | 208293 | FREE  |      4.00 |                40.00 | 3616660 | ComposePost_seq0_e1ecb42156ff855f | 566096028095250496
06:15:06.456262 | 208295 | FREE  |      4.00 |                60.00 | 3602839 | ComposePost_seq0_50be28a7c7d87e1c | 707743704306764544
06:15:06.502272 | 8330  | ALLOC |      4.00 |                68.00 | 3617978 | - | -
06:15:06.502312 | 8330  | ALLOC |      4.00 |                72.00 | 3617977 | - | -
06:15:06.502315 | 8330  | ALLOC |      4.00 |                76.00 | 3617976 | - | -
06:15:06.502318 | 8330  | ALLOC |      4.00 |                80.00 | 3617975 | - | -
06:15:06.502339 | 8330  | ALLOC |      4.00 |                84.00 | 3646507 | - | -
06:15:06.502346 | 8330  | ALLOC |      4.00 |                88.00 | 3610266 | - | -
06:15:06.502361 | 8330  | ALLOC |      4.00 |                92.00 | 3519793 | - | -
06:15:06.502363 | 8330  | ALLOC |      4.00 |                96.00 | 1839960 | - | -
06:15:06.502366 | 8330  | ALLOC |      4.00 |               100.00 | 1712093 | - | -
06:15:06.502371 | 8330  | ALLOC |      4.00 |               104.00 | 3379088 | - | -
06:15:06.502379 | 8330  | ALLOC |      4.00 |               108.00 | 3450412 | - | -
06:15:06.502386 | 8330  | ALLOC |      4.00 |               112.00 | 3591575 | - | -
06:15:06.502393 | 8330  | ALLOC |      4.00 |               116.00 | 3360025 | - | -
06:15:06.502403 | 8330  | ALLOC |      4.00 |               120.00 | 3567771 | - | -
06:15:06.502410 | 8330  | ALLOC |      4.00 |               124.00 | 2884377 | - | -
06:15:06.502418 | 8330  | ALLOC |      4.00 |               128.00 | 3360026 | - | -
06:15:06.502442 | 8330  | ALLOC |      4.00 |               132.00 | 3623046 | - | -
06:15:06.502466 | 8330  | ALLOC |      4.00 |               136.00 | 2898735 | - | -
06:15:06.502476 | 8330  | ALLOC |      4.00 |               140.00 | 3164142 | - | -
06:15:06.502483 | 8330  | ALLOC |      4.00 |               144.00 | 3367978 | - | -
06:15:06.502486 | 8330  | ALLOC |      4.00 |               148.00 | 1557833 | - | -
06:15:06.502494 | 8330  | ALLOC |      4.00 |               152.00 | 2924919 | - | -
06:15:06.502521 | 8330  | ALLOC |      4.00 |               156.00 | 3629287 | - | -
06:15:06.502554 | 8330  | ALLOC |      4.00 |               160.00 | 3653550 | - | -
06:15:06.502574 | 8330  | ALLOC |      4.00 |               164.00 | 3645565 | - | -
06:15:06.502597 | 8330  | ALLOC |      4.00 |               168.00 | 3436830 | - | -
06:15:06.502606 | 8330  | ALLOC |      4.00 |               172.00 | 3579177 | - | -
06:15:06.502610 | 8330  | ALLOC |      4.00 |               176.00 | 3620320 | - | -
06:15:06.502637 | 8330  | ALLOC |      4.00 |               180.00 | 3525761 | - | -
06:15:06.502648 | 8330  | ALLOC |      4.00 |               184.00 | 3595748 | - | -
06:15:06.502674 | 8330  | ALLOC |      4.00 |               188.00 | 3368719 | - | -
06:15:06.502677 | 8330  | ALLOC |      4.00 |               192.00 | 3602570 | - | -
06:15:06.502680 | 8330  | ALLOC |      4.00 |               196.00 | 3646667 | - | -
06:15:06.502719 | 8330  | ALLOC |      4.00 |               200.00 | 2958101 | - | -
06:15:06.502732 | 8330  | ALLOC |      4.00 |               204.00 | 2944194 | - | -
06:15:06.502738 | 8330  | ALLOC |      4.00 |               208.00 | 4048208 | - | -
06:15:06.502743 | 8330  | ALLOC |      4.00 |               212.00 | 3857835 | - | -
06:15:06.502747 | 8330  | ALLOC |      4.00 |               216.00 | 3674648 | - | -
06:15:06.502752 | 8330  | ALLOC |      4.00 |               220.00 | 2014207 | - | -
06:15:06.502757 | 8330  | ALLOC |      4.00 |               224.00 | 3109437 | - | -
06:15:06.502762 | 8330  | ALLOC |      4.00 |               228.00 | 3690099 | - | -
06:15:06.502767 | 8330  | ALLOC |      4.00 |               232.00 | 3259096 | - | -
06:15:06.502771 | 8330  | ALLOC |      4.00 |               236.00 | 3058350 | - | -
06:15:06.502777 | 8330  | ALLOC |      4.00 |               240.00 | 3669183 | - | -
06:15:06.502781 | 8330  | ALLOC |      4.00 |               244.00 | 3107894 | - | -
06:15:06.502786 | 8330  | ALLOC |      4.00 |               248.00 | 3898025 | - | -
06:15:06.502790 | 8330  | ALLOC |      4.00 |               252.00 | 1470944 | - | -
06:15:06.502795 | 8330  | ALLOC |      4.00 |               256.00 | 3728682 | - | -
06:15:06.502799 | 8330  | ALLOC |      4.00 |               260.00 | 3744414 | - | -
06:15:06.502804 | 8330  | ALLOC |      4.00 |               264.00 | 2982163 | - | -
06:15:06.502808 | 8330  | ALLOC |      4.00 |               268.00 | 3991814 | - | -
06:15:06.502813 | 8330  | ALLOC |      4.00 |               272.00 | 3929116 | - | -
06:15:06.502818 | 8330  | ALLOC |      4.00 |               276.00 | 3929096 | - | -
06:15:06.502822 | 8330  | ALLOC |      4.00 |               280.00 | 3873751 | - | -
06:15:06.502826 | 8330  | ALLOC |      4.00 |               284.00 | 4250365 | - | -
06:15:06.502830 | 8330  | ALLOC |      4.00 |               288.00 | 4250363 | - | -
06:15:06.502835 | 8330  | ALLOC |      4.00 |               292.00 | 3389379 | - | -
06:15:06.502839 | 8330  | ALLOC |      4.00 |               296.00 | 3971143 | - | -
06:15:06.502844 | 8330  | ALLOC |      4.00 |               300.00 | 2255873 | - | -
06:15:06.502848 | 8330  | ALLOC |      4.00 |               304.00 | 4054124 | - | -
06:15:06.502859 | 8330  | ALLOC |      4.00 |               308.00 | 3892948 | - | -
06:15:06.502864 | 8330  | ALLOC |      4.00 |               312.00 | 3098844 | - | -
06:15:06.502874 | 8330  | ALLOC |      4.00 |               316.00 | 4200115 | - | -
06:15:06.502879 | 8330  | ALLOC |      4.00 |               320.00 | 4238121 | - | -
06:15:06.502901 | 8330  | ALLOC |      4.00 |               324.00 | 3580467 | - | -
06:15:06.502912 | 8330  | ALLOC |      4.00 |               328.00 | 3870516 | - | -
06:15:06.502919 | 8330  | ALLOC |      4.00 |               332.00 | 3654157 | - | -
06:15:06.502927 | 8330  | ALLOC |      4.00 |               336.00 | 3818658 | - | -
06:15:06.502934 | 8330  | ALLOC |      4.00 |               340.00 | 3731734 | - | -
06:15:06.502939 | 8330  | ALLOC |      4.00 |               344.00 | 4216194 | - | -
06:15:06.502944 | 8330  | ALLOC |      4.00 |               348.00 | 4029058 | - | -
06:15:06.496244 | 208449 | FREE  |     32.00 |                36.00 | 3459128 | ComposePost_seq0_7e2c197e1ed7ec34 | 484046191706175360
06:15:06.492933 | 208413 | FREE  |     32.00 |                52.00 | 3583912 | ComposePost_seq0_e47438eb1e22721a | 880946326915043584
06:15:06.603141 | 8330  | ALLOC |      4.00 |               352.00 | 4228954 | - | -
06:15:06.603150 | 8330  | ALLOC |      4.00 |               356.00 | 4214087 | - | -
06:15:06.603155 | 8330  | ALLOC |      4.00 |               360.00 | 4213114 | - | -
06:15:06.603161 | 8330  | ALLOC |      4.00 |               364.00 | 1986658 | - | -
06:15:06.603166 | 8330  | ALLOC |      4.00 |               368.00 | 3677412 | - | -
06:15:06.603171 | 8330  | ALLOC |      4.00 |               372.00 | 3029119 | - | -
06:15:06.603176 | 8330  | ALLOC |      4.00 |               376.00 | 1798306 | - | -
06:15:06.603182 | 8330  | ALLOC |      4.00 |               380.00 | 2976798 | - | -
06:15:06.603187 | 8330  | ALLOC |      4.00 |               384.00 | 3794047 | - | -
06:15:06.603192 | 8330  | ALLOC |      4.00 |               388.00 | 2901104 | - | -
06:15:06.603197 | 8330  | ALLOC |      4.00 |               392.00 | 3098446 | - | -
06:15:06.603202 | 8330  | ALLOC |      4.00 |               396.00 | 3870633 | - | -
06:15:06.603208 | 8330  | ALLOC |      4.00 |               400.00 | 3270924 | - | -
06:15:06.603213 | 8330  | ALLOC |      4.00 |               404.00 | 3048283 | - | -
06:15:06.603218 | 8330  | ALLOC |      4.00 |               408.00 | 4246319 | - | -
06:15:06.603223 | 8330  | ALLOC |      4.00 |               412.00 | 3912162 | - | -
06:15:06.603229 | 8330  | ALLOC |      4.00 |               416.00 | 3898074 | - | -
06:15:06.603234 | 8330  | ALLOC |      4.00 |               420.00 | 3953703 | - | -
06:15:06.603239 | 8330  | ALLOC |      4.00 |               424.00 | 4215980 | - | -
06:15:06.603244 | 8330  | ALLOC |      4.00 |               428.00 | 3854394 | - | -
06:15:06.603260 | 8330  | ALLOC |      4.00 |               432.00 | 3961547 | - | -
06:15:06.603266 | 8330  | ALLOC |      4.00 |               436.00 | 4036565 | - | -
06:15:06.603271 | 8330  | ALLOC |      4.00 |               440.00 | 3830195 | - | -
06:15:06.603276 | 8330  | ALLOC |      4.00 |               444.00 | 2935405 | - | -
06:15:06.603281 | 8330  | ALLOC |      4.00 |               448.00 | 2883016 | - | -
06:15:06.603291 | 8330  | ALLOC |      4.00 |               452.00 | 3778691 | - | -
06:15:06.603296 | 8330  | ALLOC |      4.00 |               456.00 | 1754265 | - | -
06:15:06.603301 | 8330  | ALLOC |      4.00 |               460.00 | 4206755 | - | -
06:15:06.603306 | 8330  | ALLOC |      4.00 |               464.00 | 1357688 | - | -
06:15:06.603311 | 8330  | ALLOC |      4.00 |               468.00 | 3676303 | - | -
06:15:06.603316 | 8330  | ALLOC |      4.00 |               472.00 | 3848527 | - | -
06:15:06.603321 | 8330  | ALLOC |      4.00 |               476.00 | 4050054 | - | -
06:15:06.603326 | 8330  | ALLOC |      4.00 |               480.00 | 3816392 | - | -
06:15:06.603332 | 8330  | ALLOC |      4.00 |               484.00 | 3810120 | - | -
06:15:06.603337 | 8330  | ALLOC |      4.00 |               488.00 | 3846561 | - | -
06:15:06.603342 | 8330  | ALLOC |      4.00 |               492.00 | 3811187 | - | -
06:15:06.603347 | 8330  | ALLOC |      4.00 |               496.00 | 3752171 | - | -
06:15:06.603352 | 8330  | ALLOC |      4.00 |               500.00 | 1889822 | - | -
06:15:06.603357 | 8330  | ALLOC |      4.00 |               504.00 | 3704546 | - | -
06:15:06.603363 | 8330  | ALLOC |      4.00 |               508.00 | 3519421 | - | -
06:15:06.603368 | 8330  | ALLOC |      4.00 |               512.00 | 3934578 | - | -
06:15:06.603373 | 8330  | ALLOC |      4.00 |               516.00 | 3962061 | - | -
06:15:06.603379 | 8330  | ALLOC |      4.00 |               520.00 | 3934577 | - | -
06:15:06.603384 | 8330  | ALLOC |      4.00 |               524.00 | 4027254 | - | -
06:15:06.603389 | 8330  | ALLOC |      4.00 |               528.00 | 3898042 | - | -
06:15:06.603394 | 8330  | ALLOC |      4.00 |               532.00 | 3706804 | - | -
06:15:06.603400 | 8330  | ALLOC |      4.00 |               536.00 | 3995113 | - | -
06:15:06.603406 | 8330  | ALLOC |      4.00 |               540.00 | 3711652 | - | -
06:15:06.603412 | 8330  | ALLOC |      4.00 |               544.00 | 3841513 | - | -
06:15:06.603419 | 8330  | ALLOC |      4.00 |               548.00 | 3385090 | - | -
06:15:06.603425 | 8330  | ALLOC |      4.00 |               552.00 | 3828613 | - | -
06:15:06.603431 | 8330  | ALLOC |      4.00 |               556.00 | 4061619 | - | -
06:15:06.603445 | 8330  | ALLOC |      4.00 |               560.00 | 4226935 | - | -
06:15:06.603451 | 8330  | ALLOC |      4.00 |               564.00 | 4202944 | - | -
06:15:06.603457 | 8330  | ALLOC |      4.00 |               568.00 | 4202945 | - | -
06:15:06.603463 | 8330  | ALLOC |      4.00 |               572.00 | 4202946 | - | -
06:15:06.603474 | 8330  | ALLOC |      4.00 |               576.00 | 4202947 | - | -
06:15:06.603480 | 8330  | ALLOC |      4.00 |               580.00 | 3876884 | - | -
06:15:06.603486 | 8330  | ALLOC |      4.00 |               584.00 | 3876885 | - | -
06:15:06.603492 | 8330  | ALLOC |      4.00 |               588.00 | 3876886 | - | -
06:15:06.603498 | 8330  | ALLOC |      4.00 |               592.00 | 3876887 | - | -
06:15:06.603505 | 8330  | ALLOC |      4.00 |               596.00 | 4204708 | - | -
06:15:06.603511 | 8330  | ALLOC |      4.00 |               600.00 | 4204709 | - | -
06:15:06.603517 | 8330  | ALLOC |      4.00 |               604.00 | 4204710 | - | -
06:15:06.603523 | 8330  | ALLOC |      4.00 |               608.00 | 4204711 | - | -
06:15:06.603529 | 8330  | ALLOC |      4.00 |               612.00 | 4240044 | - | -
06:15:06.603535 | 8330  | ALLOC |      4.00 |               616.00 | 4240045 | - | -
06:15:06.603541 | 8330  | ALLOC |      4.00 |               620.00 | 4240046 | - | -
06:15:06.603547 | 8330  | ALLOC |      4.00 |               624.00 | 4240047 | - | -
06:15:06.603553 | 8330  | ALLOC |      4.00 |               628.00 | 3836596 | - | -
06:15:06.603559 | 8330  | ALLOC |      4.00 |               632.00 | 3836597 | - | -
06:15:06.603565 | 8330  | ALLOC |      4.00 |               636.00 | 3836598 | - | -
06:15:06.603570 | 8330  | ALLOC |      4.00 |               640.00 | 3836599 | - | -
06:15:06.603577 | 8330  | ALLOC |      4.00 |               644.00 | 3935028 | - | -
06:15:06.603582 | 8330  | ALLOC |      4.00 |               648.00 | 3935029 | - | -
06:15:06.603588 | 8330  | ALLOC |      4.00 |               652.00 | 3935030 | - | -
06:15:06.603594 | 8330  | ALLOC |      4.00 |               656.00 | 3935031 | - | -
06:15:06.603600 | 8330  | ALLOC |      4.00 |               660.00 | 4236640 | - | -
06:15:06.603606 | 8330  | ALLOC |      4.00 |               664.00 | 4236641 | - | -
06:15:06.603612 | 8330  | ALLOC |      4.00 |               668.00 | 4236642 | - | -
06:15:06.603617 | 8330  | ALLOC |      4.00 |               672.00 | 4236643 | - | -
06:15:06.603623 | 8330  | ALLOC |      4.00 |               676.00 | 4233568 | - | -
06:15:06.603629 | 8330  | ALLOC |      4.00 |               680.00 | 4233569 | - | -
06:15:06.603635 | 8330  | ALLOC |      4.00 |               684.00 | 4233570 | - | -
06:15:06.603640 | 8330  | ALLOC |      4.00 |               688.00 | 4233571 | - | -
06:15:06.603647 | 8330  | ALLOC |      4.00 |               692.00 | 4201008 | - | -
06:15:06.603652 | 8330  | ALLOC |      4.00 |               696.00 | 4201009 | - | -
06:15:06.603663 | 8330  | ALLOC |      4.00 |               700.00 | 4201010 | - | -
06:15:06.603669 | 8330  | ALLOC |      4.00 |               704.00 | 4201011 | - | -
06:15:06.603675 | 8330  | ALLOC |      4.00 |               708.00 | 3944640 | - | -
06:15:06.603681 | 8330  | ALLOC |      4.00 |               712.00 | 3944641 | - | -
06:15:06.603687 | 8330  | ALLOC |      4.00 |               716.00 | 3944642 | - | -
06:15:06.603693 | 8330  | ALLOC |      4.00 |               720.00 | 3944643 | - | -
06:15:06.603710 | 8330  | ALLOC |      4.00 |               724.00 | 2181836 | - | -
06:15:06.603740 | 8330  | ALLOC |      4.00 |               728.00 | 2181837 | - | -
06:15:06.603746 | 8330  | ALLOC |      4.00 |               732.00 | 2181838 | - | -
06:15:06.603752 | 8330  | ALLOC |      4.00 |               736.00 | 2181839 | - | -
06:15:06.603759 | 8330  | ALLOC |      4.00 |               740.00 | 2181956 | - | -
06:15:06.603765 | 8330  | ALLOC |      4.00 |               744.00 | 2181957 | - | -
06:15:06.603771 | 8330  | ALLOC |      4.00 |               748.00 | 2181958 | - | -
06:15:06.603777 | 8330  | ALLOC |      4.00 |               752.00 | 2181959 | - | -
06:15:06.603784 | 8330  | ALLOC |      4.00 |               756.00 | 2182072 | - | -
06:15:06.704025 | 8330  | ALLOC |      4.00 |               760.00 | 2182073 | - | -
06:15:06.704035 | 8330  | ALLOC |      4.00 |               764.00 | 2182074 | - | -
06:15:06.804256 | 8330  | ALLOC |      4.00 |               768.00 | 2182075 | - | -
06:15:06.805709 | 8330  | FREE  |      4.00 |               764.00 | 3617978 | - | -
06:15:06.819556 | 8330  | FREE  |      4.00 |               760.00 | 3617975 | - | -
06:15:06.819560 | 8330  | FREE  |      4.00 |               756.00 | 3646507 | - | -
06:15:06.819563 | 8330  | FREE  |      4.00 |               752.00 | 3610266 | - | -
06:15:06.819565 | 8330  | FREE  |      4.00 |               748.00 | 3617976 | - | -
06:15:06.819568 | 8330  | FREE  |      4.00 |               744.00 | 3617977 | - | -
06:15:06.819570 | 8330  | FREE  |      4.00 |               740.00 | 1712093 | - | -
06:15:06.819573 | 8330  | FREE  |      4.00 |               736.00 | 3379088 | - | -
06:15:06.819575 | 8330  | FREE  |      4.00 |               732.00 | 3450412 | - | -
06:15:06.819578 | 8330  | FREE  |      4.00 |               728.00 | 3591575 | - | -
06:15:06.819582 | 8330  | FREE  |      4.00 |               724.00 | 3360025 | - | -
06:15:06.819587 | 8330  | FREE  |      4.00 |               720.00 | 3567771 | - | -
06:15:06.819590 | 8330  | FREE  |      4.00 |               716.00 | 2884377 | - | -
06:15:06.819592 | 8330  | FREE  |      4.00 |               712.00 | 3360026 | - | -
06:15:06.819596 | 8330  | FREE  |      4.00 |               708.00 | 3623046 | - | -
06:15:06.819598 | 8330  | FREE  |      4.00 |               704.00 | 2898735 | - | -
06:15:06.819601 | 8330  | FREE  |      4.00 |               700.00 | 3164142 | - | -
06:15:06.819603 | 8330  | FREE  |      4.00 |               696.00 | 3367978 | - | -
06:15:06.819608 | 8330  | FREE  |      4.00 |               692.00 | 1557833 | - | -
06:15:06.819611 | 8330  | FREE  |      4.00 |               688.00 | 2924919 | - | -
06:15:06.819613 | 8330  | FREE  |      4.00 |               684.00 | 3629287 | - | -
06:15:06.819615 | 8330  | FREE  |      4.00 |               680.00 | 3653550 | - | -
06:15:06.819618 | 8330  | FREE  |      4.00 |               676.00 | 3645565 | - | -
06:15:06.819620 | 8330  | FREE  |      4.00 |               672.00 | 3436830 | - | -
06:15:06.819622 | 8330  | FREE  |      4.00 |               668.00 | 3579177 | - | -
06:15:06.819625 | 8330  | FREE  |      4.00 |               664.00 | 3620320 | - | -
06:15:06.819627 | 8330  | FREE  |      4.00 |               660.00 | 3525761 | - | -
06:15:06.819629 | 8330  | FREE  |      4.00 |               656.00 | 3595748 | - | -
06:15:06.819632 | 8330  | FREE  |      4.00 |               652.00 | 1839960 | - | -
06:15:06.819634 | 8330  | FREE  |      4.00 |               648.00 | 3519793 | - | -
06:15:06.819636 | 8330  | FREE  |      4.00 |               644.00 | 3646667 | - | -
06:15:06.819638 | 8330  | FREE  |      4.00 |               640.00 | 3602570 | - | -
06:15:06.819641 | 8330  | FREE  |      4.00 |               636.00 | 3368719 | - | -
06:15:08.474015 | 208522 | FREE  |     32.00 |                 0.00 | 3562864 | ComposeText_seq0_05a825e2768e7c70 | 369412278488325056
06:15:09.324437 | 10084 | ALLOC |      4.00 |                 4.00 | 4243577 | - | -
06:15:09.324451 | 10084 | ALLOC |      4.00 |                 8.00 | 4221373 | - | -
06:15:09.324455 | 10084 | ALLOC |      4.00 |                12.00 | 4239374 | - | -
06:15:09.324458 | 10084 | ALLOC |      4.00 |                16.00 | 4239372 | - | -
06:15:09.324462 | 10084 | ALLOC |      4.00 |                20.00 | 2181969 | - | -
06:15:09.324465 | 10084 | ALLOC |      4.00 |                24.00 | 3905738 | - | -
06:15:09.324469 | 10084 | ALLOC |      4.00 |                28.00 | 4205943 | - | -
06:15:09.324496 | 10084 | ALLOC |      4.00 |                32.00 | 4243583 | - | -
06:15:09.324500 | 10084 | ALLOC |      4.00 |                36.00 | 4238046 | - | -
06:15:09.324626 | 10084 | ALLOC |      4.00 |                40.00 | 3704646 | - | -
06:15:09.324884 | 10084 | ALLOC |      4.00 |                44.00 | 4205342 | - | -
06:15:09.324888 | 10084 | ALLOC |      4.00 |                48.00 | 4242143 | - | -
06:15:09.325264 | 10084 | ALLOC |      4.00 |                52.00 | 4229869 | - | -
06:15:09.325473 | 10084 | ALLOC |      4.00 |                56.00 | 3958123 | - | -
06:15:09.325476 | 10084 | ALLOC |      4.00 |                60.00 | 3958122 | - | -
06:15:09.325697 | 10084 | ALLOC |      4.00 |                64.00 | 3784018 | - | -
06:15:09.325789 | 10084 | ALLOC |      4.00 |                68.00 | 4209163 | - | -
06:15:09.325792 | 10084 | ALLOC |      4.00 |                72.00 | 3907881 | - | -
06:15:09.325967 | 10084 | ALLOC |      4.00 |                76.00 | 4243161 | - | -
06:15:09.326132 | 10084 | ALLOC |      4.00 |                80.00 | 3783767 | - | -
06:15:09.326165 | 10084 | ALLOC |      4.00 |                84.00 | 3783766 | - | -
06:15:09.326198 | 10084 | ALLOC |      4.00 |                88.00 | 4227679 | - | -
06:15:09.326338 | 10084 | ALLOC |     16.00 |               104.00 | 4026516 | - | -
06:15:09.326354 | 10084 | ALLOC |      4.00 |               108.00 | 4227678 | - | -
06:15:09.326358 | 10084 | ALLOC |      4.00 |               112.00 | 4234205 | - | -
06:15:10.326426 | 10124 | ALLOC |     16.00 |                16.00 | 4054484 | - | -
06:15:10.326442 | 10124 | ALLOC |      4.00 |                20.00 | 4252993 | - | -
06:15:10.326447 | 10124 | ALLOC |      4.00 |                24.00 | 3873542 | - | -
06:15:10.326292 | 10123 | ALLOC |     16.00 |                16.00 | 4234264 | - | -
06:15:10.326311 | 10123 | ALLOC |      4.00 |                20.00 | 3929152 | - | -
06:15:10.326315 | 10123 | ALLOC |      4.00 |                24.00 | 4252767 | - | -
06:15:10.326551 | 10100 | ALLOC |     16.00 |                16.00 | 4250592 | - | -
06:15:10.326565 | 10100 | ALLOC |      4.00 |                20.00 | 3873743 | - | -
06:15:10.326569 | 10100 | ALLOC |      4.00 |                24.00 | 3873744 | - | -
06:15:10.326614 | 10129 | ALLOC |     16.00 |                16.00 | 3480696 | - | -
06:15:10.326627 | 10129 | ALLOC |      4.00 |                20.00 | 4251125 | - | -
06:15:10.326631 | 10129 | ALLOC |      4.00 |                24.00 | 4251074 | - | -
06:15:10.326717 | 10128 | ALLOC |     16.00 |                16.00 | 4212248 | - | -
06:15:10.326729 | 10128 | ALLOC |      4.00 |                20.00 | 3691445 | - | -
06:15:10.326734 | 10128 | ALLOC |      4.00 |                24.00 | 3813473 | - | -
06:15:11.859677 | 208289 | FREE  |      8.00 |                36.00 | 3574682 | ComposePost_seq0_707a69ea4f36fd3a | 17857845171417736
06:15:12.759660 | 208397 | FREE  |      8.00 |                56.00 | 3560960 | ComposePost_seq0_ced7ab160f8a1336 | 783436030923807232
06:15:16.189563 | 208376 | FREE  |      8.00 |                60.00 | 3595338 | ComposePost_seq0_6f02fb0d94fd1b3d | 31315600037345160
06:15:16.419685 | 208295 | FREE  |      8.00 |                44.00 | 2647590 | ComposePost_seq0_50be28a7c7d87e1c | 707743704306764544
06:15:16.419854 | 208273 | FREE  |     32.00 |                 0.00 | 3556352 | ComposePost_seq0_8443d3bae3c86841 | 623657488676140544
06:15:16.419819 | 208397 | FREE  |     32.00 |                 0.00 | 3630040 | ComposePost_seq0_ced7ab160f8a1336 | 783436030923807232
06:15:16.419832 | 208334 | FREE  |     32.00 |                 0.00 | 3550296 | ComposePost_seq0_49cb0115b0e811e3 | 925552882500430592
06:15:16.423071 | 208313 | FREE  |     32.00 |                 0.00 | 3602816 | ComposePost_seq0_c44979ad70427147 | 256439429708275104
06:15:16.423096 | 208323 | FREE  |     32.00 |                 0.00 | 3583096 | ComposePost_seq0_65263f1f049eb769 | 879394336510968704
06:15:16.423653 | 208488 | FREE  |     32.00 |                 0.00 | 3379080 | ComposePost_seq0_996206b8835275fe | 801071469348323712
06:15:16.423296 | 208464 | FREE  |     32.00 |                 0.00 | 3579640 | ComposePost_seq0_6edc587933f94905 | 820099444343046144
06:15:16.423270 | 208419 | FREE  |     32.00 |                 0.00 | 3220496 | ComposePost_seq0_09a4129648cda8f5 | 475022991964950720
06:15:16.423254 | 208376 | FREE  |     32.00 |                 0.00 | 3647176 | ComposePost_seq0_6f02fb0d94fd1b3d | 31315600037345160
06:15:16.423306 | 208413 | FREE  |     32.00 |                 0.00 | 3570736 | ComposePost_seq0_e47438eb1e22721a | 880946326915043584
06:15:16.423575 | 208303 | FREE  |     32.00 |                 0.00 | 3519680 | ComposePost_seq0_b9b3c6c7e997f3e4 | 1036287228257293056
06:15:16.423210 | 208374 | FREE  |     32.00 |                 0.00 | 3579192 | ComposePost_seq0_9881eb134d0202ee | 906889968282656000
06:15:16.423112 | 208293 | FREE  |     32.00 |                 0.00 | 2090520 | ComposePost_seq0_e1ecb42156ff855f | 566096028095250496
06:15:16.423132 | 208289 | FREE  |     32.00 |                 0.00 | 3472064 | ComposePost_seq0_707a69ea4f36fd3a | 17857845171417736
06:15:16.423140 | 208280 | ALLOC |      4.00 |                56.00 | 3631999 | ComposePost_seq0_effbf065c1aec4c8 | 245996811938174976
06:15:16.423159 | 208285 | FREE  |      4.00 |                 0.00 | 3929739 | ComposePost_seq0_effbf065c1aec4c8 | 245996811938174976
06:15:16.423161 | 208280 | FREE  |      4.00 |                52.00 | 3873362 | ComposePost_seq0_effbf065c1aec4c8 | 245996811938174976
06:15:16.423163 | 208280 | FREE  |      4.00 |                48.00 | 3873361 | ComposePost_seq0_effbf065c1aec4c8 | 245996811938174976
06:15:16.423191 | 208280 | FREE  |     32.00 |                 0.00 | 3597640 | ComposePost_seq0_effbf065c1aec4c8 | 245996811938174976
06:15:16.429427 | 208402 | FREE  |     32.00 |                 0.00 | 3378240 | ComposePost_seq0_ee469bd5f1dabd82 | 502908273795594752
06:15:16.429721 | 208494 | FREE  |     32.00 |                 0.00 | 3559680 | ComposePost_seq0_bab4150af43174ec | 224088125984358432
06:15:16.426369 | 208295 | ALLOC |      4.00 |                48.00 | 3615893 | ComposePost_seq0_50be28a7c7d87e1c | 707743704306764544
06:15:16.426386 | 208392 | FREE  |      4.00 |                 0.00 | 3745512 | ComposePost_seq0_6f02fb0d94fd1b3d | 31315600037345160
06:15:16.426390 | 208376 | FREE  |      4.00 |                 0.00 | 4252478 | ComposePost_seq0_6f02fb0d94fd1b3d | 31315600037345160
06:15:16.426392 | 208376 | FREE  |      4.00 |                 0.00 | 4251673 | ComposePost_seq0_6f02fb0d94fd1b3d | 31315600037345160
06:15:16.429707 | 208281 | FREE  |     32.00 |                 0.00 | 3625280 | ComposePost_seq0_fd27dad4ead2b6a3 | 425182569067808320
06:15:16.426472 | 208449 | FREE  |     32.00 |                 0.00 | 3583160 | ComposePost_seq0_7e2c197e1ed7ec34 | 484046191706175360
06:15:16.426502 | 208423 | FREE  |     32.00 |                 0.00 | 3556632 | ComposePost_seq0_203f8f363238ac17 | 537894054951923328
06:15:16.426526 | 208296 | FREE  |     32.00 |                 0.00 | 3618536 | ComposePost_seq0_5fc5cdb205b30785 | 224918157079723552
06:15:16.426547 | 208447 | FREE  |     32.00 |                 0.00 | 3625304 | ComposePost_seq0_92aeacaeb8822d40 | 438655555353970304
06:15:16.426445 | 208295 | FREE  |     32.00 |                 0.00 | 3519648 | ComposePost_seq0_50be28a7c7d87e1c | 707743704306764544
06:15:16.442922 | 208376 | FREE  |      4.00 |                 0.00 | 2924801 | ComposePost_seq0_6f02fb0d94fd1b3d | 31315600037345160
06:15:16.442926 | 208295 | FREE  |      4.00 |                 0.00 | 3615893 | ComposePost_seq0_50be28a7c7d87e1c | 707743704306764544
06:15:16.442924 | 208289 | FREE  |      4.00 |                 0.00 | 3598086 | ComposePost_seq0_707a69ea4f36fd3a | 17857845171417736
06:15:16.442928 | 208280 | FREE  |      4.00 |                 0.00 | 1519966 | ComposePost_seq0_effbf065c1aec4c8 | 245996811938174976
06:15:16.442931 | 208280 | FREE  |      4.00 |                 0.00 | 3631999 | ComposePost_seq0_effbf065c1aec4c8 | 245996811938174976
06:15:16.509560 | 208402 | FREE  |     32.00 |                 0.00 | 3660848 | ComposePost_seq0_ee469bd5f1dabd82 | 502908273795594752
06:15:18.327662 | 10084 | ALLOC |     16.00 |               128.00 | 3949272 | - | -
06:15:18.327683 | 10084 | ALLOC |      4.00 |               132.00 | 3775023 | - | -
06:15:18.327739 | 10084 | FREE  |     16.00 |               116.00 | 4026516 | - | -
06:15:18.327746 | 10084 | FREE  |      4.00 |               112.00 | 4227678 | - | -
06:15:18.327748 | 10084 | FREE  |      4.00 |               108.00 | 4234205 | - | -
06:15:19.327519 | 10100 | ALLOC |     16.00 |                40.00 | 4221064 | - | -
06:15:19.327537 | 10100 | ALLOC |      4.00 |                44.00 | 3850676 | - | -
06:15:19.327543 | 10100 | ALLOC |      4.00 |                48.00 | 4239734 | - | -
06:15:19.327587 | 10100 | FREE  |     16.00 |                32.00 | 4250592 | - | -
06:15:19.327590 | 10100 | FREE  |      4.00 |                28.00 | 3873743 | - | -
06:15:19.327593 | 10100 | FREE  |      4.00 |                24.00 | 3873744 | - | -
06:15:19.327828 | 10128 | ALLOC |      4.00 |                28.00 | 3873734 | - | -
06:15:19.327838 | 10128 | ALLOC |     16.00 |                44.00 | 3848252 | - | -
06:15:19.327857 | 10128 | ALLOC |      4.00 |                48.00 | 2181849 | - | -
06:15:19.327908 | 10128 | FREE  |     16.00 |                32.00 | 4212248 | - | -
06:15:19.327912 | 10128 | FREE  |      4.00 |                28.00 | 3691445 | - | -
06:15:19.327914 | 10128 | FREE  |      4.00 |                24.00 | 3813473 | - | -
06:15:19.327970 | 10129 | ALLOC |      4.00 |                28.00 | 4250707 | - | -
06:15:19.327988 | 10129 | ALLOC |     16.00 |                44.00 | 4232724 | - | -
06:15:19.328015 | 10129 | ALLOC |      4.00 |                48.00 | 3820324 | - | -
06:15:19.328051 | 10129 | FREE  |     16.00 |                32.00 | 3480696 | - | -
06:15:19.328054 | 10129 | FREE  |      4.00 |                28.00 | 4251125 | - | -
06:15:19.328056 | 10129 | FREE  |      4.00 |                24.00 | 4251074 | - | -
06:15:19.327759 | 10124 | ALLOC |      8.00 |                32.00 | 3702058 | - | -
06:15:19.327782 | 10124 | ALLOC |      8.00 |                40.00 | 3929194 | - | -
06:15:19.327789 | 10124 | ALLOC |      4.00 |                44.00 | 1970260 | - | -
06:15:19.327794 | 10124 | ALLOC |      4.00 |                48.00 | 3677440 | - | -
06:15:19.327831 | 10124 | FREE  |     16.00 |                32.00 | 4054484 | - | -
06:15:19.327834 | 10124 | FREE  |      4.00 |                28.00 | 4252993 | - | -
06:15:19.327836 | 10124 | FREE  |      4.00 |                24.00 | 3873542 | - | -
06:15:19.327848 | 10123 | ALLOC |     16.00 |                40.00 | 4051452 | - | -
06:15:19.327866 | 10123 | ALLOC |      4.00 |                44.00 | 3018715 | - | -
06:15:19.327873 | 10123 | ALLOC |      4.00 |                48.00 | 4214820 | - | -
06:15:19.327928 | 10123 | FREE  |     16.00 |                32.00 | 4234264 | - | -
06:15:19.327932 | 10123 | FREE  |      4.00 |                28.00 | 3929152 | - | -
06:15:19.327935 | 10123 | FREE  |      4.00 |                24.00 | 4252767 | - | -
06:15:23.129565 | 208397 | FREE  |      8.00 |                 0.00 | 3635114 | ComposePost_seq0_ced7ab160f8a1336 | 783436030923807232
06:15:27.072580 | 9935  | ALLOC |      4.00 |                 4.00 | 3028499 | - | -
06:15:27.072595 | 9935  | ALLOC |      4.00 |                 8.00 | 1482255 | - | -
06:15:27.180452 | 9935  | ALLOC |      4.00 |                12.00 | 1847644 | - | -
06:15:29.325994 | 10084 | ALLOC |      8.00 |               116.00 | 4052226 | - | -
06:15:29.326026 | 10084 | ALLOC |      4.00 |               120.00 | 3929856 | - | -
06:15:29.326031 | 10084 | ALLOC |      4.00 |               124.00 | 4232138 | - | -
06:15:30.325882 | 10124 | ALLOC |      8.00 |                32.00 | 3983892 | - | -
06:15:30.325904 | 10124 | ALLOC |      4.00 |                36.00 | 4218085 | - | -
06:15:30.325910 | 10124 | ALLOC |      4.00 |                40.00 | 4216014 | - | -
06:15:30.325937 | 10123 | ALLOC |      8.00 |                32.00 | 3003224 | - | -
06:15:30.325975 | 10123 | ALLOC |      4.00 |                36.00 | 3667784 | - | -
06:15:30.325991 | 10123 | ALLOC |      4.00 |                40.00 | 4220303 | - | -
06:15:30.325879 | 10129 | ALLOC |      8.00 |                32.00 | 4218176 | - | -
06:15:30.325901 | 10129 | ALLOC |      4.00 |                36.00 | 4199390 | - | -
06:15:30.325907 | 10129 | ALLOC |      4.00 |                40.00 | 4199389 | - | -
06:15:30.325891 | 10128 | ALLOC |      8.00 |                32.00 | 3810980 | - | -
06:15:30.325912 | 10128 | ALLOC |      4.00 |                36.00 | 3873561 | - | -
06:15:30.325918 | 10128 | ALLOC |      4.00 |                40.00 | 3873564 | - | -
06:15:30.325886 | 10100 | ALLOC |      8.00 |                32.00 | 3906034 | - | -
06:15:30.325904 | 10100 | ALLOC |      4.00 |                36.00 | 2986625 | - | -
06:15:30.325910 | 10100 | ALLOC |      4.00 |                40.00 | 3873355 | - | -
06:15:39.325637 | 10084 | ALLOC |      8.00 |               132.00 | 3998640 | - | -
06:15:39.325672 | 10084 | ALLOC |      4.00 |               136.00 | 3808256 | - | -
06:15:39.325680 | 10084 | ALLOC |      4.00 |               140.00 | 4046035 | - | -
06:15:39.325755 | 10084 | FREE  |      8.00 |               132.00 | 4052226 | - | -
06:15:39.325758 | 10084 | FREE  |      4.00 |               128.00 | 3929856 | - | -
06:15:39.325759 | 10084 | FREE  |      4.00 |               124.00 | 4232138 | - | -
06:15:39.858797 | 9937  | ALLOC |      4.00 |                 4.00 | 2544895 | - | -
06:15:39.858815 | 9937  | ALLOC |      4.00 |                 8.00 | 1880198 | - | -
06:15:39.859367 | 9939  | ALLOC |      4.00 |                 4.00 | 2373853 | - | -
06:15:39.859384 | 9939  | ALLOC |      4.00 |                 8.00 | 2165323 | - | -
06:15:39.904378 | 9937  | ALLOC |      4.00 |                12.00 | 3733266 | - | -
06:15:39.966991 | 9939  | ALLOC |      4.00 |                12.00 | 4252248 | - | -
06:15:40.037057 | 9940  | ALLOC |      4.00 |                 4.00 | 3867676 | - | -
06:15:40.037135 | 9940  | ALLOC |      4.00 |                 8.00 | 3009683 | - | -
06:15:40.037156 | 9940  | ALLOC |      4.00 |                12.00 | 3711198 | - | -
06:15:40.037228 | 9940  | ALLOC |      4.00 |                16.00 | 3704103 | - | -
06:15:40.037241 | 9940  | ALLOC |      4.00 |                20.00 | 3769308 | - | -
06:15:40.325451 | 10129 | ALLOC |      8.00 |                48.00 | 4210764 | - | -
06:15:40.325469 | 10129 | ALLOC |      4.00 |                52.00 | 4250671 | - | -
06:15:40.325474 | 10129 | ALLOC |      4.00 |                56.00 | 4233984 | - | -
06:15:40.325539 | 10129 | FREE  |      8.00 |                48.00 | 4218176 | - | -
06:15:40.325541 | 10129 | FREE  |      4.00 |                44.00 | 4199390 | - | -
06:15:40.325543 | 10129 | FREE  |      4.00 |                40.00 | 4199389 | - | -
06:15:40.325454 | 10100 | ALLOC |      8.00 |                48.00 | 4210826 | - | -
06:15:40.325477 | 10100 | ALLOC |      4.00 |                52.00 | 4230308 | - | -
06:15:40.325481 | 10100 | ALLOC |      4.00 |                56.00 | 4230309 | - | -
06:15:40.325540 | 10100 | FREE  |      8.00 |                48.00 | 3906034 | - | -
06:15:40.325543 | 10100 | FREE  |      4.00 |                44.00 | 2986625 | - | -
06:15:40.325545 | 10100 | FREE  |      4.00 |                40.00 | 3873355 | - | -
06:15:40.325704 | 10123 | ALLOC |      8.00 |                48.00 | 4210888 | - | -
06:15:40.325716 | 10123 | ALLOC |      4.00 |                52.00 | 4259025 | - | -
06:15:40.325721 | 10123 | ALLOC |      4.00 |                56.00 | 4259082 | - | -
06:15:40.325768 | 10123 | FREE  |      8.00 |                48.00 | 3003224 | - | -
06:15:40.325770 | 10123 | FREE  |      4.00 |                44.00 | 3667784 | - | -
06:15:40.325772 | 10123 | FREE  |      4.00 |                40.00 | 4220303 | - | -
06:15:40.325887 | 10128 | ALLOC |      8.00 |                48.00 | 4210950 | - | -
06:15:40.325903 | 10128 | ALLOC |      4.00 |                52.00 | 1849020 | - | -
06:15:40.325907 | 10128 | ALLOC |      4.00 |                56.00 | 2874688 | - | -
06:15:40.325961 | 10128 | FREE  |      8.00 |                48.00 | 3810980 | - | -
06:15:40.325964 | 10128 | FREE  |      4.00 |                44.00 | 3873561 | - | -
06:15:40.325966 | 10128 | FREE  |      4.00 |                40.00 | 3873564 | - | -
06:15:40.325884 | 10124 | ALLOC |      8.00 |                48.00 | 2980182 | - | -
06:15:40.325902 | 10124 | ALLOC |      4.00 |                52.00 | 4060631 | - | -
06:15:40.325907 | 10124 | ALLOC |      4.00 |                56.00 | 4060630 | - | -
06:15:40.325961 | 10124 | FREE  |      8.00 |                48.00 | 3983892 | - | -
06:15:40.325964 | 10124 | FREE  |      4.00 |                44.00 | 4218085 | - | -
06:15:40.325966 | 10124 | FREE  |      4.00 |                40.00 | 4216014 | - | -
06:15:40.624766 | 9938  | ALLOC |      4.00 |                 4.00 | 3286190 | - | -
06:15:40.624805 | 9938  | ALLOC |      4.00 |                 8.00 | 3040448 | - | -
06:15:41.066486 | 9945  | ALLOC |      4.00 |                 8.00 | 4252529 | - | -
06:15:41.066413 | 9945  | ALLOC |      4.00 |                 4.00 | 4102593 | - | -
06:15:41.100076 | 9938  | ALLOC |      4.00 |                12.00 | 3812683 | - | -
06:15:41.113860 | 9977  | ALLOC |      4.00 |                12.00 | 4102592 | - | -
06:15:41.156335 | 9940  | ALLOC |      4.00 |                24.00 | 3006103 | - | -
06:15:41.156357 | 9940  | ALLOC |      4.00 |                28.00 | 3042451 | - | -
06:15:41.174874 | 9945  | ALLOC |      4.00 |                12.00 | 4211050 | - | -
06:15:41.213002 | 9940  | ALLOC |      4.00 |                32.00 | 4029208 | - | -
06:15:49.326164 | 10084 | ALLOC |      8.00 |               132.00 | 4052226 | - | -
06:15:49.326188 | 10084 | ALLOC |      4.00 |               136.00 | 4102299 | - | -
06:15:49.326194 | 10084 | ALLOC |      4.00 |               140.00 | 4102300 | - | -
06:15:49.326324 | 10084 | FREE  |      8.00 |               132.00 | 3998640 | - | -
06:15:49.326328 | 10084 | FREE  |      4.00 |               128.00 | 3808256 | - | -
06:15:49.326331 | 10084 | FREE  |      4.00 |               124.00 | 4046035 | - | -
06:15:50.326032 | 10123 | ALLOC |      8.00 |                48.00 | 4251086 | - | -
06:15:50.326048 | 10123 | ALLOC |      4.00 |                52.00 | 3701856 | - | -
06:15:50.326054 | 10123 | ALLOC |      4.00 |                56.00 | 3701857 | - | -
06:15:50.326126 | 10123 | FREE  |      8.00 |                48.00 | 4210888 | - | -
06:15:50.326129 | 10123 | FREE  |      4.00 |                44.00 | 4259025 | - | -
06:15:50.326131 | 10123 | FREE  |      4.00 |                40.00 | 4259082 | - | -
06:15:50.325997 | 10124 | ALLOC |      8.00 |                48.00 | 3983892 | - | -
06:15:50.326024 | 10124 | ALLOC |      4.00 |                52.00 | 4104441 | - | -
06:15:50.326030 | 10124 | ALLOC |      4.00 |                56.00 | 4104440 | - | -
06:15:50.326122 | 10124 | FREE  |      8.00 |                48.00 | 2980182 | - | -
06:15:50.326125 | 10124 | FREE  |      4.00 |                44.00 | 4060631 | - | -
06:15:50.326128 | 10124 | FREE  |      4.00 |                40.00 | 4060630 | - | -
06:15:50.326016 | 10100 | ALLOC |      8.00 |                48.00 | 3906034 | - | -
06:15:50.326033 | 10100 | ALLOC |      4.00 |                52.00 | 3769025 | - | -
06:15:50.326039 | 10100 | ALLOC |      4.00 |                56.00 | 3553046 | - | -
06:15:50.326122 | 10100 | FREE  |      8.00 |                48.00 | 4210826 | - | -
06:15:50.326125 | 10100 | FREE  |      4.00 |                44.00 | 4230308 | - | -
06:15:50.326127 | 10100 | FREE  |      4.00 |                40.00 | 4230309 | - | -
06:15:50.326329 | 10129 | ALLOC |      8.00 |                48.00 | 4218176 | - | -
06:15:50.326348 | 10129 | ALLOC |      4.00 |                52.00 | 3035434 | - | -
06:15:50.326356 | 10129 | ALLOC |      4.00 |                56.00 | 4238585 | - | -
06:15:50.326457 | 10129 | FREE  |      8.00 |                48.00 | 4210764 | - | -
06:15:50.326462 | 10129 | FREE  |      4.00 |                44.00 | 4250671 | - | -
06:15:50.326465 | 10129 | FREE  |      4.00 |                40.00 | 4233984 | - | -
06:15:50.326079 | 10128 | ALLOC |      8.00 |                48.00 | 3929222 | - | -
06:15:50.326095 | 10128 | ALLOC |      4.00 |                52.00 | 4073968 | - | -
06:15:50.326101 | 10128 | ALLOC |      4.00 |                56.00 | 4222612 | - | -
06:15:50.326166 | 10128 | FREE  |      8.00 |                48.00 | 4210950 | - | -
06:15:50.326170 | 10128 | FREE  |      4.00 |                44.00 | 1849020 | - | -
06:15:50.326172 | 10128 | FREE  |      4.00 |                40.00 | 2874688 | - | -
